sample_id,target_mode,severity,reference,grade,raw_grade,uav_grade,score,rho,dominant_mode,physical_gate,uav_gate,seepage_i,body_i,contact_i,fos_back,input_indicator_json
0+051,safe_reference,moderate,B,A,A,A,90.0814,0.099186,渗流破坏,,no leakage evidence,0.1619,0.08,0.09,1.5105,"{""A4"":60,""A6"":60,""A8"":100,""A9"":100,""B2"":100,""B3"":100,""B4"":100,""C2"":100,""C6"":100,""D4"":100,""D5"":40,""E1"":100,""E2"":100,""E3"":100,""E4"":100,""E5"":100}"
0+052,safe_reference,moderate,B,A,A,A,90.0896,0.099104,渗流破坏,,no leakage evidence,0.1614,0.08,0.09,1.5145,"{""A4"":60,""A6"":60,""A8"":100,""A9"":100,""B2"":100,""B3"":100,""B4"":100,""C2"":100,""C6"":100,""D4"":100,""D5"":40,""E1"":100,""E2"":100,""E3"":100,""E4"":100,""E5"":100}"
0+053,safe_reference,moderate,B,A,A,A,90.0063,0.099937,渗流破坏,,no leakage evidence,0.1665,0.08,0.09,1.4971,"{""A4"":60,""A6"":60,""A8"":100,""A9"":100,""B2"":100,""B3"":100,""B4"":100,""C2"":100,""C6"":100,""D4"":100,""D5"":40,""E1"":100,""E2"":100,""E3"":100,""E4"":100,""E5"":100}"
0+054,safe_reference,moderate,B,A,A,A,89.972,0.10028,渗流破坏,,no leakage evidence,0.1686,0.08,0.09,1.4949,"{""A4"":60,""A6"":60,""A8"":100,""A9"":100,""B2"":100,""B3"":100,""B4"":100,""C2"":100,""C6"":100,""D4"":100,""D5"":40,""E1"":100,""E2"":100,""E3"":100,""E4"":100,""E5"":100}"
0+055,safe_reference,moderate,B,A,A,A,90.0193,0.099807,渗流破坏,,no leakage evidence,0.1657,0.08,0.09,1.4925,"{""A4"":60,""A6"":60,""A8"":100,""A9"":100,""B2"":100,""B3"":100,""B4"":100,""C2"":100,""C6"":100,""D4"":100,""D5"":40,""E1"":100,""E2"":100,""E3"":100,""E4"":100,""E5"":100}"
0+056,safe_reference,moderate,B,A,A,A,89.9425,0.100575,渗流破坏,,no leakage evidence,0.1704,0.08,0.09,1.5039,"{""A4"":60,""A6"":60,""A8"":100,""A9"":100,""B2"":100,""B3"":100,""B4"":100,""C2"":100,""C6"":100,""D4"":100,""D5"":40,""E1"":100,""E2"":100,""E3"":100,""E4"":100,""E5"":100}"
0+057,safe_reference,moderate,B,A,A,A,89.9099,0.100901,渗流破坏,,no leakage evidence,0.1724,0.08,0.09,1.5081,"{""A4"":60,""A6"":60,""A8"":100,""A9"":100,""B2"":100,""B3"":100,""B4"":100,""C2"":100,""C6"":100,""D4"":100,""D5"":40,""E1"":100,""E2"":100,""E3"":100,""E4"":100,""E5"":100}"
0+058,safe_reference,moderate,B,A,A,A,89.8821,0.101179,渗流破坏,,no leakage evidence,0.1741,0.08,0.09,1.4862,"{""A4"":60,""A6"":60,""A8"":100,""A9"":100,""B2"":100,""B3"":100,""B4"":100,""C2"":100,""C6"":100,""D4"":100,""D5"":40,""E1"":100,""E2"":100,""E3"":100,""E4"":100,""E5"":100}"
0+059,safe_reference,moderate,B,A,A,A,89.9164,0.100836,渗流破坏,,no leakage evidence,0.172,0.08,0.09,1.4999,"{""A4"":60,""A6"":60,""A8"":100,""A9"":100,""B2"":100,""B3"":100,""B4"":100,""C2"":100,""C6"":100,""D4"":100,""D5"":40,""E1"":100,""E2"":100,""E3"":100,""E4"":100,""E5"":100}"
0+060,safe_reference,moderate,B,A,A,A,90.0618,0.099382,渗流破坏,,no leakage evidence,0.1631,0.08,0.09,1.4935,"{""A4"":60,""A6"":60,""A8"":100,""A9"":100,""B2"":100,""B3"":100,""B4"":100,""C2"":100,""C6"":100,""D4"":100,""D5"":40,""E1"":100,""E2"":100,""E3"":100,""E4"":100,""E5"":100}"
0+061,safe_reference,moderate,B,A,A,A,90.0536,0.099464,渗流破坏,,no leakage evidence,0.1636,0.08,0.09,1.518,"{""A4"":60,""A6"":60,""A8"":100,""A9"":100,""B2"":100,""B3"":100,""B4"":100,""C2"":100,""C6"":100,""D4"":100,""D5"":40,""E1"":100,""E2"":100,""E3"":100,""E4"":100,""E5"":100}"
0+062,safe_reference,moderate,B,A,A,A,89.9834,0.100166,渗流破坏,,no leakage evidence,0.1679,0.08,0.09,1.4827,"{""A4"":60,""A6"":60,""A8"":100,""A9"":100,""B2"":100,""B3"":100,""B4"":100,""C2"":100,""C6"":100,""D4"":100,""D5"":40,""E1"":100,""E2"":100,""E3"":100,""E4"":100,""E5"":100}"
0+063,safe_reference,moderate,B,A,A,A,89.9409,0.100591,渗流破坏,,no leakage evidence,0.1705,0.08,0.09,1.5196,"{""A4"":60,""A6"":60,""A8"":100,""A9"":100,""B2"":100,""B3"":100,""B4"":100,""C2"":100,""C6"":100,""D4"":100,""D5"":40,""E1"":100,""E2"":100,""E3"":100,""E4"":100,""E5"":100}"
0+064,safe_reference,moderate,B,A,A,A,90.0863,0.099137,渗流破坏,,no leakage evidence,0.1616,0.08,0.09,1.4843,"{""A4"":60,""A6"":60,""A8"":100,""A9"":100,""B2"":100,""B3"":100,""B4"":100,""C2"":100,""C6"":100,""D4"":100,""D5"":40,""E1"":100,""E2"":100,""E3"":100,""E4"":100,""E5"":100}"
0+065,safe_reference,moderate,B,A,A,A,89.8347,0.101653,渗流破坏,,no leakage evidence,0.177,0.08,0.09,1.5153,"{""A4"":60,""A6"":60,""A8"":100,""A9"":100,""B2"":100,""B3"":100,""B4"":100,""C2"":100,""C6"":100,""D4"":100,""D5"":40,""E1"":100,""E2"":100,""E3"":100,""E4"":100,""E5"":100}"
0+066,safe_reference,moderate,B,A,A,A,89.9589,0.100411,渗流破坏,,no leakage evidence,0.1694,0.08,0.09,1.4867,"{""A4"":60,""A6"":60,""A8"":100,""A9"":100,""B2"":100,""B3"":100,""B4"":100,""C2"":100,""C6"":100,""D4"":100,""D5"":40,""E1"":100,""E2"":100,""E3"":100,""E4"":100,""E5"":100}"
0+067,safe_reference,moderate,B,A,A,A,89.82,0.1018,渗流破坏,,no leakage evidence,0.1779,0.08,0.09,1.4883,"{""A4"":60,""A6"":60,""A8"":100,""A9"":100,""B2"":100,""B3"":100,""B4"":100,""C2"":100,""C6"":100,""D4"":100,""D5"":40,""E1"":100,""E2"":100,""E3"":100,""E4"":100,""E5"":100}"
0+068,safe_reference,moderate,B,A,A,A,89.8821,0.101179,渗流破坏,,no leakage evidence,0.1741,0.08,0.09,1.5176,"{""A4"":60,""A6"":60,""A8"":100,""A9"":100,""B2"":100,""B3"":100,""B4"":100,""C2"":100,""C6"":100,""D4"":100,""D5"":40,""E1"":100,""E2"":100,""E3"":100,""E4"":100,""E5"":100}"
0+069,safe_reference,moderate,B,A,A,A,89.8069,0.101931,渗流破坏,,no leakage evidence,0.1787,0.08,0.09,1.5171,"{""A4"":60,""A6"":60,""A8"":100,""A9"":100,""B2"":100,""B3"":100,""B4"":100,""C2"":100,""C6"":100,""D4"":100,""D5"":40,""E1"":100,""E2"":100,""E3"":100,""E4"":100,""E5"":100}"
0+070,safe_reference,moderate,B,A,A,A,89.9818,0.100182,渗流破坏,,no leakage evidence,0.168,0.08,0.09,1.4985,"{""A4"":60,""A6"":60,""A8"":100,""A9"":100,""B2"":100,""B3"":100,""B4"":100,""C2"":100,""C6"":100,""D4"":100,""D5"":40,""E1"":100,""E2"":100,""E3"":100,""E4"":100,""E5"":100}"
0+071,safe_reference,moderate,B,A,A,A,89.9671,0.100329,渗流破坏,,no leakage evidence,0.1689,0.08,0.09,1.4965,"{""A4"":60,""A6"":60,""A8"":100,""A9"":100,""B2"":100,""B3"":100,""B4"":100,""C2"":100,""C6"":100,""D4"":100,""D5"":40,""E1"":100,""E2"":100,""E3"":100,""E4"":100,""E5"":100}"
0+072,safe_reference,moderate,B,A,A,A,89.7873,0.102127,渗流破坏,,no leakage evidence,0.1799,0.08,0.09,1.5051,"{""A4"":60,""A6"":60,""A8"":100,""A9"":100,""B2"":100,""B3"":100,""B4"":100,""C2"":100,""C6"":100,""D4"":100,""D5"":40,""E1"":100,""E2"":100,""E3"":100,""E4"":100,""E5"":100}"
0+073,safe_reference,moderate,B,A,A,A,90.1027,0.098973,渗流破坏,,no leakage evidence,0.1606,0.08,0.09,1.5191,"{""A4"":60,""A6"":60,""A8"":100,""A9"":100,""B2"":100,""B3"":100,""B4"":100,""C2"":100,""C6"":100,""D4"":100,""D5"":40,""E1"":100,""E2"":100,""E3"":100,""E4"":100,""E5"":100}"
0+074,safe_reference,moderate,B,A,A,A,90.0324,0.099676,渗流破坏,,no leakage evidence,0.1649,0.08,0.09,1.4933,"{""A4"":60,""A6"":60,""A8"":100,""A9"":100,""B2"":100,""B3"":100,""B4"":100,""C2"":100,""C6"":100,""D4"":100,""D5"":40,""E1"":100,""E2"":100,""E3"":100,""E4"":100,""E5"":100}"
0+075,safe_reference,moderate,B,A,A,A,89.802,0.10198,渗流破坏,,no leakage evidence,0.179,0.08,0.09,1.4999,"{""A4"":60,""A6"":60,""A8"":100,""A9"":100,""B2"":100,""B3"":100,""B4"":100,""C2"":100,""C6"":100,""D4"":100,""D5"":40,""E1"":100,""E2"":100,""E3"":100,""E4"":100,""E5"":100}"
0+076,safe_reference,severe,C,B,A,A,80.1072,0.198928,边坡失稳,A5软基沉降超限: 15.9cm/6.4cm,no leakage evidence,0.1926,0.08,0.09,1.4567,"{""A4"":40,""A6"":0,""A8"":100,""A9"":100,""B2"":100,""B3"":100,""B4"":100,""C2"":100,""C6"":100,""D4"":100,""D5"":0,""E1"":100,""E2"":100,""E3"":100,""E4"":100,""E5"":100}"
0+077,safe_reference,severe,C,B,A,A,80.0871,0.199129,边坡失稳,A5软基沉降超限: 15.7cm/6.6cm,no leakage evidence,0.1963,0.08,0.09,1.4744,"{""A4"":40,""A6"":0,""A8"":100,""A9"":100,""B2"":100,""B3"":100,""B4"":100,""C2"":100,""C6"":100,""D4"":100,""D5"":0,""E1"":100,""E2"":100,""E3"":100,""E4"":100,""E5"":100}"
0+078,safe_reference,severe,C,B,A,A,80.0877,0.199123,边坡失稳,A5软基沉降超限: 15.5cm/6.7cm,no leakage evidence,0.1962,0.08,0.09,1.4769,"{""A4"":40,""A6"":0,""A8"":100,""A9"":100,""B2"":100,""B3"":100,""B4"":100,""C2"":100,""C6"":100,""D4"":100,""D5"":0,""E1"":100,""E2"":100,""E3"":100,""E4"":100,""E5"":100}"
0+079,safe_reference,severe,C,B,A,A,80.1361,0.198639,边坡失稳,A5软基沉降超限: 17.8cm/6.0cm,no leakage evidence,0.1873,0.08,0.09,1.4599,"{""A4"":40,""A6"":0,""A8"":100,""A9"":100,""B2"":100,""B3"":100,""B4"":100,""C2"":100,""C6"":100,""D4"":100,""D5"":0,""E1"":100,""E2"":100,""E3"":100,""E4"":100,""E5"":100}"
0+080,safe_reference,severe,C,B,A,A,80.1192,0.198808,边坡失稳,A5软基沉降超限: 16.7cm/6.5cm,no leakage evidence,0.1904,0.08,0.09,1.4478,"{""A4"":40,""A6"":0,""A8"":100,""A9"":100,""B2"":100,""B3"":100,""B4"":100,""C2"":100,""C6"":100,""D4"":100,""D5"":0,""E1"":100,""E2"":100,""E3"":100,""E4"":100,""E5"":100}"
0+081,safe_reference,severe,C,B,A,A,80.1263,0.198737,边坡失稳,A5软基沉降超限: 18.5cm/6.5cm,no leakage evidence,0.1891,0.08,0.09,1.4508,"{""A4"":40,""A6"":0,""A8"":100,""A9"":100,""B2"":100,""B3"":100,""B4"":100,""C2"":100,""C6"":100,""D4"":100,""D5"":0,""E1"":100,""E2"":100,""E3"":100,""E4"":100,""E5"":100}"
0+082,safe_reference,severe,C,B,A,A,80.0697,0.199303,边坡失稳,A5软基沉降超限: 18.3cm/6.2cm,no leakage evidence,0.1995,0.08,0.09,1.4762,"{""A4"":40,""A6"":0,""A8"":100,""A9"":100,""B2"":100,""B3"":100,""B4"":100,""C2"":100,""C6"":100,""D4"":100,""D5"":0,""E1"":100,""E2"":100,""E3"":100,""E4"":100,""E5"":100}"
0+083,safe_reference,severe,C,B,A,A,80.1279,0.198721,边坡失稳,A5软基沉降超限: 18.2cm/5.6cm,no leakage evidence,0.1888,0.08,0.09,1.4734,"{""A4"":40,""A6"":0,""A8"":100,""A9"":100,""B2"":100,""B3"":100,""B4"":100,""C2"":100,""C6"":100,""D4"":100,""D5"":0,""E1"":100,""E2"":100,""E3"":100,""E4"":100,""E5"":100}"
0+084,safe_reference,severe,C,B,A,A,80.0985,0.199015,边坡失稳,A5软基沉降超限: 18.3cm/5.9cm,no leakage evidence,0.1942,0.08,0.09,1.4552,"{""A4"":40,""A6"":0,""A8"":100,""A9"":100,""B2"":100,""B3"":100,""B4"":100,""C2"":100,""C6"":100,""D4"":100,""D5"":0,""E1"":100,""E2"":100,""E3"":100,""E4"":100,""E5"":100}"
0+085,safe_reference,severe,C,B,A,A,80.1002,0.198998,边坡失稳,A5软基沉降超限: 17.3cm/6.2cm,no leakage evidence,0.1939,0.08,0.09,1.4709,"{""A4"":40,""A6"":0,""A8"":100,""A9"":100,""B2"":100,""B3"":100,""B4"":100,""C2"":100,""C6"":100,""D4"":100,""D5"":0,""E1"":100,""E2"":100,""E3"":100,""E4"":100,""E5"":100}"
0+086,safe_reference,severe,C,B,A,A,80.1301,0.198699,边坡失稳,A5软基沉降超限: 15.2cm/6.5cm,no leakage evidence,0.1884,0.08,0.09,1.4571,"{""A4"":40,""A6"":0,""A8"":100,""A9"":100,""B2"":100,""B3"":100,""B4"":100,""C2"":100,""C6"":100,""D4"":100,""D5"":0,""E1"":100,""E2"":100,""E3"":100,""E4"":100,""E5"":100}"
0+087,safe_reference,severe,C,B,A,A,80.1459,0.198541,边坡失稳,A5软基沉降超限: 15.9cm/6.1cm,no leakage evidence,0.1855,0.08,0.09,1.4686,"{""A4"":40,""A6"":0,""A8"":100,""A9"":100,""B2"":100,""B3"":100,""B4"":100,""C2"":100,""C6"":100,""D4"":100,""D5"":0,""E1"":100,""E2"":100,""E3"":100,""E4"":100,""E5"":100}"
0+088,safe_reference,severe,C,B,A,A,80.0741,0.199259,边坡失稳,A5软基沉降超限: 18.8cm/5.6cm,no leakage evidence,0.1987,0.08,0.09,1.4677,"{""A4"":40,""A6"":0,""A8"":100,""A9"":100,""B2"":100,""B3"":100,""B4"":100,""C2"":100,""C6"":100,""D4"":100,""D5"":0,""E1"":100,""E2"":100,""E3"":100,""E4"":100,""E5"":100}"
0+089,safe_reference,severe,C,B,A,A,80.1655,0.198345,边坡失稳,A5软基沉降超限: 15.0cm/5.6cm,no leakage evidence,0.1819,0.08,0.09,1.4785,"{""A4"":40,""A6"":0,""A8"":100,""A9"":100,""B2"":100,""B3"":100,""B4"":100,""C2"":100,""C6"":100,""D4"":100,""D5"":0,""E1"":100,""E2"":100,""E3"":100,""E4"":100,""E5"":100}"
0+090,safe_reference,severe,C,B,A,A,80.1317,0.198683,边坡失稳,A5软基沉降超限: 18.6cm/6.0cm,no leakage evidence,0.1881,0.08,0.09,1.4796,"{""A4"":40,""A6"":0,""A8"":100,""A9"":100,""B2"":100,""B3"":100,""B4"":100,""C2"":100,""C6"":100,""D4"":100,""D5"":0,""E1"":100,""E2"":100,""E3"":100,""E4"":100,""E5"":100}"
0+091,safe_reference,severe,C,B,A,A,80.0806,0.199194,边坡失稳,A5软基沉降超限: 17.9cm/5.9cm,no leakage evidence,0.1975,0.08,0.09,1.4464,"{""A4"":40,""A6"":0,""A8"":100,""A9"":100,""B2"":100,""B3"":100,""B4"":100,""C2"":100,""C6"":100,""D4"":100,""D5"":0,""E1"":100,""E2"":100,""E3"":100,""E4"":100,""E5"":100}"
0+092,safe_reference,severe,C,B,A,A,80.0811,0.199189,边坡失稳,A5软基沉降超限: 16.0cm/5.7cm,no leakage evidence,0.1974,0.08,0.09,1.4603,"{""A4"":40,""A6"":0,""A8"":100,""A9"":100,""B2"":100,""B3"":100,""B4"":100,""C2"":100,""C6"":100,""D4"":100,""D5"":0,""E1"":100,""E2"":100,""E3"":100,""E4"":100,""E5"":100}"
0+093,safe_reference,severe,C,B,A,A,80.1187,0.198813,边坡失稳,A5软基沉降超限: 17.1cm/5.6cm,no leakage evidence,0.1905,0.08,0.09,1.4432,"{""A4"":40,""A6"":0,""A8"":100,""A9"":100,""B2"":100,""B3"":100,""B4"":100,""C2"":100,""C6"":100,""D4"":100,""D5"":0,""E1"":100,""E2"":100,""E3"":100,""E4"":100,""E5"":100}"
0+094,safe_reference,severe,C,B,A,A,80.0762,0.199238,边坡失稳,A5软基沉降超限: 17.4cm/6.3cm,no leakage evidence,0.1983,0.08,0.09,1.4672,"{""A4"":40,""A6"":0,""A8"":100,""A9"":100,""B2"":100,""B3"":100,""B4"":100,""C2"":100,""C6"":100,""D4"":100,""D5"":0,""E1"":100,""E2"":100,""E3"":100,""E4"":100,""E5"":100}"
0+095,safe_reference,severe,C,B,A,A,80.1421,0.198579,边坡失稳,A5软基沉降超限: 15.6cm/6.8cm,no leakage evidence,0.1862,0.08,0.09,1.4406,"{""A4"":40,""A6"":0,""A8"":100,""A9"":100,""B2"":100,""B3"":100,""B4"":100,""C2"":100,""C6"":100,""D4"":100,""D5"":0,""E1"":100,""E2"":100,""E3"":100,""E4"":100,""E5"":100}"
0+096,safe_reference,severe,C,B,A,A,80.1002,0.198998,边坡失稳,A5软基沉降超限: 15.9cm/6.4cm,no leakage evidence,0.1939,0.08,0.09,1.455,"{""A4"":40,""A6"":0,""A8"":100,""A9"":100,""B2"":100,""B3"":100,""B4"":100,""C2"":100,""C6"":100,""D4"":100,""D5"":0,""E1"":100,""E2"":100,""E3"":100,""E4"":100,""E5"":100}"
0+097,safe_reference,severe,C,B,A,A,80.0784,0.199216,边坡失稳,A5软基沉降超限: 18.3cm/6.3cm,no leakage evidence,0.1979,0.08,0.09,1.4632,"{""A4"":40,""A6"":0,""A8"":100,""A9"":100,""B2"":100,""B3"":100,""B4"":100,""C2"":100,""C6"":100,""D4"":100,""D5"":0,""E1"":100,""E2"":100,""E3"":100,""E4"":100,""E5"":100}"
0+098,safe_reference,severe,C,B,A,A,80.1437,0.198563,边坡失稳,A5软基沉降超限: 15.1cm/5.1cm,no leakage evidence,0.1859,0.08,0.09,1.4485,"{""A4"":40,""A6"":0,""A8"":100,""A9"":100,""B2"":100,""B3"":100,""B4"":100,""C2"":100,""C6"":100,""D4"":100,""D5"":0,""E1"":100,""E2"":100,""E3"":100,""E4"":100,""E5"":100}"
0+099,safe_reference,severe,C,B,A,A,80.1062,0.198938,边坡失稳,A5软基沉降超限: 17.3cm/5.7cm,no leakage evidence,0.1928,0.08,0.09,1.4701,"{""A4"":40,""A6"":0,""A8"":100,""A9"":100,""B2"":100,""B3"":100,""B4"":100,""C2"":100,""C6"":100,""D4"":100,""D5"":0,""E1"":100,""E2"":100,""E3"":100,""E4"":100,""E5"":100}"
0+100,safe_reference,severe,C,B,A,A,80.16,0.1984,边坡失稳,A5软基沉降超限: 17.1cm/5.2cm,no leakage evidence,0.1829,0.08,0.09,1.475,"{""A4"":40,""A6"":0,""A8"":100,""A9"":100,""B2"":100,""B3"":100,""B4"":100,""C2"":100,""C6"":100,""D4"":100,""D5"":0,""E1"":100,""E2"":100,""E3"":100,""E4"":100,""E5"":100}"
0+201,overtopping,severe,C,B,B,B,64.5817,0.354183,漫顶失效,B1堤顶高程不足: 超高亏欠0.92m;A5软基沉降超限: 15.1cm/5.4cm,no leakage evidence,0.1,0.08,0.09,1.62,"{""A4"":100,""A6"":100,""A8"":100,""A9"":100,""B2"":100,""B3"":0,""B4"":100,""C2"":100,""C6"":100,""D4"":100,""D5"":100,""E1"":100,""E2"":100,""E3"":100,""E4"":100,""E5"":100}"
0+202,overtopping,severe,C,B,B,B,64.9709,0.350291,漫顶失效,B1堤顶高程不足: 超高亏欠0.89m;A5软基沉降超限: 17.4cm/6.3cm,no leakage evidence,0.1,0.08,0.09,1.62,"{""A4"":100,""A6"":100,""A8"":100,""A9"":100,""B2"":100,""B3"":0,""B4"":100,""C2"":100,""C6"":100,""D4"":100,""D5"":100,""E1"":100,""E2"":100,""E3"":100,""E4"":100,""E5"":100}"
0+203,overtopping,severe,C,B,B,B,64.3204,0.356796,漫顶失效,B1堤顶高程不足: 超高亏欠0.94m;A5软基沉降超限: 18.0cm/6.3cm,no leakage evidence,0.1,0.08,0.09,1.62,"{""A4"":100,""A6"":100,""A8"":100,""A9"":100,""B2"":100,""B3"":0,""B4"":100,""C2"":100,""C6"":100,""D4"":100,""D5"":100,""E1"":100,""E2"":100,""E3"":100,""E4"":100,""E5"":100}"
0+204,overtopping,severe,C,B,B,B,64.4657,0.355343,漫顶失效,B1堤顶高程不足: 超高亏欠0.93m;A5软基沉降超限: 18.1cm/6.9cm,no leakage evidence,0.1,0.08,0.09,1.62,"{""A4"":100,""A6"":100,""A8"":100,""A9"":100,""B2"":100,""B3"":0,""B4"":100,""C2"":100,""C6"":100,""D4"":100,""D5"":100,""E1"":100,""E2"":100,""E3"":100,""E4"":100,""E5"":100}"
0+205,overtopping,severe,C,B,B,B,65.1628,0.348372,漫顶失效,B1堤顶高程不足: 超高亏欠0.88m;A5软基沉降超限: 17.0cm/6.3cm,no leakage evidence,0.1,0.08,0.09,1.62,"{""A4"":100,""A6"":100,""A8"":100,""A9"":100,""B2"":100,""B3"":0,""B4"":100,""C2"":100,""C6"":100,""D4"":100,""D5"":100,""E1"":100,""E2"":100,""E3"":100,""E4"":100,""E5"":100}"
0+206,overtopping,severe,C,B,B,B,64.4004,0.355996,漫顶失效,B1堤顶高程不足: 超高亏欠0.94m;A5软基沉降超限: 15.1cm/6.2cm,no leakage evidence,0.1,0.08,0.09,1.62,"{""A4"":100,""A6"":100,""A8"":100,""A9"":100,""B2"":100,""B3"":0,""B4"":100,""C2"":100,""C6"":100,""D4"":100,""D5"":100,""E1"":100,""E2"":100,""E3"":100,""E4"":100,""E5"":100}"
0+207,overtopping,severe,C,B,B,B,65.4481,0.345519,漫顶失效,B1堤顶高程不足: 超高亏欠0.86m;A5软基沉降超限: 15.6cm/5.5cm,no leakage evidence,0.1,0.08,0.09,1.62,"{""A4"":100,""A6"":100,""A8"":100,""A9"":100,""B2"":100,""B3"":0,""B4"":100,""C2"":100,""C6"":100,""D4"":100,""D5"":100,""E1"":100,""E2"":100,""E3"":100,""E4"":100,""E5"":100}"
0+208,overtopping,severe,C,B,B,B,64.587,0.35413,漫顶失效,B1堤顶高程不足: 超高亏欠0.92m;A5软基沉降超限: 18.9cm/5.8cm,no leakage evidence,0.1,0.08,0.09,1.62,"{""A4"":100,""A6"":100,""A8"":100,""A9"":100,""B2"":100,""B3"":0,""B4"":100,""C2"":100,""C6"":100,""D4"":100,""D5"":100,""E1"":100,""E2"":100,""E3"":100,""E4"":100,""E5"":100}"
0+209,overtopping,severe,C,B,B,B,64.531,0.35469,漫顶失效,B1堤顶高程不足: 超高亏欠0.93m;A5软基沉降超限: 16.7cm/5.7cm,no leakage evidence,0.1,0.08,0.09,1.62,"{""A4"":100,""A6"":100,""A8"":100,""A9"":100,""B2"":100,""B3"":0,""B4"":100,""C2"":100,""C6"":100,""D4"":100,""D5"":100,""E1"":100,""E2"":100,""E3"":100,""E4"":100,""E5"":100}"
0+210,overtopping,severe,C,B,B,B,64.1285,0.358715,漫顶失效,B1堤顶高程不足: 超高亏欠0.96m;A5软基沉降超限: 15.7cm/5.1cm,no leakage evidence,0.1,0.08,0.09,1.62,"{""A4"":100,""A6"":100,""A8"":100,""A9"":100,""B2"":100,""B3"":0,""B4"":100,""C2"":100,""C6"":100,""D4"":100,""D5"":100,""E1"":100,""E2"":100,""E3"":100,""E4"":100,""E5"":100}"
0+211,overtopping,severe,C,B,B,B,64.7336,0.352664,漫顶失效,B1堤顶高程不足: 超高亏欠0.91m;A5软基沉降超限: 15.7cm/6.8cm,no leakage evidence,0.1,0.08,0.09,1.62,"{""A4"":100,""A6"":100,""A8"":100,""A9"":100,""B2"":100,""B3"":0,""B4"":100,""C2"":100,""C6"":100,""D4"":100,""D5"":100,""E1"":100,""E2"":100,""E3"":100,""E4"":100,""E5"":100}"
0+212,overtopping,severe,C,B,B,B,65.9319,0.340681,漫顶失效,B1堤顶高程不足: 超高亏欠0.82m;A5软基沉降超限: 17.0cm/5.8cm,no leakage evidence,0.1,0.08,0.09,1.62,"{""A4"":100,""A6"":100,""A8"":100,""A9"":100,""B2"":100,""B3"":0,""B4"":100,""C2"":100,""C6"":100,""D4"":100,""D5"":100,""E1"":100,""E2"":100,""E3"":100,""E4"":100,""E5"":100}"
0+213,overtopping,severe,C,B,B,B,65.8919,0.341081,漫顶失效,B1堤顶高程不足: 超高亏欠0.83m;A5软基沉降超限: 17.3cm/6.5cm,no leakage evidence,0.1,0.08,0.09,1.62,"{""A4"":100,""A6"":100,""A8"":100,""A9"":100,""B2"":100,""B3"":0,""B4"":100,""C2"":100,""C6"":100,""D4"":100,""D5"":100,""E1"":100,""E2"":100,""E3"":100,""E4"":100,""E5"":100}"
0+214,overtopping,severe,C,B,B,B,65.76,0.3424,漫顶失效,B1堤顶高程不足: 超高亏欠0.84m;A5软基沉降超限: 17.6cm/5.5cm,no leakage evidence,0.1,0.08,0.09,1.62,"{""A4"":100,""A6"":100,""A8"":100,""A9"":100,""B2"":100,""B3"":0,""B4"":100,""C2"":100,""C6"":100,""D4"":100,""D5"":100,""E1"":100,""E2"":100,""E3"":100,""E4"":100,""E5"":100}"
0+215,overtopping,severe,C,B,B,B,65.4467,0.345533,漫顶失效,B1堤顶高程不足: 超高亏欠0.86m;A5软基沉降超限: 16.0cm/5.9cm,no leakage evidence,0.1,0.08,0.09,1.62,"{""A4"":100,""A6"":100,""A8"":100,""A9"":100,""B2"":100,""B3"":0,""B4"":100,""C2"":100,""C6"":100,""D4"":100,""D5"":100,""E1"":100,""E2"":100,""E3"":100,""E4"":100,""E5"":100}"
0+216,overtopping,severe,C,B,B,B,65.3521,0.346479,漫顶失效,B1堤顶高程不足: 超高亏欠0.87m;A5软基沉降超限: 15.2cm/5.2cm,no leakage evidence,0.1,0.08,0.09,1.62,"{""A4"":100,""A6"":100,""A8"":100,""A9"":100,""B2"":100,""B3"":0,""B4"":100,""C2"":100,""C6"":100,""D4"":100,""D5"":100,""E1"":100,""E2"":100,""E3"":100,""E4"":100,""E5"":100}"
0+217,overtopping,severe,C,B,B,B,65.8319,0.341681,漫顶失效,B1堤顶高程不足: 超高亏欠0.83m;A5软基沉降超限: 15.8cm/6.5cm,no leakage evidence,0.1,0.08,0.09,1.62,"{""A4"":100,""A6"":100,""A8"":100,""A9"":100,""B2"":100,""B3"":0,""B4"":100,""C2"":100,""C6"":100,""D4"":100,""D5"":100,""E1"":100,""E2"":100,""E3"":100,""E4"":100,""E5"":100}"
0+218,overtopping,severe,C,B,B,B,64.3178,0.356822,漫顶失效,B1堤顶高程不足: 超高亏欠0.94m;A5软基沉降超限: 15.8cm/5.5cm,no leakage evidence,0.1,0.08,0.09,1.62,"{""A4"":100,""A6"":100,""A8"":100,""A9"":100,""B2"":100,""B3"":0,""B4"":100,""C2"":100,""C6"":100,""D4"":100,""D5"":100,""E1"":100,""E2"":100,""E3"":100,""E4"":100,""E5"":100}"
0+219,overtopping,severe,C,B,B,B,64.683,0.35317,漫顶失效,B1堤顶高程不足: 超高亏欠0.92m;A5软基沉降超限: 16.3cm/5.4cm,no leakage evidence,0.1,0.08,0.09,1.62,"{""A4"":100,""A6"":100,""A8"":100,""A9"":100,""B2"":100,""B3"":0,""B4"":100,""C2"":100,""C6"":100,""D4"":100,""D5"":100,""E1"":100,""E2"":100,""E3"":100,""E4"":100,""E5"":100}"
0+220,overtopping,severe,C,B,B,B,64.1285,0.358715,漫顶失效,B1堤顶高程不足: 超高亏欠0.96m;A5软基沉降超限: 19.0cm/5.2cm,no leakage evidence,0.1,0.08,0.09,1.62,"{""A4"":100,""A6"":100,""A8"":100,""A9"":100,""B2"":100,""B3"":0,""B4"":100,""C2"":100,""C6"":100,""D4"":100,""D5"":100,""E1"":100,""E2"":100,""E3"":100,""E4"":100,""E5"":100}"
0+221,overtopping,severe,C,B,B,B,65.3508,0.346492,漫顶失效,B1堤顶高程不足: 超高亏欠0.87m;A5软基沉降超限: 15.6cm/5.3cm,no leakage evidence,0.1,0.08,0.09,1.62,"{""A4"":100,""A6"":100,""A8"":100,""A9"":100,""B2"":100,""B3"":0,""B4"":100,""C2"":100,""C6"":100,""D4"":100,""D5"":100,""E1"":100,""E2"":100,""E3"":100,""E4"":100,""E5"":100}"
0+222,overtopping,severe,C,B,B,B,64.539,0.35461,漫顶失效,B1堤顶高程不足: 超高亏欠0.93m;A5软基沉降超限: 16.1cm/5.7cm,no leakage evidence,0.1,0.08,0.09,1.62,"{""A4"":100,""A6"":100,""A8"":100,""A9"":100,""B2"":100,""B3"":0,""B4"":100,""C2"":100,""C6"":100,""D4"":100,""D5"":100,""E1"":100,""E2"":100,""E3"":100,""E4"":100,""E5"":100}"
0+223,overtopping,severe,C,B,B,B,65.4481,0.345519,漫顶失效,B1堤顶高程不足: 超高亏欠0.86m;A5软基沉降超限: 17.3cm/5.7cm,no leakage evidence,0.1,0.08,0.09,1.62,"{""A4"":100,""A6"":100,""A8"":100,""A9"":100,""B2"":100,""B3"":0,""B4"":100,""C2"":100,""C6"":100,""D4"":100,""D5"":100,""E1"":100,""E2"":100,""E3"":100,""E4"":100,""E5"":100}"
0+224,overtopping,severe,C,B,B,B,65.1535,0.348465,漫顶失效,B1堤顶高程不足: 超高亏欠0.88m;A5软基沉降超限: 15.9cm/5.4cm,no leakage evidence,0.1,0.08,0.09,1.62,"{""A4"":100,""A6"":100,""A8"":100,""A9"":100,""B2"":100,""B3"":0,""B4"":100,""C2"":100,""C6"":100,""D4"":100,""D5"":100,""E1"":100,""E2"":100,""E3"":100,""E4"":100,""E5"":100}"
0+225,overtopping,severe,C,B,B,B,64.5377,0.354623,漫顶失效,B1堤顶高程不足: 超高亏欠0.93m;A5软基沉降超限: 15.2cm/6.7cm,no leakage evidence,0.1,0.08,0.09,1.62,"{""A4"":100,""A6"":100,""A8"":100,""A9"":100,""B2"":100,""B3"":0,""B4"":100,""C2"":100,""C6"":100,""D4"":100,""D5"":100,""E1"":100,""E2"":100,""E3"":100,""E4"":100,""E5"":100}"
0+276,seepage,slight,A,B,B,B,75.8359,0.241641,渗流破坏,,ordinary single leakage evidence,0.5296,0.4654,0.5092,1.62,"{""A4"":100,""A6"":100,""A8"":100,""A9"":100,""B2"":100,""B3"":100,""B4"":100,""C2"":70,""C6"":100,""D4"":100,""D5"":100,""E1"":100,""E2"":100,""E3"":100,""E4"":100,""E5"":100}"
0+277,seepage,slight,A,B,B,B,75.7835,0.242165,渗流破坏,,ordinary single leakage evidence,0.5279,0.4625,0.5154,1.62,"{""A4"":100,""A6"":100,""A8"":100,""A9"":100,""B2"":100,""B3"":100,""B4"":100,""C2"":70,""C6"":100,""D4"":100,""D5"":100,""E1"":100,""E2"":100,""E3"":100,""E4"":100,""E5"":100}"
0+278,seepage,slight,A,B,B,B,75.6829,0.243171,渗流破坏,,ordinary single leakage evidence,0.5421,0.4495,0.5163,1.62,"{""A4"":100,""A6"":100,""A8"":100,""A9"":100,""B2"":100,""B3"":100,""B4"":100,""C2"":70,""C6"":100,""D4"":100,""D5"":100,""E1"":100,""E2"":100,""E3"":100,""E4"":100,""E5"":100}"
0+279,seepage,slight,A,B,B,B,76.1977,0.238023,渗流破坏,,ordinary single leakage evidence,0.5273,0.4606,0.4944,1.62,"{""A4"":100,""A6"":100,""A8"":100,""A9"":100,""B2"":100,""B3"":100,""B4"":100,""C2"":70,""C6"":100,""D4"":100,""D5"":100,""E1"":100,""E2"":100,""E3"":100,""E4"":100,""E5"":100}"
0+280,seepage,slight,A,B,B,B,75.8432,0.241568,渗流破坏,,ordinary single leakage evidence,0.5211,0.4683,0.5146,1.62,"{""A4"":100,""A6"":100,""A8"":100,""A9"":100,""B2"":100,""B3"":100,""B4"":100,""C2"":70,""C6"":100,""D4"":100,""D5"":100,""E1"":100,""E2"":100,""E3"":100,""E4"":100,""E5"":100}"
0+281,seepage,slight,A,B,B,B,75.914,0.24086,渗流破坏,,ordinary single leakage evidence,0.5481,0.4579,0.493,1.62,"{""A4"":100,""A6"":100,""A8"":100,""A9"":100,""B2"":100,""B3"":100,""B4"":100,""C2"":70,""C6"":100,""D4"":100,""D5"":100,""E1"":100,""E2"":100,""E3"":100,""E4"":100,""E5"":100}"
0+282,seepage,slight,A,B,B,B,76.0054,0.239946,渗流破坏,,ordinary single leakage evidence,0.5363,0.4394,0.5101,1.62,"{""A4"":100,""A6"":100,""A8"":100,""A9"":100,""B2"":100,""B3"":100,""B4"":100,""C2"":70,""C6"":100,""D4"":100,""D5"":100,""E1"":100,""E2"":100,""E3"":100,""E4"":100,""E5"":100}"
0+283,seepage,slight,A,B,B,B,76.0304,0.239696,渗流破坏,,ordinary single leakage evidence,0.5368,0.4631,0.4935,1.62,"{""A4"":100,""A6"":100,""A8"":100,""A9"":100,""B2"":100,""B3"":100,""B4"":100,""C2"":70,""C6"":100,""D4"":100,""D5"":100,""E1"":100,""E2"":100,""E3"":100,""E4"":100,""E5"":100}"
0+284,seepage,slight,A,B,B,B,75.7258,0.242742,渗流破坏,,ordinary single leakage evidence,0.5436,0.4569,0.508,1.62,"{""A4"":100,""A6"":100,""A8"":100,""A9"":100,""B2"":100,""B3"":100,""B4"":100,""C2"":70,""C6"":100,""D4"":100,""D5"":100,""E1"":100,""E2"":100,""E3"":100,""E4"":100,""E5"":100}"
0+285,seepage,slight,A,B,B,B,75.8036,0.241964,渗流破坏,,ordinary single leakage evidence,0.5254,0.4608,0.5176,1.62,"{""A4"":100,""A6"":100,""A8"":100,""A9"":100,""B2"":100,""B3"":100,""B4"":100,""C2"":70,""C6"":100,""D4"":100,""D5"":100,""E1"":100,""E2"":100,""E3"":100,""E4"":100,""E5"":100}"
0+286,seepage,slight,A,B,B,B,75.6948,0.243052,渗流破坏,,ordinary single leakage evidence,0.5319,0.4591,0.5188,1.62,"{""A4"":100,""A6"":100,""A8"":100,""A9"":100,""B2"":100,""B3"":100,""B4"":100,""C2"":70,""C6"":100,""D4"":100,""D5"":100,""E1"":100,""E2"":100,""E3"":100,""E4"":100,""E5"":100}"
0+287,seepage,slight,A,B,B,B,76.0721,0.239279,渗流破坏,,ordinary single leakage evidence,0.5294,0.4523,0.5046,1.62,"{""A4"":100,""A6"":100,""A8"":100,""A9"":100,""B2"":100,""B3"":100,""B4"":100,""C2"":70,""C6"":100,""D4"":100,""D5"":100,""E1"":100,""E2"":100,""E3"":100,""E4"":100,""E5"":100}"
0+288,seepage,slight,A,B,B,B,76.0359,0.239641,渗流破坏,,ordinary single leakage evidence,0.5245,0.4537,0.5101,1.62,"{""A4"":100,""A6"":100,""A8"":100,""A9"":100,""B2"":100,""B3"":100,""B4"":100,""C2"":70,""C6"":100,""D4"":100,""D5"":100,""E1"":100,""E2"":100,""E3"":100,""E4"":100,""E5"":100}"
0+289,seepage,slight,A,B,B,B,75.7431,0.242569,渗流破坏,,ordinary single leakage evidence,0.5391,0.4612,0.5084,1.62,"{""A4"":100,""A6"":100,""A8"":100,""A9"":100,""B2"":100,""B3"":100,""B4"":100,""C2"":70,""C6"":100,""D4"":100,""D5"":100,""E1"":100,""E2"":100,""E3"":100,""E4"":100,""E5"":100}"
0+290,seepage,slight,A,B,B,B,75.7094,0.242906,渗流破坏,,ordinary single leakage evidence,0.5433,0.4538,0.5111,1.62,"{""A4"":100,""A6"":100,""A8"":100,""A9"":100,""B2"":100,""B3"":100,""B4"":100,""C2"":70,""C6"":100,""D4"":100,""D5"":100,""E1"":100,""E2"":100,""E3"":100,""E4"":100,""E5"":100}"
0+291,seepage,slight,A,B,B,B,76.2877,0.237123,渗流破坏,,ordinary single leakage evidence,0.5269,0.4563,0.4925,1.62,"{""A4"":100,""A6"":100,""A8"":100,""A9"":100,""B2"":100,""B3"":100,""B4"":100,""C2"":70,""C6"":100,""D4"":100,""D5"":100,""E1"":100,""E2"":100,""E3"":100,""E4"":100,""E5"":100}"
0+292,seepage,slight,A,B,B,B,76.193,0.23807,渗流破坏,,ordinary single leakage evidence,0.5256,0.4468,0.5048,1.62,"{""A4"":100,""A6"":100,""A8"":100,""A9"":100,""B2"":100,""B3"":100,""B4"":100,""C2"":70,""C6"":100,""D4"":100,""D5"":100,""E1"":100,""E2"":100,""E3"":100,""E4"":100,""E5"":100}"
0+293,seepage,slight,A,B,B,B,75.8677,0.241323,渗流破坏,,ordinary single leakage evidence,0.5341,0.4494,0.5134,1.62,"{""A4"":100,""A6"":100,""A8"":100,""A9"":100,""B2"":100,""B3"":100,""B4"":100,""C2"":70,""C6"":100,""D4"":100,""D5"":100,""E1"":100,""E2"":100,""E3"":100,""E4"":100,""E5"":100}"
0+294,seepage,slight,A,B,B,B,75.7699,0.242301,渗流破坏,,ordinary single leakage evidence,0.5433,0.4557,0.5066,1.62,"{""A4"":100,""A6"":100,""A8"":100,""A9"":100,""B2"":100,""B3"":100,""B4"":100,""C2"":70,""C6"":100,""D4"":100,""D5"":100,""E1"":100,""E2"":100,""E3"":100,""E4"":100,""E5"":100}"
0+295,seepage,slight,A,B,B,B,76.1082,0.238918,渗流破坏,,ordinary single leakage evidence,0.5426,0.4391,0.499,1.62,"{""A4"":100,""A6"":100,""A8"":100,""A9"":100,""B2"":100,""B3"":100,""B4"":100,""C2"":70,""C6"":100,""D4"":100,""D5"":100,""E1"":100,""E2"":100,""E3"":100,""E4"":100,""E5"":100}"
0+296,seepage,slight,A,B,B,B,75.7106,0.242894,渗流破坏,,ordinary single leakage evidence,0.5366,0.4524,0.5179,1.62,"{""A4"":100,""A6"":100,""A8"":100,""A9"":100,""B2"":100,""B3"":100,""B4"":100,""C2"":70,""C6"":100,""D4"":100,""D5"":100,""E1"":100,""E2"":100,""E3"":100,""E4"":100,""E5"":100}"
0+297,seepage,slight,A,B,B,B,76.3144,0.236856,渗流破坏,,ordinary single leakage evidence,0.5304,0.4409,0.4975,1.62,"{""A4"":100,""A6"":100,""A8"":100,""A9"":100,""B2"":100,""B3"":100,""B4"":100,""C2"":70,""C6"":100,""D4"":100,""D5"":100,""E1"":100,""E2"":100,""E3"":100,""E4"":100,""E5"":100}"
0+298,seepage,slight,A,B,B,B,75.5555,0.244445,渗流破坏,,ordinary single leakage evidence,0.536,0.4624,0.5207,1.62,"{""A4"":100,""A6"":100,""A8"":100,""A9"":100,""B2"":100,""B3"":100,""B4"":100,""C2"":70,""C6"":100,""D4"":100,""D5"":100,""E1"":100,""E2"":100,""E3"":100,""E4"":100,""E5"":100}"
0+299,seepage,slight,A,B,B,B,75.9146,0.240854,渗流破坏,,ordinary single leakage evidence,0.5337,0.4481,0.512,1.62,"{""A4"":100,""A6"":100,""A8"":100,""A9"":100,""B2"":100,""B3"":100,""B4"":100,""C2"":70,""C6"":100,""D4"":100,""D5"":100,""E1"":100,""E2"":100,""E3"":100,""E4"":100,""E5"":100}"
0+300,seepage,slight,A,B,B,B,75.63,0.2437,渗流破坏,,ordinary single leakage evidence,0.5399,0.4687,0.5092,1.62,"{""A4"":100,""A6"":100,""A8"":100,""A9"":100,""B2"":100,""B3"":100,""B4"":100,""C2"":70,""C6"":100,""D4"":100,""D5"":100,""E1"":100,""E2"":100,""E3"":100,""E4"":100,""E5"":100}"
0+452,slope,severe,C,B,B,B,63.7481,0.362519,边坡失稳,D1背水坡FoS=1.08<允许值1.35;D2临水坡FoS=1.06<允许值1.25;A5软基沉降超限: 15.1cm/5.9cm,no leakage evidence,0.1,0.08,0.09,1.0824,"{""A4"":100,""A6"":100,""A8"":100,""A9"":100,""B2"":100,""B3"":100,""B4"":100,""C2"":100,""C6"":100,""D4"":100,""D5"":0,""E1"":100,""E2"":100,""E3"":100,""E4"":100,""E5"":100}"
0+454,slope,severe,C,B,B,B,62.4009,0.375991,边坡失稳,D1背水坡FoS=1.06<允许值1.35;D2临水坡FoS=1.06<允许值1.25;A5软基沉降超限: 17.7cm/6.0cm,no leakage evidence,0.1,0.08,0.09,1.0607,"{""A4"":100,""A6"":100,""A8"":100,""A9"":100,""B2"":100,""B3"":100,""B4"":100,""C2"":100,""C6"":100,""D4"":100,""D5"":0,""E1"":100,""E2"":100,""E3"":100,""E4"":100,""E5"":100}"
0+462,slope,severe,C,B,B,B,63.0366,0.369634,边坡失稳,D1背水坡FoS=1.07<允许值1.35;D2临水坡FoS=1.06<允许值1.25;A5软基沉降超限: 16.0cm/6.4cm,no leakage evidence,0.1,0.08,0.09,1.0742,"{""A4"":100,""A6"":100,""A8"":100,""A9"":100,""B2"":100,""B3"":100,""B4"":100,""C2"":100,""C6"":100,""D4"":100,""D5"":0,""E1"":100,""E2"":100,""E3"":100,""E4"":100,""E5"":100}"
0+463,slope,severe,C,B,B,B,63.1549,0.368451,边坡失稳,D1背水坡FoS=1.07<允许值1.35;D2临水坡FoS=1.06<允许值1.25;A5软基沉降超限: 17.1cm/5.3cm,no leakage evidence,0.1,0.08,0.09,1.0726,"{""A4"":100,""A6"":100,""A8"":100,""A9"":100,""B2"":100,""B3"":100,""B4"":100,""C2"":100,""C6"":100,""D4"":100,""D5"":0,""E1"":100,""E2"":100,""E3"":100,""E4"":100,""E5"":100}"
0+469,slope,severe,C,B,B,B,63.3789,0.366211,边坡失稳,D1背水坡FoS=1.08<允许值1.35;D2临水坡FoS=1.06<允许值1.25;A5软基沉降超限: 18.6cm/5.3cm,no leakage evidence,0.1,0.08,0.09,1.0776,"{""A4"":100,""A6"":100,""A8"":100,""A9"":100,""B2"":100,""B3"":100,""B4"":100,""C2"":100,""C6"":100,""D4"":100,""D5"":0,""E1"":100,""E2"":100,""E3"":100,""E4"":100,""E5"":100}"
0+471,slope,severe,C,B,B,B,62.8568,0.371432,边坡失稳,D1背水坡FoS=1.07<允许值1.35;D2临水坡FoS=1.06<允许值1.25;A5软基沉降超限: 17.6cm/6.3cm,no leakage evidence,0.1,0.08,0.09,1.0725,"{""A4"":100,""A6"":100,""A8"":100,""A9"":100,""B2"":100,""B3"":100,""B4"":100,""C2"":100,""C6"":100,""D4"":100,""D5"":0,""E1"":100,""E2"":100,""E3"":100,""E4"":100,""E5"":100}"
0+474,slope,severe,C,B,B,B,63.7459,0.362541,边坡失稳,D1背水坡FoS=1.09<允许值1.35;D2临水坡FoS=1.05<允许值1.25;A5软基沉降超限: 18.1cm/5.3cm,no leakage evidence,0.1,0.08,0.09,1.0934,"{""A4"":100,""A6"":100,""A8"":100,""A9"":100,""B2"":100,""B3"":100,""B4"":100,""C2"":100,""C6"":100,""D4"":100,""D5"":0,""E1"":100,""E2"":100,""E3"":100,""E4"":100,""E5"":100}"
0+527,scour,slight,A,B,A,A,93.6218,0.063782,冲刷破坏,D3冲刷深度=0.50m存在冲刷风险,no leakage evidence,0.1,0.08,0.09,1.62,"{""A4"":80,""A6"":100,""A8"":100,""A9"":100,""B2"":100,""B3"":100,""B4"":100,""C2"":100,""C6"":100,""D4"":100,""D5"":100,""E1"":100,""E2"":100,""E3"":100,""E4"":100,""E5"":100}"
0+534,scour,slight,A,B,A,A,93.6218,0.063782,冲刷破坏,D3冲刷深度=0.51m存在冲刷风险,no leakage evidence,0.1,0.08,0.09,1.62,"{""A4"":80,""A6"":100,""A8"":100,""A9"":100,""B2"":100,""B3"":100,""B4"":100,""C2"":100,""C6"":100,""D4"":100,""D5"":100,""E1"":100,""E2"":100,""E3"":100,""E4"":100,""E5"":100}"
0+538,scour,slight,A,B,A,A,93.6218,0.063782,冲刷破坏,D3冲刷深度=0.50m存在冲刷风险,no leakage evidence,0.1,0.08,0.09,1.62,"{""A4"":80,""A6"":100,""A8"":100,""A9"":100,""B2"":100,""B3"":100,""B4"":100,""C2"":100,""C6"":100,""D4"":100,""D5"":100,""E1"":100,""E2"":100,""E3"":100,""E4"":100,""E5"":100}"
0+547,scour,slight,A,B,A,A,93.6218,0.063782,冲刷破坏,D3冲刷深度=0.51m存在冲刷风险,no leakage evidence,0.1,0.08,0.09,1.62,"{""A4"":80,""A6"":100,""A8"":100,""A9"":100,""B2"":100,""B3"":100,""B4"":100,""C2"":100,""C6"":100,""D4"":100,""D5"":100,""E1"":100,""E2"":100,""E3"":100,""E4"":100,""E5"":100}"
0+776,mixed,slight,A,B,B,B,69.1587,0.308413,渗流破坏,,ordinary single leakage evidence,0.536,0.4592,0.5132,1.4063,"{""A4"":80,""A6"":80,""A8"":70,""A9"":70,""B2"":100,""B3"":70,""B4"":100,""C2"":70,""C6"":100,""D4"":100,""D5"":70,""E1"":80,""E2"":70,""E3"":70,""E4"":70,""E5"":60}"
0+777,mixed,slight,A,B,B,B,69.0958,0.309042,渗流破坏,D3冲刷深度=0.54m存在冲刷风险,ordinary single leakage evidence,0.5349,0.4664,0.4941,1.3994,"{""A4"":80,""A6"":80,""A8"":70,""A9"":70,""B2"":100,""B3"":70,""B4"":100,""C2"":70,""C6"":100,""D4"":100,""D5"":70,""E1"":80,""E2"":70,""E3"":70,""E4"":70,""E5"":60}"
0+778,mixed,slight,A,B,B,B,69.5736,0.304264,渗流破坏,,ordinary single leakage evidence,0.531,0.4562,0.4977,1.3769,"{""A4"":80,""A6"":80,""A8"":70,""A9"":70,""B2"":100,""B3"":70,""B4"":100,""C2"":70,""C6"":100,""D4"":100,""D5"":70,""E1"":80,""E2"":70,""E3"":70,""E4"":70,""E5"":60}"
0+779,mixed,slight,A,B,B,B,68.755,0.31245,渗流破坏,D3冲刷深度=0.53m存在冲刷风险,ordinary single leakage evidence,0.5436,0.4658,0.5047,1.3734,"{""A4"":80,""A6"":80,""A8"":70,""A9"":70,""B2"":100,""B3"":70,""B4"":100,""C2"":70,""C6"":100,""D4"":100,""D5"":70,""E1"":80,""E2"":70,""E3"":70,""E4"":70,""E5"":60}"
0+780,mixed,slight,A,B,B,B,69.3566,0.306434,渗流破坏,,ordinary single leakage evidence,0.5355,0.4618,0.5016,1.3731,"{""A4"":80,""A6"":80,""A8"":70,""A9"":70,""B2"":100,""B3"":70,""B4"":100,""C2"":70,""C6"":100,""D4"":100,""D5"":70,""E1"":80,""E2"":70,""E3"":70,""E4"":70,""E5"":60}"
0+781,mixed,slight,A,B,B,B,69.3662,0.306338,渗流破坏,,ordinary single leakage evidence,0.5217,0.461,0.5139,1.4073,"{""A4"":80,""A6"":80,""A8"":70,""A9"":70,""B2"":100,""B3"":70,""B4"":100,""C2"":70,""C6"":100,""D4"":100,""D5"":70,""E1"":80,""E2"":70,""E3"":70,""E4"":70,""E5"":60}"
0+782,mixed,slight,A,B,B,B,68.8588,0.311412,渗流破坏,D3冲刷深度=0.52m存在冲刷风险,ordinary single leakage evidence,0.5234,0.4651,0.5177,1.3922,"{""A4"":80,""A6"":80,""A8"":70,""A9"":70,""B2"":100,""B3"":70,""B4"":100,""C2"":70,""C6"":100,""D4"":100,""D5"":70,""E1"":80,""E2"":70,""E3"":70,""E4"":70,""E5"":60}"
0+783,mixed,slight,A,B,B,B,68.7693,0.312307,渗流破坏,D3冲刷深度=0.51m存在冲刷风险,ordinary single leakage evidence,0.5488,0.4642,0.5003,1.3802,"{""A4"":80,""A6"":80,""A8"":70,""A9"":70,""B2"":100,""B3"":70,""B4"":100,""C2"":70,""C6"":100,""D4"":100,""D5"":70,""E1"":80,""E2"":70,""E3"":70,""E4"":70,""E5"":60}"
0+784,mixed,slight,A,B,B,B,69.6784,0.303216,渗流破坏,,ordinary single leakage evidence,0.5317,0.4451,0.4985,1.3749,"{""A4"":80,""A6"":80,""A8"":70,""A9"":70,""B2"":100,""B3"":70,""B4"":100,""C2"":70,""C6"":100,""D4"":100,""D5"":70,""E1"":80,""E2"":70,""E3"":70,""E4"":70,""E5"":60}"
0+785,mixed,slight,A,B,B,B,69.6444,0.303556,渗流破坏,,ordinary single leakage evidence,0.5303,0.4434,0.5026,1.3863,"{""A4"":80,""A6"":80,""A8"":70,""A9"":70,""B2"":100,""B3"":70,""B4"":100,""C2"":70,""C6"":100,""D4"":100,""D5"":70,""E1"":80,""E2"":70,""E3"":70,""E4"":70,""E5"":60}"
0+786,mixed,slight,A,B,B,B,69.2129,0.307871,渗流破坏,D3冲刷深度=0.55m存在冲刷风险,ordinary single leakage evidence,0.5206,0.4388,0.518,1.4033,"{""A4"":80,""A6"":80,""A8"":70,""A9"":70,""B2"":100,""B3"":70,""B4"":100,""C2"":70,""C6"":100,""D4"":100,""D5"":70,""E1"":80,""E2"":70,""E3"":70,""E4"":70,""E5"":60}"
0+787,mixed,slight,A,B,B,B,69.3809,0.306191,渗流破坏,,ordinary single leakage evidence,0.5349,0.4563,0.5043,1.4073,"{""A4"":80,""A6"":80,""A8"":70,""A9"":70,""B2"":100,""B3"":70,""B4"":100,""C2"":70,""C6"":100,""D4"":100,""D5"":70,""E1"":80,""E2"":70,""E3"":70,""E4"":70,""E5"":60}"
0+788,mixed,slight,A,B,B,B,69.4187,0.305813,渗流破坏,D3冲刷深度=0.50m存在冲刷风险,ordinary single leakage evidence,0.5319,0.4464,0.4923,1.3855,"{""A4"":80,""A6"":80,""A8"":70,""A9"":70,""B2"":100,""B3"":70,""B4"":100,""C2"":70,""C6"":100,""D4"":100,""D5"":70,""E1"":80,""E2"":70,""E3"":70,""E4"":70,""E5"":60}"
0+789,mixed,slight,A,B,B,B,68.689,0.31311,渗流破坏,D3冲刷深度=0.50m存在冲刷风险,ordinary single leakage evidence,0.543,0.4577,0.5138,1.3813,"{""A4"":80,""A6"":80,""A8"":70,""A9"":70,""B2"":100,""B3"":70,""B4"":100,""C2"":70,""C6"":100,""D4"":100,""D5"":70,""E1"":80,""E2"":70,""E3"":70,""E4"":70,""E5"":60}"
0+790,mixed,slight,A,B,B,B,69.7592,0.302408,渗流破坏,,ordinary single leakage evidence,0.5239,0.444,0.5019,1.3702,"{""A4"":80,""A6"":80,""A8"":70,""A9"":70,""B2"":100,""B3"":70,""B4"":100,""C2"":70,""C6"":100,""D4"":100,""D5"":70,""E1"":80,""E2"":70,""E3"":70,""E4"":70,""E5"":60}"
0+791,mixed,slight,A,B,B,B,68.9059,0.310941,渗流破坏,D3冲刷深度=0.51m存在冲刷风险,ordinary single leakage evidence,0.5321,0.4604,0.5104,1.402,"{""A4"":80,""A6"":80,""A8"":70,""A9"":70,""B2"":100,""B3"":70,""B4"":100,""C2"":70,""C6"":100,""D4"":100,""D5"":70,""E1"":80,""E2"":70,""E3"":70,""E4"":70,""E5"":60}"
0+792,mixed,slight,A,B,B,B,68.4883,0.315117,渗流破坏,D3冲刷深度=0.52m存在冲刷风险,ordinary single leakage evidence,0.548,0.4638,0.5161,1.3889,"{""A4"":80,""A6"":80,""A8"":70,""A9"":70,""B2"":100,""B3"":70,""B4"":100,""C2"":70,""C6"":100,""D4"":100,""D5"":70,""E1"":80,""E2"":70,""E3"":70,""E4"":70,""E5"":60}"
0+793,mixed,slight,A,B,B,B,69.39,0.3061,渗流破坏,,ordinary single leakage evidence,0.5454,0.4399,0.5047,1.3931,"{""A4"":80,""A6"":80,""A8"":70,""A9"":70,""B2"":100,""B3"":70,""B4"":100,""C2"":70,""C6"":100,""D4"":100,""D5"":70,""E1"":80,""E2"":70,""E3"":70,""E4"":70,""E5"":60}"
0+794,mixed,slight,A,B,B,B,69.4726,0.305274,渗流破坏,,ordinary single leakage evidence,0.5216,0.4669,0.5047,1.3901,"{""A4"":80,""A6"":80,""A8"":70,""A9"":70,""B2"":100,""B3"":70,""B4"":100,""C2"":70,""C6"":100,""D4"":100,""D5"":70,""E1"":80,""E2"":70,""E3"":70,""E4"":70,""E5"":60}"
0+795,mixed,slight,A,B,B,B,69.1026,0.308974,渗流破坏,,ordinary single leakage evidence,0.5274,0.4656,0.5198,1.4061,"{""A4"":80,""A6"":80,""A8"":70,""A9"":70,""B2"":100,""B3"":70,""B4"":100,""C2"":70,""C6"":100,""D4"":100,""D5"":70,""E1"":80,""E2"":70,""E3"":70,""E4"":70,""E5"":60}"
0+796,mixed,slight,A,B,B,B,69.3698,0.306302,渗流破坏,D3冲刷深度=0.54m存在冲刷风险,ordinary single leakage evidence,0.5265,0.4536,0.4952,1.402,"{""A4"":80,""A6"":80,""A8"":70,""A9"":70,""B2"":100,""B3"":70,""B4"":100,""C2"":70,""C6"":100,""D4"":100,""D5"":70,""E1"":80,""E2"":70,""E3"":70,""E4"":70,""E5"":60}"
0+797,mixed,slight,A,B,B,B,69.0798,0.309202,渗流破坏,D3冲刷深度=0.50m存在冲刷风险,ordinary single leakage evidence,0.5266,0.4501,0.5126,1.3969,"{""A4"":80,""A6"":80,""A8"":70,""A9"":70,""B2"":100,""B3"":70,""B4"":100,""C2"":70,""C6"":100,""D4"":100,""D5"":70,""E1"":80,""E2"":70,""E3"":70,""E4"":70,""E5"":60}"
0+798,mixed,slight,A,B,B,B,69.716,0.30284,渗流破坏,,ordinary single leakage evidence,0.5374,0.4421,0.4933,1.3761,"{""A4"":80,""A6"":80,""A8"":70,""A9"":70,""B2"":100,""B3"":70,""B4"":100,""C2"":70,""C6"":100,""D4"":100,""D5"":70,""E1"":80,""E2"":70,""E3"":70,""E4"":70,""E5"":60}"
0+799,mixed,slight,A,B,B,B,69.0791,0.309209,渗流破坏,,ordinary single leakage evidence,0.5387,0.4502,0.5206,1.3932,"{""A4"":80,""A6"":80,""A8"":70,""A9"":70,""B2"":100,""B3"":70,""B4"":100,""C2"":70,""C6"":100,""D4"":100,""D5"":70,""E1"":80,""E2"":70,""E3"":70,""E4"":70,""E5"":60}"
0+800,mixed,slight,A,B,B,B,68.8392,0.311608,渗流破坏,D3冲刷深度=0.51m存在冲刷风险,ordinary single leakage evidence,0.5385,0.4569,0.5104,1.4047,"{""A4"":80,""A6"":80,""A8"":70,""A9"":70,""B2"":100,""B3"":70,""B4"":100,""C2"":70,""C6"":100,""D4"":100,""D5"":70,""E1"":80,""E2"":70,""E3"":70,""E4"":70,""E5"":60}"
