target_mode,severity,reference,n,pred_A,pred_B,pred_C,correct,score_min,score_mean,score_max
safe_reference,safe,A,25,25,0,0,25,96.0493,96.0493,96.0493
safe_reference,slight,A,25,25,0,0,25,93.119,93.26047200000001,93.4294
safe_reference,moderate,B,25,25,0,0,0,89.7873,89.956856,90.1027
safe_reference,severe,C,25,0,25,0,0,80.0697,80.111776,80.1655
safe_reference,critical,C,25,0,0,25,25,79.8039,79.853352,79.9095
overtopping,safe,A,25,25,0,0,25,96.0493,96.0493,96.0493
overtopping,slight,A,25,25,0,0,25,93.9114,93.9114,93.9114
overtopping,moderate,B,25,0,25,0,25,89.7251,90.87788,91.7831
overtopping,severe,C,25,0,25,0,0,64.1285,64.94812,65.9319
overtopping,critical,C,25,0,0,25,25,51.8807,52.812992,53.9213
seepage,safe,A,25,25,0,0,25,85.4977,85.865632,86.1249
seepage,slight,A,25,0,25,0,0,75.5555,75.897172,76.3144
seepage,moderate,B,25,0,25,0,25,62.439,63.04554,63.4596
seepage,severe,C,25,0,0,25,25,43.1986,43.593016,44.1312
seepage,critical,C,25,0,0,25,25,24.5411,24.577851999999996,24.6039
slope,safe,A,25,25,0,0,25,96.0493,96.0493,96.0493
slope,slight,A,25,25,0,0,25,95.0967,95.0967,95.0967
slope,moderate,B,25,0,25,0,25,84.455,86.263176,87.8726
slope,severe,C,25,0,7,18,18,61.3996,62.74362,63.8278
slope,critical,C,25,0,0,25,25,38.3793,38.3793,38.3793
scour,safe,A,25,25,0,0,25,96.0493,96.0493,96.0493
scour,slight,A,25,21,4,0,21,93.6218,95.59588400000001,95.9719
scour,moderate,B,25,0,25,0,25,92.1741,92.1741,92.1741
scour,severe,C,25,0,0,25,25,79.789,79.789,79.789
scour,critical,C,25,0,0,25,25,77.9461,77.9461,77.9461
building,safe,A,25,25,0,0,25,96.0493,96.0493,96.0493
building,slight,A,25,25,0,0,25,96.0493,96.0493,96.0493
building,moderate,B,25,0,25,0,25,82.2924,82.2924,82.2924
building,severe,C,25,0,0,25,25,54.1632,54.1632,54.1632
building,critical,C,25,0,0,25,25,54.1632,54.1632,54.1632
mixed,safe,A,25,25,0,0,25,85.4799,85.889932,86.3323
mixed,slight,A,25,0,25,0,0,68.4883,69.206432,69.7592
mixed,moderate,B,25,0,25,0,25,49.8878,50.448484,51.0378
mixed,severe,C,25,0,0,25,25,13.4423,14.564808000000001,16.4528
mixed,critical,C,25,0,0,25,25,5.8455,6.03056,6.2989
