relative_path,size_bytes,sha256,role,read_status
875样本模型测试资料包\1_指标与规则\875样本模型测试资料包说明.md,4509,2dc59137c18edda3584618b79914f9f12f08c2e2a8b7ad80cc8a448ed43e1ce5,narrative,indexed; content review pending unless listed in analysis report
875样本模型测试资料包\1_指标与规则\failure_mode_indicator_matrix.csv,3521,126421ee1853be6ef38b4047d1d883cc8c6cde18e81e61cc30cd17e9a95263dc,structured_data,indexed; content review pending unless listed in analysis report
875样本模型测试资料包\1_指标与规则\failure_mode_indicator_matrix.json,8881,6b4e5ebf8100c4addc0c2b690badd9db73e5546c80699bac31324cb771b6c088,structured_data,indexed; content review pending unless listed in analysis report
875样本模型测试资料包\1_指标与规则\failure_mode_matrix_method.md,7947,1a8d3f544e6492d0183b9176bd1ed3533859efc146a099d3ad9aa89a25f765eb,narrative,indexed; content review pending unless listed in analysis report
875样本模型测试资料包\1_指标与规则\indicator_quantification_method.md,9888,ca0c278449793bc09a7b4e3cb219c697f7e211559683e008c0b847a467c77b74,narrative,indexed; content review pending unless listed in analysis report
875样本模型测试资料包\1_指标与规则\参考等级生成规则.md,1130,bbea2b10e4582aeb724209a4db9cd8156c5df231071c372e7698d07ebea9a705,narrative,indexed; content review pending unless listed in analysis report
875样本模型测试资料包\1_指标与规则\文件作用及说明.md,1480,8be60927bc9d619244278dd620804da7adf37e8b2e194a53b35dd5473e6a5916,narrative,indexed; content review pending unless listed in analysis report
875样本模型测试资料包\2_合成样本\synthetic_evaluation_dataset.csv,121936,11790d783d08ee0c7a907dc4143ba2badaddc62c0a3f53f999aaa9ad55799815,structured_data,indexed; content review pending unless listed in analysis report
875样本模型测试资料包\2_合成样本\synthetic_evaluation_results.json,12728848,bd76ff83da32bf092ac1a6841ce05089cf255ec6fdec0170be2de4c5c5060fc7,structured_data,indexed; content review pending unless listed in analysis report
875样本模型测试资料包\2_合成样本\synthetic_samples_input.json,1193068,1127a69c36644656119b8123daeb440d09b038c41c4923824d6d21166ad3c551,structured_data,indexed; content review pending unless listed in analysis report
875样本模型测试资料包\2_合成样本\文件作用及说明.md,1119,918d0ff474644c8a9381706deeaaf4d97c359ee453f391230027f332d5049b72,narrative,indexed; content review pending unless listed in analysis report
875样本模型测试资料包\3_样本生成与参考规则\failure_mode_indicator_matrix.json,8881,6b4e5ebf8100c4addc0c2b690badd9db73e5546c80699bac31324cb771b6c088,structured_data,indexed; content review pending unless listed in analysis report
875样本模型测试资料包\3_样本生成与参考规则\failure_response_barrier_model.py,24223,c031bd3a71d38dd88abe04bec4b481b618b019214047a5b0ddbb3d921f8f62aa,code,indexed; content review pending unless listed in analysis report
875样本模型测试资料包\3_样本生成与参考规则\safety_evaluation.py,45405,89808cfe9c4393b42074ca39a209820d5be3ee5ac06aa74a9442ed34b0b9f7bb,code,indexed; content review pending unless listed in analysis report
875样本模型测试资料包\3_样本生成与参考规则\synthetic_dataset_evaluation.py,14120,3f0fe76a512d7b2840ba6be4e59837e0cbc523abba0b61fa8200f0b7b61994a7,code,indexed; content review pending unless listed in analysis report
875样本模型测试资料包\3_样本生成与参考规则\synthetic_dataset_outputs\synthetic_dataset_summary.json,1467,0052b7cceb720b2f7392e065076cf7a659b7e7d219226ce8cb898bb5bed2e604,structured_data,indexed; content review pending unless listed in analysis report
875样本模型测试资料包\3_样本生成与参考规则\synthetic_dataset_outputs\synthetic_evaluation_dataset.csv,121936,11790d783d08ee0c7a907dc4143ba2badaddc62c0a3f53f999aaa9ad55799815,structured_data,indexed; content review pending unless listed in analysis report
875样本模型测试资料包\3_样本生成与参考规则\synthetic_dataset_outputs\synthetic_evaluation_results.json,12728848,bd76ff83da32bf092ac1a6841ce05089cf255ec6fdec0170be2de4c5c5060fc7,structured_data,indexed; content review pending unless listed in analysis report
875样本模型测试资料包\3_样本生成与参考规则\synthetic_dataset_outputs\synthetic_samples_input.json,1193068,1127a69c36644656119b8123daeb440d09b038c41c4923824d6d21166ad3c551,structured_data,indexed; content review pending unless listed in analysis report
875样本模型测试资料包\3_样本生成与参考规则\synthetic_dataset_outputs\synthetic_top_contributions.csv,237260,fc037e29269523396b04f440e86b0b00064973f18da748c470e418621d09711b,structured_data,indexed; content review pending unless listed in analysis report
875样本模型测试资料包\3_样本生成与参考规则\参考等级生成规则.md,1130,bbea2b10e4582aeb724209a4db9cd8156c5df231071c372e7698d07ebea9a705,narrative,indexed; content review pending unless listed in analysis report
875样本模型测试资料包\3_样本生成与参考规则\文件作用及说明.md,1493,777405d91ca1208fa15327b948de371f3b90331538129bda9549e56168e6d2e9,narrative,indexed; content review pending unless listed in analysis report
875样本模型测试资料包\4_评价代码\failure_mode_indicator_matrix.json,8881,6b4e5ebf8100c4addc0c2b690badd9db73e5546c80699bac31324cb771b6c088,structured_data,indexed; content review pending unless listed in analysis report
875样本模型测试资料包\4_评价代码\failure_response_barrier_model.py,24223,c031bd3a71d38dd88abe04bec4b481b618b019214047a5b0ddbb3d921f8f62aa,code,indexed; content review pending unless listed in analysis report
875样本模型测试资料包\4_评价代码\safety_evaluation.py,45405,89808cfe9c4393b42074ca39a209820d5be3ee5ac06aa74a9442ed34b0b9f7bb,code,indexed; content review pending unless listed in analysis report
875样本模型测试资料包\4_评价代码\文件作用及说明.md,1072,d9c5a495113bb2b96d11d50e315f17414ea74cb61acf2f2f7799440654b5ade1,narrative,indexed; content review pending unless listed in analysis report
875样本模型测试资料包\5_PPT对应结果\synthetic_dataset_summary.json,1467,0052b7cceb720b2f7392e065076cf7a659b7e7d219226ce8cb898bb5bed2e604,structured_data,indexed; content review pending unless listed in analysis report
875样本模型测试资料包\5_PPT对应结果\synthetic_final_grade_comparison_matrix.csv,62,bc55040899ae01008856a7999281b05c0105649913c718afa16d918093c7a53f,structured_data,indexed; content review pending unless listed in analysis report
875样本模型测试资料包\5_PPT对应结果\synthetic_top_contributions.csv,237260,fc037e29269523396b04f440e86b0b00064973f18da748c470e418621d09711b,structured_data,indexed; content review pending unless listed in analysis report
875样本模型测试资料包\5_PPT对应结果\文件作用及说明.md,930,7044f731515b12f6b936afc6bb136dec61572beab16a3bb3c2b109e8fbc12cd0,narrative,indexed; content review pending unless listed in analysis report
补充资料\01_指标体系与评价规则\875样本模型测试资料包说明.md,4509,2dc59137c18edda3584618b79914f9f12f08c2e2a8b7ad80cc8a448ed43e1ce5,narrative,indexed; content review pending unless listed in analysis report
补充资料\01_指标体系与评价规则\failure_mode_indicator_matrix.csv,3521,126421ee1853be6ef38b4047d1d883cc8c6cde18e81e61cc30cd17e9a95263dc,structured_data,indexed; content review pending unless listed in analysis report
补充资料\01_指标体系与评价规则\failure_mode_indicator_matrix.json,8881,6b4e5ebf8100c4addc0c2b690badd9db73e5546c80699bac31324cb771b6c088,structured_data,indexed; content review pending unless listed in analysis report
补充资料\01_指标体系与评价规则\failure_mode_matrix_method.md,7947,1a8d3f544e6492d0183b9176bd1ed3533859efc146a099d3ad9aa89a25f765eb,narrative,indexed; content review pending unless listed in analysis report
补充资料\01_指标体系与评价规则\indicator_quantification_method.md,9888,ca0c278449793bc09a7b4e3cb219c697f7e211559683e008c0b847a467c77b74,narrative,indexed; content review pending unless listed in analysis report
补充资料\01_指标体系与评价规则\文件作用及说明.md,1480,8be60927bc9d619244278dd620804da7adf37e8b2e194a53b35dd5473e6a5916,narrative,indexed; content review pending unless listed in analysis report
补充资料\01_指标体系与评价规则\本目录说明.md,211,8f0c99be1f2e7c5283c66b790de905458756854f4d693cbda262a4fa6d1b1d2b,narrative,indexed; content review pending unless listed in analysis report
补充资料\02_875合成样本与生成程序\01_输入与标签生成说明.md,4164,9f033bb9b065b1be086a9d74129839cb9e89c90678755a350b3dc177ca624464,narrative,indexed; content review pending unless listed in analysis report
补充资料\02_875合成样本与生成程序\failure_response_barrier_model.py,24223,c031bd3a71d38dd88abe04bec4b481b618b019214047a5b0ddbb3d921f8f62aa,code,indexed; content review pending unless listed in analysis report
补充资料\02_875合成样本与生成程序\safety_evaluation.py,45405,89808cfe9c4393b42074ca39a209820d5be3ee5ac06aa74a9442ed34b0b9f7bb,code,indexed; content review pending unless listed in analysis report
补充资料\02_875合成样本与生成程序\synthetic_dataset_evaluation.py,14120,3f0fe76a512d7b2840ba6be4e59837e0cbc523abba0b61fa8200f0b7b61994a7,code,indexed; content review pending unless listed in analysis report
补充资料\02_875合成样本与生成程序\synthetic_dataset_summary.json,1467,0052b7cceb720b2f7392e065076cf7a659b7e7d219226ce8cb898bb5bed2e604,structured_data,indexed; content review pending unless listed in analysis report
补充资料\02_875合成样本与生成程序\synthetic_evaluation_dataset.csv,121936,11790d783d08ee0c7a907dc4143ba2badaddc62c0a3f53f999aaa9ad55799815,structured_data,indexed; content review pending unless listed in analysis report
补充资料\02_875合成样本与生成程序\synthetic_evaluation_results.json,12728848,bd76ff83da32bf092ac1a6841ce05089cf255ec6fdec0170be2de4c5c5060fc7,structured_data,indexed; content review pending unless listed in analysis report
补充资料\02_875合成样本与生成程序\synthetic_samples_input.json,1193068,1127a69c36644656119b8123daeb440d09b038c41c4923824d6d21166ad3c551,structured_data,indexed; content review pending unless listed in analysis report
补充资料\02_875合成样本与生成程序\参考等级生成规则.md,1130,bbea2b10e4582aeb724209a4db9cd8156c5df231071c372e7698d07ebea9a705,narrative,indexed; content review pending unless listed in analysis report
补充资料\02_875合成样本与生成程序\本目录说明.md,236,d5eb2c4fd6ed48a1dba5fc8717228e2862788367da80bf6f38043a333411e362,narrative,indexed; content review pending unless listed in analysis report
补充资料\03_模型测试结果与PPT图表\00_中文图总览.png,823322,ae065cfcee4f7581960733ce16a6ef82a64790a2e53b654fcb9764158bf7eae0,figure_or_other,indexed; content review pending unless listed in analysis report
补充资料\03_模型测试结果与PPT图表\01_失效模式权重.png,130486,026e908867aa68262f92f78d752c1ebfbc0b5f1d26962c17a549133dc9a6d63c,figure_or_other,indexed; content review pending unless listed in analysis report
补充资料\03_模型测试结果与PPT图表\02_指标失效模式关联矩阵.png,231111,ee55dc8de2bc05b304374824e522b97e7cda35e2dd48710580285220ec6fb28b,figure_or_other,indexed; content review pending unless listed in analysis report
补充资料\03_模型测试结果与PPT图表\03_各失效模式内部指标权重.png,288979,37fa85f19522ccb3a11219dd3b407f25c7492404691726fb068e20e2c8027c1a,figure_or_other,indexed; content review pending unless listed in analysis report
补充资料\03_模型测试结果与PPT图表\07_合成数据集评价等级分布.png,88576,6385feac6618bd36e0421450f51b7a53ffbdf15f6a2e410b2e43f49dc753ac00,figure_or_other,indexed; content review pending unless listed in analysis report
补充资料\03_模型测试结果与PPT图表\08_预设等级与模型等级对比.png,166570,2b8abc33d5fb0f06daaccbeda257a7e9a2d8c70987334d1c899219402fe0f831,figure_or_other,indexed; content review pending unless listed in analysis report
补充资料\03_模型测试结果与PPT图表\09_预设等级与模型等级分布对比.png,115248,f52d802c631cf01e00a6f298d4b271fa5d2c79ab61cb8c6f42ca303815a80ce7,figure_or_other,indexed; content review pending unless listed in analysis report
补充资料\03_模型测试结果与PPT图表\10_主控失效模式分布.png,135854,32e98376e4256f1a68473772398d7d817a5ea67e5cd9beedd82b35297dc68a5b,figure_or_other,indexed; content review pending unless listed in analysis report
补充资料\03_模型测试结果与PPT图表\11_预设情景与主控失效模式对比.png,217373,fd0de6a179495d2203584e4cadbaef55d79b9bff32138c0cf7264e1cc9849a99,figure_or_other,indexed; content review pending unless listed in analysis report
补充资料\03_模型测试结果与PPT图表\12_不同严重程度安全得分分布.png,76906,7323cbf1a6f81b0f4a5ad1dd5b8fefa038c7a14b61f47bd36b10b4787151c86a,figure_or_other,indexed; content review pending unless listed in analysis report
补充资料\03_模型测试结果与PPT图表\13_评价方法流程图.png,209382,f74bfaa942e0157b1f1b6a3a7421b70d1e53201a00b786b6af498bfebfcf01b4,figure_or_other,indexed; content review pending unless listed in analysis report
补充资料\03_模型测试结果与PPT图表\figure_index.json,747,af57dc55351a0f71ec819300e10dbcd47dedd66d42f6a13717d3f4473895be9f,structured_data,indexed; content review pending unless listed in analysis report
补充资料\03_模型测试结果与PPT图表\generate_ppt_chinese_figures.py,19135,745d22c531f20d27c88778f4f8be14bf2e83e13bf80b84a052d288cb94e1ced8,code,indexed; content review pending unless listed in analysis report
补充资料\03_模型测试结果与PPT图表\synthetic_dataset_summary.json,1467,0052b7cceb720b2f7392e065076cf7a659b7e7d219226ce8cb898bb5bed2e604,structured_data,indexed; content review pending unless listed in analysis report
补充资料\03_模型测试结果与PPT图表\synthetic_final_grade_comparison_matrix.csv,62,bc55040899ae01008856a7999281b05c0105649913c718afa16d918093c7a53f,structured_data,indexed; content review pending unless listed in analysis report
补充资料\03_模型测试结果与PPT图表\synthetic_top_contributions.csv,237260,fc037e29269523396b04f440e86b0b00064973f18da748c470e418621d09711b,structured_data,indexed; content review pending unless listed in analysis report
补充资料\03_模型测试结果与PPT图表\合成数据集预设等级_模型等级交叉表.csv,131,0ff1eb5fd3d9129ad770006e74a7c8720132892a60d13643d0616a7bc5f02794,structured_data,indexed; content review pending unless listed in analysis report
补充资料\03_模型测试结果与PPT图表\本目录说明.md,231,64df5fd721a3957f4963a079e3bcb4e8586fb4392fce4966126cbfdc17cd8bc0,narrative,indexed; content review pending unless listed in analysis report
补充资料\04_灵敏度分析\failure_response_barrier_alpha_lambda.csv,65101,1ae137edb47b57d2cb10847d5ec33dd69efc62e7c70a721f6b75c570fe5a5333,structured_data,indexed; content review pending unless listed in analysis report
补充资料\04_灵敏度分析\failure_response_barrier_physical_oat.csv,7202,f8552432eba6406074975512ca096208b5469e01b504cd148bcf1d33374802be,structured_data,indexed; content review pending unless listed in analysis report
补充资料\04_灵敏度分析\failure_response_barrier_sensitivity.py,13824,9942778378c17bfa403fc398e434e459a4c33ea299f056f36ab98258c4280f71,code,indexed; content review pending unless listed in analysis report
补充资料\04_灵敏度分析\failure_response_barrier_sensitivity_summary.md,3525,fae814b9d4ccbeaa7e1c9b3b249770c6a0d440f830771d79aec7580ac53fc15d,narrative,indexed; content review pending unless listed in analysis report
补充资料\04_灵敏度分析\fig4_physical_oat_sensitivity.png,255496,53c16e6a28b5de549404e05e0165f3369ce472ecb68260ab7e61af8b696e15ce,figure_or_other,indexed; content review pending unless listed in analysis report
补充资料\04_灵敏度分析\fig5_qualitative_score_sensitivity.png,177892,9d63d7463993505f4fe7da6f952a1cd0766e2a488a991e9ad745abe73976a76b,figure_or_other,indexed; content review pending unless listed in analysis report
补充资料\04_灵敏度分析\fig6_alpha_sensitivity.png,195513,984fc93e482eb4063e8424ea136bdc867bf6c930f22590f2cb7e8d4012219358,figure_or_other,indexed; content review pending unless listed in analysis report
补充资料\04_灵敏度分析\qualitative_indicator_oat_sensitivity.csv,27452,0b84e198cdf06b1c48870d5b33fe2f687d1ba2f4dada2de1f049d8a528ad02c6,structured_data,indexed; content review pending unless listed in analysis report
补充资料\04_灵敏度分析\qualitative_score_scheme_sensitivity.csv,6178,2a5ff863a75aadb9a5aebec4de1d3db4f399ffda9050468f847e4169f8379c5c,structured_data,indexed; content review pending unless listed in analysis report
补充资料\04_灵敏度分析\qualitative_score_sensitivity.py,12780,f15dafeb30f6aa54ec73e137c0aa5a4f8eb3154cb5d52568f990ac13c66671a7,code,indexed; content review pending unless listed in analysis report
补充资料\04_灵敏度分析\qualitative_score_sensitivity_summary.md,4065,62910f850cd27debf65f462f3ebfc5fb1c9880f1d60b6967426b6a21d522b970,narrative,indexed; content review pending unless listed in analysis report
补充资料\04_灵敏度分析\本目录说明.md,201,8b6609ae3728662fb9b8e16d5feedae3d6ba0e8e2d0d0ffbce30c0185a084534,narrative,indexed; content review pending unless listed in analysis report
补充资料\05_权重形成与参数配置\model_parameter_config.json,1901,0b8931fb43099f3f66469c48f997373bfe58657127c554d827aa5934b0d609bd,structured_data,indexed; content review pending unless listed in analysis report
补充资料\05_权重形成与参数配置\参数配置说明.md,1299,7b8a3d657b16a38d9de4818ce671daa7339627a2630ac60008e0fd34fd261b37,narrative,indexed; content review pending unless listed in analysis report
补充资料\05_权重形成与参数配置\待确认问题说明.md,3176,a1488cad311707926365c6553902ca3d6ae252b7fcbc3fc73eaf8d161d9208e1,narrative,indexed; content review pending unless listed in analysis report
补充资料\05_权重形成与参数配置\本目录说明.md,207,e8de3f2bd12b8ab4c92c24efd487961ba961f07f90b398d58fc571d76221a327,narrative,indexed; content review pending unless listed in analysis report
补充资料\05_权重形成与参数配置\权重确定方法与依据说明.md,5604,eb11c565824998d4dc33963be810e94b479dc4f643a84c83d0a2d37383c3ef9c,narrative,indexed; content review pending unless listed in analysis report
补充资料\06_独立工程历史案例验证\00_资料目录与使用说明.md,3446,28847a91c7f09c02309cfd7bbb8b0d5bb3bee691ff44c29146c40d7f87f72ea7,narrative,indexed; content review pending unless listed in analysis report
补充资料\06_独立工程历史案例验证\01_K45+500_29项指标取值表.csv,6506,3257326ec32b921166622f5eb784e9d6e83c0a2fde25cb50be004fe4a1b687ec,structured_data,indexed; content review pending unless listed in analysis report
补充资料\06_独立工程历史案例验证\02_物理计算过程与历史一致性说明.md,2549,7599132c6abf932926b071e6ad90303def6295dea6ebadeed7f99c86662f4398,narrative,indexed; content review pending unless listed in analysis report
补充资料\06_独立工程历史案例验证\03_权重确定方法与依据说明.md,5009,c0a33213a994cdb70613ac09adef3506444419a4bc522422a26de9da4ddda8bf,narrative,indexed; content review pending unless listed in analysis report
补充资料\06_独立工程历史案例验证\04_第二批资料逐项答复与核对.md,3069,e592ab51a84220b1fac0889b55214cc72c04a41ca6a42eccdc752a475d95e232,narrative,indexed; content review pending unless listed in analysis report
补充资料\06_独立工程历史案例验证\failure_response_barrier_model.py,24223,c031bd3a71d38dd88abe04bec4b481b618b019214047a5b0ddbb3d921f8f62aa,code,indexed; content review pending unless listed in analysis report
补充资料\06_独立工程历史案例验证\K45+500_历史管涌代表工况_复算结果.json,17982,96120a11bb1a2623a5a6cdd3c6d49dca5ca61f225667b1bf5c104179cd215be5,structured_data,indexed; content review pending unless listed in analysis report
补充资料\06_独立工程历史案例验证\run_k45500_historical_case.py,10710,facc968b0c2a7220fba1c017b0dd46e5e903c42ed4edb86a965e919deb30d432,code,indexed; content review pending unless listed in analysis report
补充资料\06_独立工程历史案例验证\safety_evaluation.py,45582,6216d17378d77959b00d33bf889c4bad9e9a7535283060b1857d53ec112abc31,code,indexed; content review pending unless listed in analysis report
补充资料\06_独立工程历史案例验证\soil_params_k45500.json,1185,bf3b13d9fc68237dc57643d6a39f9b1eb2c9b537a1d6c9d564a85d59ec1812ae,structured_data,indexed; content review pending unless listed in analysis report
补充资料\06_独立工程历史案例验证\本目录说明.md,255,7aecec9039aa84dc97f2d28c711de68642f0276350338696ffcd03b36b85f73f,narrative,indexed; content review pending unless listed in analysis report
875样本模型测试资料包.rar,427660,c3fd02e6d80fbaa6dd8190d4c94fbdca0c07118458db547bc0ac19beb64a44ac,source_archive,indexed archive
补充资料.rar,2686986,ea5dd7cc1bd690bd2545189039b9c568978fe749d6f0d9a87063485008acb4ff,source_archive,indexed archive
