sheet,序号,图像,文件名,日期,拍摄时间,经纬度坐标（WGS84）,识别类型,置信度,复核结果,复核情况说明,建议处置意见,复核人,复核时间
Sheet1,1,"=_xlfn.DISPIMG(""ID_AB67A577E9CB466D81404AAB227B112E"",1)",DJI_20250828095151_0051_T.jpg,2025.8.28,09:51:00,"112.312543°,28.592384°",Piping,0.57,误报,蓝框位于建筑物边缘，低温区域系建筑阴影与地物热惯性差异所致，无明显渗漏通道特征。,,,
Sheet1,2,"=_xlfn.DISPIMG(""ID_ADA8BD8319634F969E054307FF6F46AA"",1)",DJI_20250828103905_0002_T.jpg,2025.8.28,10:39:00,"112.371445°,28.608631°",Piping,0.47,误报,蓝框位于水体与岸坡交界处，低温特征为水体自然温差（比热容大）引起，非渗漏异常。,,,
Sheet1,3,"=_xlfn.DISPIMG(""ID_D1A5B89B33F449DC99CB571FC1CB9B4F"",1)",DJI_20250828104036_0004_T.jpg,2025.8.28,10:40:00,112.368967°，28.606895°,Piping,0.78,误报,蓝框框选区域为水体边缘，水陆热特性差异导致低温冷区被误检，无实际渗漏迹象。,,,
Sheet1,4,"=_xlfn.DISPIMG(""ID_BA0B9D74CC084CFE8B5924DEC38988D1"",1)",DJI_20250828104333_0006_T.jpg,2025.8.28,10:43:00,"112.368512°,28.607601°",Piping,0.65,误报,蓝框位于植被与道路交界，低温暗斑由植被遮挡阴影及地表热惯性差异产生，属环境光影干扰。,,,
Sheet1,5,"=_xlfn.DISPIMG(""ID_3E990459DA1D496FA0FAD77F678BA5D1"",1)",DJI_20250828105139_0013_T.jpg,2025.8.28,10:51:00,"112.368945°,28.608719°",Piping,0.47,误报,蓝框位于水域与农田/建筑交界边缘，水体的低温特性被算法误判为渗漏异常，实际为自然水体边界。,,,
Sheet1,6,"=_xlfn.DISPIMG(""ID_0A7B4E53558A486F961E1D8317D7CCA5"",1)",DJI_20250828105859_0021_T.jpg,2025.8.28,10:58:00,"112.368837°,28.608540°",Piping,0.58,误报,蓝框位于图像边缘，置信度偏低，低温异常系地表局部积水/潮湿或镜头边缘渐晕效应引起，不具渗漏形态。,,,
Sheet1,7,"=_xlfn.DISPIMG(""ID_180953DACDA143D4AF56C04379E0494D"",1)",DJI_20250828110128_0023_T.jpg,2025.8.28,11:01:00,"112.371128°,28.609614°",Piping,0.77,误报,蓝框框选植被覆盖区，因植物蒸腾及阴影导致地表温度偏低，算法未能有效区分植被冷斑与结构渗漏。,,,
Sheet1,8,"=_xlfn.DISPIMG(""ID_379EDF76E71441BE8A5FEC63245163F9"",1)",DJI_20250828111341_0029_T.jpg,2025.8.28,11:13:00,"112.371729°,28.609190°",Piping,0.58,误报,蓝框位于水岸斜坡交界，低温特征为水面辐射及土壤潮湿所致，未见连续渗漏通道。,,,
Sheet1,9,"=_xlfn.DISPIMG(""ID_FC42ACA0064240B2A55C11893C8F46EB"",1)",DJI_20250828111347_0030_T.jpg,2025.8.28,11:13:00,"112.371729°,28.609190°",Piping,0.5,误报,蓝框位于水体边缘，水陆温差导致边界处形成低温梯度带，被算法误识别为渗漏，实为水体环境影响。,,,
