relative_path,width,height,mode,format,exif_tags,has_gps_tag,has_datetime_tag
巡检识别\第一批优先资料\03_飞行轨迹与时间戳\20260927-153909.png,1920,1080,RGB,PNG,0,False,False
巡检识别\第一批优先资料\03_飞行轨迹与时间戳\20260927-153959.png,1920,1080,RGB,PNG,0,False,False
巡检识别\第一批优先资料\03_飞行轨迹与时间戳\20260927-154030.png,1920,1080,RGB,PNG,0,False,False
巡检识别\第一批优先资料\03_飞行轨迹与时间戳\20260927-154037.png,1920,1080,RGB,PNG,0,False,False
巡检识别\第一批优先资料\03_飞行轨迹与时间戳\20260927-154139.png,1920,1080,RGB,PNG,0,False,False
巡检识别\第一批优先资料\03_飞行轨迹与时间戳\20260927-154148.png,1920,1080,RGB,PNG,0,False,False
巡检识别\第一批优先资料\03_飞行轨迹与时间戳\20260927-154220.png,1920,1080,RGB,PNG,0,False,False
巡检识别\第一批优先资料\03_飞行轨迹与时间戳\20260927-154229.png,1920,1080,RGB,PNG,0,False,False
巡检识别\第一批优先资料\03_飞行轨迹与时间戳\20260927-154308.png,1920,1080,RGB,PNG,0,False,False
巡检识别\第一批优先资料\03_飞行轨迹与时间戳\20260927-154315.png,1920,1080,RGB,PNG,0,False,False
巡检识别\第一批优先资料\03_飞行轨迹与时间戳\20260927-154417.png,1920,1080,RGB,PNG,0,False,False
巡检识别\第一批优先资料\03_飞行轨迹与时间戳\20260927-154907.png,1920,1080,RGB,PNG,0,False,False
巡检识别\第一批优先资料\03_飞行轨迹与时间戳\20260927-154427.png,1920,1080,RGB,PNG,0,False,False
巡检识别\第一批优先资料\04_可疑点复核记录\DJI_20250828095151_0051_T.jpg,640,512,RGB,JPEG,0,False,False
巡检识别\第一批优先资料\04_可疑点复核记录\DJI_20250828103905_0002_T.jpg,640,512,RGB,JPEG,0,False,False
巡检识别\第一批优先资料\04_可疑点复核记录\DJI_20250828104036_0004_T.jpg,640,512,RGB,JPEG,0,False,False
巡检识别\第一批优先资料\04_可疑点复核记录\DJI_20250828104333_0006_T.jpg,640,512,RGB,JPEG,0,False,False
巡检识别\第一批优先资料\04_可疑点复核记录\DJI_20250828105139_0013_T.jpg,640,512,RGB,JPEG,0,False,False
巡检识别\第一批优先资料\04_可疑点复核记录\DJI_20250828105859_0021_T.jpg,640,512,RGB,JPEG,0,False,False
巡检识别\第一批优先资料\04_可疑点复核记录\DJI_20250828110128_0023_T.jpg,640,512,RGB,JPEG,0,False,False
巡检识别\第一批优先资料\04_可疑点复核记录\DJI_20250828111341_0029_T.jpg,640,512,RGB,JPEG,0,False,False
巡检识别\第一批优先资料\04_可疑点复核记录\DJI_20250828111347_0030_T.jpg,640,512,RGB,JPEG,0,False,False
巡检识别\第一批优先资料\01_原始图像及视频\01_匿名堤防红外巡检图像\DJI_20250828094102_0001_T.JPG,640,512,RGB,MPO,14,True,True
巡检识别\第一批优先资料\01_原始图像及视频\01_匿名堤防红外巡检图像\DJI_20250828094140_0002_T.JPG,640,512,RGB,MPO,14,True,True
巡检识别\第一批优先资料\01_原始图像及视频\01_匿名堤防红外巡检图像\DJI_20250828094205_0003_T.JPG,640,512,RGB,MPO,14,True,True
巡检识别\第一批优先资料\01_原始图像及视频\01_匿名堤防红外巡检图像\DJI_20250828094211_0004_T.JPG,640,512,RGB,MPO,14,True,True
巡检识别\第一批优先资料\01_原始图像及视频\01_匿名堤防红外巡检图像\DJI_20250828094214_0005_T.JPG,640,512,RGB,MPO,14,True,True
巡检识别\第一批优先资料\01_原始图像及视频\01_匿名堤防红外巡检图像\DJI_20250828094219_0006_T.JPG,640,512,RGB,MPO,14,True,True
巡检识别\第一批优先资料\01_原始图像及视频\01_匿名堤防红外巡检图像\DJI_20250828094335_0007_T.JPG,640,512,RGB,MPO,14,True,True
巡检识别\第一批优先资料\01_原始图像及视频\01_匿名堤防红外巡检图像\DJI_20250828094339_0008_T.JPG,640,512,RGB,MPO,14,True,True
巡检识别\第一批优先资料\01_原始图像及视频\01_匿名堤防红外巡检图像\DJI_20250828094527_0009_T.JPG,640,512,RGB,MPO,14,True,True
巡检识别\第一批优先资料\01_原始图像及视频\01_匿名堤防红外巡检图像\DJI_20250828094535_0010_T.JPG,640,512,RGB,MPO,14,True,True
巡检识别\第一批优先资料\01_原始图像及视频\01_匿名堤防红外巡检图像\DJI_20250828094537_0011_T.JPG,640,512,RGB,MPO,14,True,True
巡检识别\第一批优先资料\01_原始图像及视频\01_匿名堤防红外巡检图像\DJI_20250828094539_0012_T.JPG,640,512,RGB,MPO,14,True,True
巡检识别\第一批优先资料\01_原始图像及视频\01_匿名堤防红外巡检图像\DJI_20250828094541_0013_T.JPG,640,512,RGB,MPO,14,True,True
巡检识别\第一批优先资料\01_原始图像及视频\01_匿名堤防红外巡检图像\DJI_20250828094543_0014_T.JPG,640,512,RGB,MPO,14,True,True
巡检识别\第一批优先资料\01_原始图像及视频\01_匿名堤防红外巡检图像\DJI_20250828094547_0015_T.JPG,640,512,RGB,MPO,14,True,True
巡检识别\第一批优先资料\01_原始图像及视频\01_匿名堤防红外巡检图像\DJI_20250828094550_0016_T.JPG,640,512,RGB,MPO,14,True,True
巡检识别\第一批优先资料\01_原始图像及视频\01_匿名堤防红外巡检图像\DJI_20250828094554_0017_T.JPG,640,512,RGB,MPO,14,True,True
巡检识别\第一批优先资料\01_原始图像及视频\01_匿名堤防红外巡检图像\DJI_20250828094556_0018_T.JPG,640,512,RGB,MPO,14,True,True
巡检识别\第一批优先资料\01_原始图像及视频\01_匿名堤防红外巡检图像\DJI_20250828094558_0019_T.JPG,640,512,RGB,MPO,14,True,True
巡检识别\第一批优先资料\01_原始图像及视频\01_匿名堤防红外巡检图像\DJI_20250828094600_0020_T.JPG,640,512,RGB,MPO,14,True,True
巡检识别\第一批优先资料\01_原始图像及视频\01_匿名堤防红外巡检图像\DJI_20250828094602_0021_T.JPG,640,512,RGB,MPO,14,True,True
巡检识别\第一批优先资料\01_原始图像及视频\01_匿名堤防红外巡检图像\DJI_20250828094605_0022_T.JPG,640,512,RGB,MPO,14,True,True
巡检识别\第一批优先资料\01_原始图像及视频\01_匿名堤防红外巡检图像\DJI_20250828094607_0023_T.JPG,640,512,RGB,MPO,14,True,True
巡检识别\第一批优先资料\01_原始图像及视频\01_匿名堤防红外巡检图像\DJI_20250828094610_0024_T.JPG,640,512,RGB,MPO,14,True,True
巡检识别\第一批优先资料\01_原始图像及视频\01_匿名堤防红外巡检图像\DJI_20250828094849_0025_T.JPG,640,512,RGB,MPO,14,True,True
巡检识别\第一批优先资料\01_原始图像及视频\01_匿名堤防红外巡检图像\DJI_20250828094851_0026_T.JPG,640,512,RGB,MPO,14,True,True
巡检识别\第一批优先资料\01_原始图像及视频\01_匿名堤防红外巡检图像\DJI_20250828094854_0027_T.JPG,640,512,RGB,MPO,14,True,True
巡检识别\第一批优先资料\01_原始图像及视频\01_匿名堤防红外巡检图像\DJI_20250828094859_0028_T.JPG,640,512,RGB,MPO,14,True,True
巡检识别\第一批优先资料\01_原始图像及视频\01_匿名堤防红外巡检图像\DJI_20250828094903_0029_T.JPG,640,512,RGB,MPO,14,True,True
巡检识别\第一批优先资料\01_原始图像及视频\01_匿名堤防红外巡检图像\DJI_20250828094905_0030_T.JPG,640,512,RGB,MPO,14,True,True
巡检识别\第一批优先资料\01_原始图像及视频\01_匿名堤防红外巡检图像\DJI_20250828094908_0031_T.JPG,640,512,RGB,MPO,14,True,True
巡检识别\第一批优先资料\01_原始图像及视频\01_匿名堤防红外巡检图像\DJI_20250828094912_0032_T.JPG,640,512,RGB,MPO,14,True,True
巡检识别\第一批优先资料\01_原始图像及视频\01_匿名堤防红外巡检图像\DJI_20250828094919_0033_T.JPG,640,512,RGB,MPO,14,True,True
巡检识别\第一批优先资料\01_原始图像及视频\01_匿名堤防红外巡检图像\DJI_20250828094921_0034_T.JPG,640,512,RGB,MPO,14,True,True
巡检识别\第一批优先资料\01_原始图像及视频\01_匿名堤防红外巡检图像\DJI_20250828094924_0035_T.JPG,640,512,RGB,MPO,14,True,True
巡检识别\第一批优先资料\01_原始图像及视频\01_匿名堤防红外巡检图像\DJI_20250828094926_0036_T.JPG,640,512,RGB,MPO,14,True,True
巡检识别\第一批优先资料\01_原始图像及视频\01_匿名堤防红外巡检图像\DJI_20250828094930_0037_T.JPG,640,512,RGB,MPO,14,True,True
巡检识别\第一批优先资料\01_原始图像及视频\01_匿名堤防红外巡检图像\DJI_20250828094933_0038_T.JPG,640,512,RGB,MPO,14,True,True
巡检识别\第一批优先资料\01_原始图像及视频\01_匿名堤防红外巡检图像\DJI_20250828094935_0039_T.JPG,640,512,RGB,MPO,14,True,True
巡检识别\第一批优先资料\01_原始图像及视频\01_匿名堤防红外巡检图像\DJI_20250828094937_0040_T.JPG,640,512,RGB,MPO,14,True,True
巡检识别\第一批优先资料\01_原始图像及视频\01_匿名堤防红外巡检图像\DJI_20250828094939_0041_T.JPG,640,512,RGB,MPO,14,True,True
巡检识别\第一批优先资料\01_原始图像及视频\01_匿名堤防红外巡检图像\DJI_20250828094941_0042_T.JPG,640,512,RGB,MPO,14,True,True
巡检识别\第一批优先资料\01_原始图像及视频\01_匿名堤防红外巡检图像\DJI_20250828094943_0043_T.JPG,640,512,RGB,MPO,14,True,True
巡检识别\第一批优先资料\01_原始图像及视频\01_匿名堤防红外巡检图像\DJI_20250828095100_0044_T.JPG,640,512,RGB,MPO,14,True,True
巡检识别\第一批优先资料\01_原始图像及视频\01_匿名堤防红外巡检图像\DJI_20250828095136_0045_T.JPG,640,512,RGB,MPO,14,True,True
巡检识别\第一批优先资料\01_原始图像及视频\01_匿名堤防红外巡检图像\DJI_20250828095141_0046_T.JPG,640,512,RGB,MPO,14,True,True
巡检识别\第一批优先资料\01_原始图像及视频\01_匿名堤防红外巡检图像\DJI_20250828095143_0047_T.JPG,640,512,RGB,MPO,14,True,True
巡检识别\第一批优先资料\01_原始图像及视频\01_匿名堤防红外巡检图像\DJI_20250828095144_0048_T.JPG,640,512,RGB,MPO,14,True,True
巡检识别\第一批优先资料\01_原始图像及视频\01_匿名堤防红外巡检图像\DJI_20250828095146_0049_T.JPG,640,512,RGB,MPO,14,True,True
巡检识别\第一批优先资料\01_原始图像及视频\01_匿名堤防红外巡检图像\DJI_20250828095148_0050_T.JPG,640,512,RGB,MPO,14,True,True
巡检识别\第一批优先资料\01_原始图像及视频\01_匿名堤防红外巡检图像\DJI_20250828095151_0051_T.JPG,640,512,RGB,MPO,14,True,True
巡检识别\第一批优先资料\01_原始图像及视频\01_匿名堤防红外巡检图像\DJI_20250828095153_0052_T.JPG,640,512,RGB,MPO,14,True,True
巡检识别\第一批优先资料\01_原始图像及视频\01_匿名堤防红外巡检图像\DJI_20250828095155_0053_T.JPG,640,512,RGB,MPO,14,True,True
巡检识别\第一批优先资料\01_原始图像及视频\01_匿名堤防红外巡检图像\DJI_20250828095158_0054_T.JPG,640,512,RGB,MPO,14,True,True
巡检识别\第一批优先资料\01_原始图像及视频\01_匿名堤防红外巡检图像\DJI_20250828095200_0055_T.JPG,640,512,RGB,MPO,14,True,True
巡检识别\第一批优先资料\01_原始图像及视频\01_匿名堤防红外巡检图像\DJI_20250828095202_0056_T.JPG,640,512,RGB,MPO,14,True,True
巡检识别\第一批优先资料\01_原始图像及视频\01_匿名堤防红外巡检图像\DJI_20250828095205_0057_T.JPG,640,512,RGB,MPO,14,True,True
巡检识别\第一批优先资料\01_原始图像及视频\01_匿名堤防红外巡检图像\DJI_20250828095207_0058_T.JPG,640,512,RGB,MPO,14,True,True
巡检识别\第一批优先资料\01_原始图像及视频\01_匿名堤防红外巡检图像\DJI_20250828095214_0059_T.JPG,640,512,RGB,MPO,14,True,True
巡检识别\第一批优先资料\01_原始图像及视频\01_匿名堤防红外巡检图像\DJI_20250828095221_0060_T.JPG,640,512,RGB,MPO,14,True,True
巡检识别\第一批优先资料\01_原始图像及视频\01_匿名堤防红外巡检图像\DJI_20250828095314_0061_T.JPG,640,512,RGB,MPO,14,True,True
巡检识别\第一批优先资料\01_原始图像及视频\01_匿名堤防红外巡检图像\DJI_20250828095320_0062_T.JPG,640,512,RGB,MPO,14,True,True
巡检识别\第一批优先资料\01_原始图像及视频\01_匿名堤防红外巡检图像\DJI_20250828095346_0063_T.JPG,640,512,RGB,MPO,14,True,True
巡检识别\第一批优先资料\01_原始图像及视频\01_匿名堤防红外巡检图像\DJI_20250828095357_0064_T.JPG,640,512,RGB,MPO,14,True,True
巡检识别\第一批优先资料\01_原始图像及视频\01_匿名堤防红外巡检图像\DJI_20250828095359_0065_T.JPG,640,512,RGB,MPO,14,True,True
巡检识别\第一批优先资料\01_原始图像及视频\01_匿名堤防红外巡检图像\DJI_20250828095402_0066_T.JPG,640,512,RGB,MPO,14,True,True
巡检识别\第一批优先资料\01_原始图像及视频\01_匿名堤防红外巡检图像\DJI_20250828095406_0067_T.JPG,640,512,RGB,MPO,14,True,True
巡检识别\第一批优先资料\01_原始图像及视频\01_匿名堤防红外巡检图像\DJI_20250828095419_0068_T.JPG,640,512,RGB,MPO,14,True,True
巡检识别\第一批优先资料\01_原始图像及视频\01_匿名堤防红外巡检图像\DJI_20250828095427_0069_T.JPG,640,512,RGB,MPO,14,True,True
巡检识别\第一批优先资料\01_原始图像及视频\01_匿名堤防红外巡检图像\DJI_20250828095430_0070_T.JPG,640,512,RGB,MPO,14,True,True
巡检识别\第一批优先资料\01_原始图像及视频\01_匿名堤防红外巡检图像\DJI_20250828095434_0071_T.JPG,640,512,RGB,MPO,14,True,True
巡检识别\第一批优先资料\01_原始图像及视频\01_匿名堤防红外巡检图像\DJI_20250828095626_0072_T.JPG,640,512,RGB,MPO,14,True,True
巡检识别\第一批优先资料\01_原始图像及视频\01_匿名堤防红外巡检图像\DJI_20250828095659_0073_T.JPG,640,512,RGB,MPO,14,True,True
巡检识别\第一批优先资料\01_原始图像及视频\01_匿名堤防红外巡检图像\DJI_20250828095702_0074_T.JPG,640,512,RGB,MPO,14,True,True
巡检识别\第一批优先资料\01_原始图像及视频\01_匿名堤防红外巡检图像\DJI_20250828095733_0075_T.JPG,640,512,RGB,MPO,14,True,True
巡检识别\第一批优先资料\01_原始图像及视频\01_匿名堤防红外巡检图像\DJI_20250828095745_0076_T.JPG,640,512,RGB,MPO,14,True,True
巡检识别\第一批优先资料\01_原始图像及视频\01_匿名堤防红外巡检图像\DJI_20250828095754_0077_T.JPG,640,512,RGB,MPO,14,True,True
巡检识别\第一批优先资料\01_原始图像及视频\01_匿名堤防红外巡检图像\DJI_20250828095848_0078_T.JPG,640,512,RGB,MPO,14,True,True
巡检识别\第一批优先资料\01_原始图像及视频\01_匿名堤防红外巡检图像\DJI_20250828095908_0079_T.JPG,640,512,RGB,MPO,14,True,True
巡检识别\第一批优先资料\01_原始图像及视频\01_匿名堤防红外巡检图像\DJI_20250828095911_0080_T.JPG,640,512,RGB,MPO,14,True,True
巡检识别\第一批优先资料\01_原始图像及视频\01_匿名堤防红外巡检图像\DJI_20250828095914_0081_T.JPG,640,512,RGB,MPO,14,True,True
巡检识别\第一批优先资料\01_原始图像及视频\01_匿名堤防红外巡检图像\DJI_20250828095916_0082_T.JPG,640,512,RGB,MPO,14,True,True
巡检识别\第一批优先资料\01_原始图像及视频\01_匿名堤防红外巡检图像\DJI_20250828095940_0083_T.JPG,640,512,RGB,MPO,14,True,True
巡检识别\第一批优先资料\01_原始图像及视频\01_匿名堤防红外巡检图像\DJI_20250828100004_0084_T.JPG,640,512,RGB,MPO,14,True,True
巡检识别\第一批优先资料\01_原始图像及视频\01_匿名堤防红外巡检图像\DJI_20250828100053_0085_T.JPG,640,512,RGB,MPO,14,True,True
巡检识别\第一批优先资料\01_原始图像及视频\01_匿名堤防红外巡检图像\DJI_20250828100114_0086_T.JPG,640,512,RGB,MPO,14,True,True
巡检识别\第一批优先资料\01_原始图像及视频\01_匿名堤防红外巡检图像\DJI_20250828100204_0087_T.JPG,640,512,RGB,MPO,14,True,True
巡检识别\第一批优先资料\01_原始图像及视频\01_匿名堤防红外巡检图像\DJI_20250828103837_0001_T.JPG,640,512,RGB,MPO,14,True,True
巡检识别\第一批优先资料\01_原始图像及视频\01_匿名堤防红外巡检图像\DJI_20250828103905_0002_T.JPG,640,512,RGB,MPO,14,True,True
巡检识别\第一批优先资料\01_原始图像及视频\01_匿名堤防红外巡检图像\DJI_20250828104036_0004_T.JPG,640,512,RGB,MPO,14,True,True
巡检识别\第一批优先资料\01_原始图像及视频\01_匿名堤防红外巡检图像\DJI_20250828104041_0005_T.JPG,640,512,RGB,MPO,14,True,True
巡检识别\第一批优先资料\01_原始图像及视频\01_匿名堤防红外巡检图像\DJI_20250828104333_0006_T.JPG,640,512,RGB,MPO,14,True,True
巡检识别\第一批优先资料\01_原始图像及视频\01_匿名堤防红外巡检图像\DJI_20250828104817_0010_T.JPG,640,512,RGB,MPO,14,True,True
巡检识别\第一批优先资料\01_原始图像及视频\01_匿名堤防红外巡检图像\DJI_20250828105118_0011_T.JPG,640,512,RGB,MPO,14,True,True
巡检识别\第一批优先资料\01_原始图像及视频\01_匿名堤防红外巡检图像\DJI_20250828105123_0012_T.JPG,640,512,RGB,MPO,14,True,True
巡检识别\第一批优先资料\01_原始图像及视频\01_匿名堤防红外巡检图像\DJI_20250828105139_0013_T.JPG,640,512,RGB,MPO,14,True,True
巡检识别\第一批优先资料\01_原始图像及视频\01_匿名堤防红外巡检图像\DJI_20250828105159_0014_T.JPG,640,512,RGB,MPO,14,True,True
巡检识别\第一批优先资料\01_原始图像及视频\01_匿名堤防红外巡检图像\DJI_20250828105229_0015_T.JPG,640,512,RGB,MPO,14,True,True
巡检识别\第一批优先资料\01_原始图像及视频\01_匿名堤防红外巡检图像\DJI_20250828105239_0016_T.JPG,640,512,RGB,MPO,14,True,True
巡检识别\第一批优先资料\01_原始图像及视频\01_匿名堤防红外巡检图像\DJI_20250828105853_0020_T.JPG,640,512,RGB,MPO,14,True,True
巡检识别\第一批优先资料\01_原始图像及视频\01_匿名堤防红外巡检图像\DJI_20250828105859_0021_T.JPG,640,512,RGB,MPO,14,True,True
巡检识别\第一批优先资料\01_原始图像及视频\01_匿名堤防红外巡检图像\DJI_20250828110128_0023_T.JPG,640,512,RGB,MPO,14,True,True
巡检识别\第一批优先资料\01_原始图像及视频\01_匿名堤防红外巡检图像\DJI_20250828110229_0024_T.JPG,640,512,RGB,MPO,14,True,True
巡检识别\第一批优先资料\01_原始图像及视频\01_匿名堤防红外巡检图像\DJI_20250828110510_0026_T.JPG,640,512,RGB,MPO,14,True,True
巡检识别\第一批优先资料\01_原始图像及视频\01_匿名堤防红外巡检图像\DJI_20250828111341_0029_T.JPG,640,512,RGB,MPO,14,True,True
巡检识别\第一批优先资料\01_原始图像及视频\01_匿名堤防红外巡检图像\DJI_20250828111347_0030_T.JPG,640,512,RGB,MPO,14,True,True
巡检识别\第一批优先资料\01_原始图像及视频\01_匿名堤防红外巡检图像\DJI_20250828111402_0031_T.JPG,640,512,RGB,MPO,14,True,True
巡检识别\第一批优先资料\01_原始图像及视频\01_匿名堤防红外巡检图像\DJI_20250828111520_0032_T.JPG,640,512,RGB,MPO,14,True,True
巡检识别\第一批优先资料\01_原始图像及视频\01_匿名堤防红外巡检图像\DJI_20250828111533_0033_T.JPG,640,512,RGB,MPO,14,True,True
巡检识别\第一批优先资料\01_原始图像及视频\01_匿名堤防红外巡检图像\DJI_20250828111545_0034_T.JPG,640,512,RGB,MPO,14,True,True
巡检识别\第一批优先资料\01_原始图像及视频\01_匿名堤防红外巡检图像\DJI_20250828111554_0035_T.JPG,640,512,RGB,MPO,14,True,True
巡检识别\第一批优先资料\01_原始图像及视频\01_匿名堤防红外巡检图像\DJI_20250828150201_0002_S.JPG,1920,1080,RGB,MPO,14,True,True
巡检识别\第一批优先资料\01_原始图像及视频\01_匿名堤防红外巡检图像\DJI_20250828150201_0002_T.JPG,640,512,RGB,MPO,14,True,True
巡检识别\第一批优先资料\01_原始图像及视频\01_匿名堤防红外巡检图像\DJI_20250828150304_0004_T.JPG,640,512,RGB,MPO,14,True,True
巡检识别\第一批优先资料\01_原始图像及视频\02_人造管涌渗漏点红外图像（验证）\164_P_HH230525_P_R_T_10_A_P_0_N_01.jpg,640,640,RGB,JPEG,0,False,False
巡检识别\第一批优先资料\01_原始图像及视频\02_人造管涌渗漏点红外图像（验证）\179_P_HH230527_A_S_T_20_B_B_0_N_28.jpg,640,640,RGB,JPEG,0,False,False
巡检识别\第一批优先资料\01_原始图像及视频\02_人造管涌渗漏点红外图像（验证）\199_P_HH230530_A_R_T_10_A_G_0_D1_28.jpg,640,640,RGB,JPEG,0,False,False
巡检识别\第一批优先资料\01_原始图像及视频\02_人造管涌渗漏点红外图像（验证）\207_P_HH230530_P_C_T_10_A_P_0_V2W1_03.jpg,640,640,RGB,JPEG,0,False,False
巡检识别\第一批优先资料\01_原始图像及视频\02_人造管涌渗漏点红外图像（验证）\210_P_HH230530_P_C_T_10_A_P_0_V2W2_04.jpg,640,640,RGB,JPEG,0,False,False
巡检识别\第一批优先资料\01_原始图像及视频\02_人造管涌渗漏点红外图像（验证）\286_P_JP230612_B_S_T_10_B_C_0_P1_31.jpg,640,640,RGB,JPEG,0,False,False
巡检识别\第一批优先资料\01_原始图像及视频\02_人造管涌渗漏点红外图像（验证）\P_AH230620_A_S_T_10_B_P_0_D1_02.jpg,640,640,RGB,JPEG,0,False,False
巡检识别\第一批优先资料\01_原始图像及视频\02_人造管涌渗漏点红外图像（验证）\P_AH230620_A_S_T_10_B_P_0_D1_04.jpg,640,640,RGB,JPEG,0,False,False
巡检识别\第一批优先资料\01_原始图像及视频\02_人造管涌渗漏点红外图像（验证）\P_AH230620_A_S_T_10_B_P_0_D1_48.jpg,640,640,RGB,JPEG,0,False,False
巡检识别\第一批优先资料\01_原始图像及视频\02_人造管涌渗漏点红外图像（验证）\P_AH230620_A_S_T_20_B_P_0_D1_04.jpg,640,640,RGB,JPEG,0,False,False
巡检识别\第一批优先资料\01_原始图像及视频\02_人造管涌渗漏点红外图像（验证）\P_AH230620_A_S_T_20_B_P_0_D1_20.jpg,640,640,RGB,JPEG,0,False,False
巡检识别\第一批优先资料\01_原始图像及视频\02_人造管涌渗漏点红外图像（验证）\P_AH230620_A_S_T_20_B_P_0_D1_27.jpg,640,640,RGB,JPEG,0,False,False
巡检识别\第一批优先资料\01_原始图像及视频\02_人造管涌渗漏点红外图像（验证）\tu0196.jpg,640,360,RGB,JPEG,0,False,False
巡检识别\第一批优先资料\02_检测框与置信度输出\01_匿名堤防红外巡检图像检测结果\detections\DJI_20250828094102_0001_T.jpg,640,512,RGB,JPEG,0,False,False
巡检识别\第一批优先资料\02_检测框与置信度输出\01_匿名堤防红外巡检图像检测结果\detections\DJI_20250828094140_0002_T.jpg,640,512,RGB,JPEG,0,False,False
巡检识别\第一批优先资料\02_检测框与置信度输出\01_匿名堤防红外巡检图像检测结果\detections\DJI_20250828094205_0003_T.jpg,640,512,RGB,JPEG,0,False,False
巡检识别\第一批优先资料\02_检测框与置信度输出\01_匿名堤防红外巡检图像检测结果\detections\DJI_20250828094211_0004_T.jpg,640,512,RGB,JPEG,0,False,False
巡检识别\第一批优先资料\02_检测框与置信度输出\01_匿名堤防红外巡检图像检测结果\detections\DJI_20250828094214_0005_T.jpg,640,512,RGB,JPEG,0,False,False
巡检识别\第一批优先资料\02_检测框与置信度输出\01_匿名堤防红外巡检图像检测结果\detections\DJI_20250828094219_0006_T.jpg,640,512,RGB,JPEG,0,False,False
巡检识别\第一批优先资料\02_检测框与置信度输出\01_匿名堤防红外巡检图像检测结果\detections\DJI_20250828094335_0007_T.jpg,640,512,RGB,JPEG,0,False,False
巡检识别\第一批优先资料\02_检测框与置信度输出\01_匿名堤防红外巡检图像检测结果\detections\DJI_20250828094339_0008_T.jpg,640,512,RGB,JPEG,0,False,False
巡检识别\第一批优先资料\02_检测框与置信度输出\01_匿名堤防红外巡检图像检测结果\detections\DJI_20250828094527_0009_T.jpg,640,512,RGB,JPEG,0,False,False
巡检识别\第一批优先资料\02_检测框与置信度输出\01_匿名堤防红外巡检图像检测结果\detections\DJI_20250828094535_0010_T.jpg,640,512,RGB,JPEG,0,False,False
巡检识别\第一批优先资料\02_检测框与置信度输出\01_匿名堤防红外巡检图像检测结果\detections\DJI_20250828094537_0011_T.jpg,640,512,RGB,JPEG,0,False,False
巡检识别\第一批优先资料\02_检测框与置信度输出\01_匿名堤防红外巡检图像检测结果\detections\DJI_20250828094539_0012_T.jpg,640,512,RGB,JPEG,0,False,False
巡检识别\第一批优先资料\02_检测框与置信度输出\01_匿名堤防红外巡检图像检测结果\detections\DJI_20250828094541_0013_T.jpg,640,512,RGB,JPEG,0,False,False
巡检识别\第一批优先资料\02_检测框与置信度输出\01_匿名堤防红外巡检图像检测结果\detections\DJI_20250828094543_0014_T.jpg,640,512,RGB,JPEG,0,False,False
巡检识别\第一批优先资料\02_检测框与置信度输出\01_匿名堤防红外巡检图像检测结果\detections\DJI_20250828094547_0015_T.jpg,640,512,RGB,JPEG,0,False,False
巡检识别\第一批优先资料\02_检测框与置信度输出\01_匿名堤防红外巡检图像检测结果\detections\DJI_20250828094550_0016_T.jpg,640,512,RGB,JPEG,0,False,False
巡检识别\第一批优先资料\02_检测框与置信度输出\01_匿名堤防红外巡检图像检测结果\detections\DJI_20250828094554_0017_T.jpg,640,512,RGB,JPEG,0,False,False
巡检识别\第一批优先资料\02_检测框与置信度输出\01_匿名堤防红外巡检图像检测结果\detections\DJI_20250828094556_0018_T.jpg,640,512,RGB,JPEG,0,False,False
巡检识别\第一批优先资料\02_检测框与置信度输出\01_匿名堤防红外巡检图像检测结果\detections\DJI_20250828094558_0019_T.jpg,640,512,RGB,JPEG,0,False,False
巡检识别\第一批优先资料\02_检测框与置信度输出\01_匿名堤防红外巡检图像检测结果\detections\DJI_20250828094600_0020_T.jpg,640,512,RGB,JPEG,0,False,False
巡检识别\第一批优先资料\02_检测框与置信度输出\01_匿名堤防红外巡检图像检测结果\detections\DJI_20250828094602_0021_T.jpg,640,512,RGB,JPEG,0,False,False
巡检识别\第一批优先资料\02_检测框与置信度输出\01_匿名堤防红外巡检图像检测结果\detections\DJI_20250828094605_0022_T.jpg,640,512,RGB,JPEG,0,False,False
巡检识别\第一批优先资料\02_检测框与置信度输出\01_匿名堤防红外巡检图像检测结果\detections\DJI_20250828094607_0023_T.jpg,640,512,RGB,JPEG,0,False,False
巡检识别\第一批优先资料\02_检测框与置信度输出\01_匿名堤防红外巡检图像检测结果\detections\DJI_20250828094610_0024_T.jpg,640,512,RGB,JPEG,0,False,False
巡检识别\第一批优先资料\02_检测框与置信度输出\01_匿名堤防红外巡检图像检测结果\detections\DJI_20250828094849_0025_T.jpg,640,512,RGB,JPEG,0,False,False
巡检识别\第一批优先资料\02_检测框与置信度输出\01_匿名堤防红外巡检图像检测结果\detections\DJI_20250828094851_0026_T.jpg,640,512,RGB,JPEG,0,False,False
巡检识别\第一批优先资料\02_检测框与置信度输出\01_匿名堤防红外巡检图像检测结果\detections\DJI_20250828094854_0027_T.jpg,640,512,RGB,JPEG,0,False,False
巡检识别\第一批优先资料\02_检测框与置信度输出\01_匿名堤防红外巡检图像检测结果\detections\DJI_20250828094859_0028_T.jpg,640,512,RGB,JPEG,0,False,False
巡检识别\第一批优先资料\02_检测框与置信度输出\01_匿名堤防红外巡检图像检测结果\detections\DJI_20250828094903_0029_T.jpg,640,512,RGB,JPEG,0,False,False
巡检识别\第一批优先资料\02_检测框与置信度输出\01_匿名堤防红外巡检图像检测结果\detections\DJI_20250828094905_0030_T.jpg,640,512,RGB,JPEG,0,False,False
巡检识别\第一批优先资料\02_检测框与置信度输出\01_匿名堤防红外巡检图像检测结果\detections\DJI_20250828094908_0031_T.jpg,640,512,RGB,JPEG,0,False,False
巡检识别\第一批优先资料\02_检测框与置信度输出\01_匿名堤防红外巡检图像检测结果\detections\DJI_20250828094912_0032_T.jpg,640,512,RGB,JPEG,0,False,False
巡检识别\第一批优先资料\02_检测框与置信度输出\01_匿名堤防红外巡检图像检测结果\detections\DJI_20250828094919_0033_T.jpg,640,512,RGB,JPEG,0,False,False
巡检识别\第一批优先资料\02_检测框与置信度输出\01_匿名堤防红外巡检图像检测结果\detections\DJI_20250828094921_0034_T.jpg,640,512,RGB,JPEG,0,False,False
巡检识别\第一批优先资料\02_检测框与置信度输出\01_匿名堤防红外巡检图像检测结果\detections\DJI_20250828094924_0035_T.jpg,640,512,RGB,JPEG,0,False,False
巡检识别\第一批优先资料\02_检测框与置信度输出\01_匿名堤防红外巡检图像检测结果\detections\DJI_20250828094926_0036_T.jpg,640,512,RGB,JPEG,0,False,False
巡检识别\第一批优先资料\02_检测框与置信度输出\01_匿名堤防红外巡检图像检测结果\detections\DJI_20250828094930_0037_T.jpg,640,512,RGB,JPEG,0,False,False
巡检识别\第一批优先资料\02_检测框与置信度输出\01_匿名堤防红外巡检图像检测结果\detections\DJI_20250828094933_0038_T.jpg,640,512,RGB,JPEG,0,False,False
巡检识别\第一批优先资料\02_检测框与置信度输出\01_匿名堤防红外巡检图像检测结果\detections\DJI_20250828094935_0039_T.jpg,640,512,RGB,JPEG,0,False,False
巡检识别\第一批优先资料\02_检测框与置信度输出\01_匿名堤防红外巡检图像检测结果\detections\DJI_20250828094937_0040_T.jpg,640,512,RGB,JPEG,0,False,False
巡检识别\第一批优先资料\02_检测框与置信度输出\01_匿名堤防红外巡检图像检测结果\detections\DJI_20250828094939_0041_T.jpg,640,512,RGB,JPEG,0,False,False
巡检识别\第一批优先资料\02_检测框与置信度输出\01_匿名堤防红外巡检图像检测结果\detections\DJI_20250828094941_0042_T.jpg,640,512,RGB,JPEG,0,False,False
巡检识别\第一批优先资料\02_检测框与置信度输出\01_匿名堤防红外巡检图像检测结果\detections\DJI_20250828094943_0043_T.jpg,640,512,RGB,JPEG,0,False,False
巡检识别\第一批优先资料\02_检测框与置信度输出\01_匿名堤防红外巡检图像检测结果\detections\DJI_20250828095100_0044_T.jpg,640,512,RGB,JPEG,0,False,False
巡检识别\第一批优先资料\02_检测框与置信度输出\01_匿名堤防红外巡检图像检测结果\detections\DJI_20250828095136_0045_T.jpg,640,512,RGB,JPEG,0,False,False
巡检识别\第一批优先资料\02_检测框与置信度输出\01_匿名堤防红外巡检图像检测结果\detections\DJI_20250828095141_0046_T.jpg,640,512,RGB,JPEG,0,False,False
巡检识别\第一批优先资料\02_检测框与置信度输出\01_匿名堤防红外巡检图像检测结果\detections\DJI_20250828095143_0047_T.jpg,640,512,RGB,JPEG,0,False,False
巡检识别\第一批优先资料\02_检测框与置信度输出\01_匿名堤防红外巡检图像检测结果\detections\DJI_20250828095144_0048_T.jpg,640,512,RGB,JPEG,0,False,False
巡检识别\第一批优先资料\02_检测框与置信度输出\01_匿名堤防红外巡检图像检测结果\detections\DJI_20250828095146_0049_T.jpg,640,512,RGB,JPEG,0,False,False
巡检识别\第一批优先资料\02_检测框与置信度输出\01_匿名堤防红外巡检图像检测结果\detections\DJI_20250828095148_0050_T.jpg,640,512,RGB,JPEG,0,False,False
巡检识别\第一批优先资料\02_检测框与置信度输出\01_匿名堤防红外巡检图像检测结果\detections\DJI_20250828095151_0051_T.jpg,640,512,RGB,JPEG,0,False,False
巡检识别\第一批优先资料\02_检测框与置信度输出\01_匿名堤防红外巡检图像检测结果\detections\DJI_20250828095153_0052_T.jpg,640,512,RGB,JPEG,0,False,False
巡检识别\第一批优先资料\02_检测框与置信度输出\01_匿名堤防红外巡检图像检测结果\detections\DJI_20250828095155_0053_T.jpg,640,512,RGB,JPEG,0,False,False
巡检识别\第一批优先资料\02_检测框与置信度输出\01_匿名堤防红外巡检图像检测结果\detections\DJI_20250828095158_0054_T.jpg,640,512,RGB,JPEG,0,False,False
巡检识别\第一批优先资料\02_检测框与置信度输出\01_匿名堤防红外巡检图像检测结果\detections\DJI_20250828095200_0055_T.jpg,640,512,RGB,JPEG,0,False,False
巡检识别\第一批优先资料\02_检测框与置信度输出\01_匿名堤防红外巡检图像检测结果\detections\DJI_20250828095202_0056_T.jpg,640,512,RGB,JPEG,0,False,False
巡检识别\第一批优先资料\02_检测框与置信度输出\01_匿名堤防红外巡检图像检测结果\detections\DJI_20250828095205_0057_T.jpg,640,512,RGB,JPEG,0,False,False
巡检识别\第一批优先资料\02_检测框与置信度输出\01_匿名堤防红外巡检图像检测结果\detections\DJI_20250828095207_0058_T.jpg,640,512,RGB,JPEG,0,False,False
巡检识别\第一批优先资料\02_检测框与置信度输出\01_匿名堤防红外巡检图像检测结果\detections\DJI_20250828095214_0059_T.jpg,640,512,RGB,JPEG,0,False,False
巡检识别\第一批优先资料\02_检测框与置信度输出\01_匿名堤防红外巡检图像检测结果\detections\DJI_20250828095221_0060_T.jpg,640,512,RGB,JPEG,0,False,False
巡检识别\第一批优先资料\02_检测框与置信度输出\01_匿名堤防红外巡检图像检测结果\detections\DJI_20250828095314_0061_T.jpg,640,512,RGB,JPEG,0,False,False
巡检识别\第一批优先资料\02_检测框与置信度输出\01_匿名堤防红外巡检图像检测结果\detections\DJI_20250828095320_0062_T.jpg,640,512,RGB,JPEG,0,False,False
巡检识别\第一批优先资料\02_检测框与置信度输出\01_匿名堤防红外巡检图像检测结果\detections\DJI_20250828095346_0063_T.jpg,640,512,RGB,JPEG,0,False,False
巡检识别\第一批优先资料\02_检测框与置信度输出\01_匿名堤防红外巡检图像检测结果\detections\DJI_20250828095357_0064_T.jpg,640,512,RGB,JPEG,0,False,False
巡检识别\第一批优先资料\02_检测框与置信度输出\01_匿名堤防红外巡检图像检测结果\detections\DJI_20250828095359_0065_T.jpg,640,512,RGB,JPEG,0,False,False
巡检识别\第一批优先资料\02_检测框与置信度输出\01_匿名堤防红外巡检图像检测结果\detections\DJI_20250828095402_0066_T.jpg,640,512,RGB,JPEG,0,False,False
巡检识别\第一批优先资料\02_检测框与置信度输出\01_匿名堤防红外巡检图像检测结果\detections\DJI_20250828095406_0067_T.jpg,640,512,RGB,JPEG,0,False,False
巡检识别\第一批优先资料\02_检测框与置信度输出\01_匿名堤防红外巡检图像检测结果\detections\DJI_20250828095419_0068_T.jpg,640,512,RGB,JPEG,0,False,False
巡检识别\第一批优先资料\02_检测框与置信度输出\01_匿名堤防红外巡检图像检测结果\detections\DJI_20250828095427_0069_T.jpg,640,512,RGB,JPEG,0,False,False
巡检识别\第一批优先资料\02_检测框与置信度输出\01_匿名堤防红外巡检图像检测结果\detections\DJI_20250828095430_0070_T.jpg,640,512,RGB,JPEG,0,False,False
巡检识别\第一批优先资料\02_检测框与置信度输出\01_匿名堤防红外巡检图像检测结果\detections\DJI_20250828095434_0071_T.jpg,640,512,RGB,JPEG,0,False,False
巡检识别\第一批优先资料\02_检测框与置信度输出\01_匿名堤防红外巡检图像检测结果\detections\DJI_20250828095626_0072_T.jpg,640,512,RGB,JPEG,0,False,False
巡检识别\第一批优先资料\02_检测框与置信度输出\01_匿名堤防红外巡检图像检测结果\detections\DJI_20250828095659_0073_T.jpg,640,512,RGB,JPEG,0,False,False
巡检识别\第一批优先资料\02_检测框与置信度输出\01_匿名堤防红外巡检图像检测结果\detections\DJI_20250828095702_0074_T.jpg,640,512,RGB,JPEG,0,False,False
巡检识别\第一批优先资料\02_检测框与置信度输出\01_匿名堤防红外巡检图像检测结果\detections\DJI_20250828095733_0075_T.jpg,640,512,RGB,JPEG,0,False,False
巡检识别\第一批优先资料\02_检测框与置信度输出\01_匿名堤防红外巡检图像检测结果\detections\DJI_20250828095745_0076_T.jpg,640,512,RGB,JPEG,0,False,False
巡检识别\第一批优先资料\02_检测框与置信度输出\01_匿名堤防红外巡检图像检测结果\detections\DJI_20250828095754_0077_T.jpg,640,512,RGB,JPEG,0,False,False
巡检识别\第一批优先资料\02_检测框与置信度输出\01_匿名堤防红外巡检图像检测结果\detections\DJI_20250828095848_0078_T.jpg,640,512,RGB,JPEG,0,False,False
巡检识别\第一批优先资料\02_检测框与置信度输出\01_匿名堤防红外巡检图像检测结果\detections\DJI_20250828095908_0079_T.jpg,640,512,RGB,JPEG,0,False,False
巡检识别\第一批优先资料\02_检测框与置信度输出\01_匿名堤防红外巡检图像检测结果\detections\DJI_20250828095911_0080_T.jpg,640,512,RGB,JPEG,0,False,False
巡检识别\第一批优先资料\02_检测框与置信度输出\01_匿名堤防红外巡检图像检测结果\detections\DJI_20250828095914_0081_T.jpg,640,512,RGB,JPEG,0,False,False
巡检识别\第一批优先资料\02_检测框与置信度输出\01_匿名堤防红外巡检图像检测结果\detections\DJI_20250828095916_0082_T.jpg,640,512,RGB,JPEG,0,False,False
巡检识别\第一批优先资料\02_检测框与置信度输出\01_匿名堤防红外巡检图像检测结果\detections\DJI_20250828095940_0083_T.jpg,640,512,RGB,JPEG,0,False,False
巡检识别\第一批优先资料\02_检测框与置信度输出\01_匿名堤防红外巡检图像检测结果\detections\DJI_20250828100004_0084_T.jpg,640,512,RGB,JPEG,0,False,False
巡检识别\第一批优先资料\02_检测框与置信度输出\01_匿名堤防红外巡检图像检测结果\detections\DJI_20250828100053_0085_T.jpg,640,512,RGB,JPEG,0,False,False
巡检识别\第一批优先资料\02_检测框与置信度输出\01_匿名堤防红外巡检图像检测结果\detections\DJI_20250828100114_0086_T.jpg,640,512,RGB,JPEG,0,False,False
巡检识别\第一批优先资料\02_检测框与置信度输出\01_匿名堤防红外巡检图像检测结果\detections\DJI_20250828100204_0087_T.jpg,640,512,RGB,JPEG,0,False,False
巡检识别\第一批优先资料\02_检测框与置信度输出\01_匿名堤防红外巡检图像检测结果\detections\DJI_20250828103837_0001_T.jpg,640,512,RGB,JPEG,0,False,False
巡检识别\第一批优先资料\02_检测框与置信度输出\01_匿名堤防红外巡检图像检测结果\detections\DJI_20250828103905_0002_T.jpg,640,512,RGB,JPEG,0,False,False
巡检识别\第一批优先资料\02_检测框与置信度输出\01_匿名堤防红外巡检图像检测结果\detections\DJI_20250828104036_0004_T.jpg,640,512,RGB,JPEG,0,False,False
巡检识别\第一批优先资料\02_检测框与置信度输出\01_匿名堤防红外巡检图像检测结果\detections\DJI_20250828104041_0005_T.jpg,640,512,RGB,JPEG,0,False,False
巡检识别\第一批优先资料\02_检测框与置信度输出\01_匿名堤防红外巡检图像检测结果\detections\DJI_20250828104333_0006_T.jpg,640,512,RGB,JPEG,0,False,False
巡检识别\第一批优先资料\02_检测框与置信度输出\01_匿名堤防红外巡检图像检测结果\detections\DJI_20250828104817_0010_T.jpg,640,512,RGB,JPEG,0,False,False
巡检识别\第一批优先资料\02_检测框与置信度输出\01_匿名堤防红外巡检图像检测结果\detections\DJI_20250828105118_0011_T.jpg,640,512,RGB,JPEG,0,False,False
巡检识别\第一批优先资料\02_检测框与置信度输出\01_匿名堤防红外巡检图像检测结果\detections\DJI_20250828105123_0012_T.jpg,640,512,RGB,JPEG,0,False,False
巡检识别\第一批优先资料\02_检测框与置信度输出\01_匿名堤防红外巡检图像检测结果\detections\DJI_20250828105139_0013_T.jpg,640,512,RGB,JPEG,0,False,False
巡检识别\第一批优先资料\02_检测框与置信度输出\01_匿名堤防红外巡检图像检测结果\detections\DJI_20250828105159_0014_T.jpg,640,512,RGB,JPEG,0,False,False
巡检识别\第一批优先资料\02_检测框与置信度输出\01_匿名堤防红外巡检图像检测结果\detections\DJI_20250828105229_0015_T.jpg,640,512,RGB,JPEG,0,False,False
巡检识别\第一批优先资料\02_检测框与置信度输出\01_匿名堤防红外巡检图像检测结果\detections\DJI_20250828105239_0016_T.jpg,640,512,RGB,JPEG,0,False,False
巡检识别\第一批优先资料\02_检测框与置信度输出\01_匿名堤防红外巡检图像检测结果\detections\DJI_20250828105853_0020_T.jpg,640,512,RGB,JPEG,0,False,False
巡检识别\第一批优先资料\02_检测框与置信度输出\01_匿名堤防红外巡检图像检测结果\detections\DJI_20250828105859_0021_T.jpg,640,512,RGB,JPEG,0,False,False
巡检识别\第一批优先资料\02_检测框与置信度输出\01_匿名堤防红外巡检图像检测结果\detections\DJI_20250828110128_0023_T.jpg,640,512,RGB,JPEG,0,False,False
巡检识别\第一批优先资料\02_检测框与置信度输出\01_匿名堤防红外巡检图像检测结果\detections\DJI_20250828110229_0024_T.jpg,640,512,RGB,JPEG,0,False,False
巡检识别\第一批优先资料\02_检测框与置信度输出\01_匿名堤防红外巡检图像检测结果\detections\DJI_20250828110510_0026_T.jpg,640,512,RGB,JPEG,0,False,False
巡检识别\第一批优先资料\02_检测框与置信度输出\01_匿名堤防红外巡检图像检测结果\detections\DJI_20250828111341_0029_T.jpg,640,512,RGB,JPEG,0,False,False
巡检识别\第一批优先资料\02_检测框与置信度输出\01_匿名堤防红外巡检图像检测结果\detections\DJI_20250828111347_0030_T.jpg,640,512,RGB,JPEG,0,False,False
巡检识别\第一批优先资料\02_检测框与置信度输出\01_匿名堤防红外巡检图像检测结果\detections\DJI_20250828111402_0031_T.jpg,640,512,RGB,JPEG,0,False,False
巡检识别\第一批优先资料\02_检测框与置信度输出\01_匿名堤防红外巡检图像检测结果\detections\DJI_20250828111520_0032_T.jpg,640,512,RGB,JPEG,0,False,False
巡检识别\第一批优先资料\02_检测框与置信度输出\01_匿名堤防红外巡检图像检测结果\detections\DJI_20250828111533_0033_T.jpg,640,512,RGB,JPEG,0,False,False
巡检识别\第一批优先资料\02_检测框与置信度输出\01_匿名堤防红外巡检图像检测结果\detections\DJI_20250828111545_0034_T.jpg,640,512,RGB,JPEG,0,False,False
巡检识别\第一批优先资料\02_检测框与置信度输出\01_匿名堤防红外巡检图像检测结果\detections\DJI_20250828111554_0035_T.jpg,640,512,RGB,JPEG,0,False,False
巡检识别\第一批优先资料\02_检测框与置信度输出\01_匿名堤防红外巡检图像检测结果\detections\DJI_20250828150201_0002_S.jpg,1920,1080,RGB,JPEG,0,False,False
巡检识别\第一批优先资料\02_检测框与置信度输出\01_匿名堤防红外巡检图像检测结果\detections\DJI_20250828150201_0002_T.jpg,640,512,RGB,JPEG,0,False,False
巡检识别\第一批优先资料\02_检测框与置信度输出\01_匿名堤防红外巡检图像检测结果\detections\DJI_20250828150304_0004_T.jpg,640,512,RGB,JPEG,0,False,False
巡检识别\第一批优先资料\02_检测框与置信度输出\02_人造管涌渗漏点红外图像（验证）检测结果\detections\164_P_HH230525_P_R_T_10_A_P_0_N_01.jpg,640,640,RGB,JPEG,0,False,False
巡检识别\第一批优先资料\02_检测框与置信度输出\02_人造管涌渗漏点红外图像（验证）检测结果\detections\179_P_HH230527_A_S_T_20_B_B_0_N_28.jpg,640,640,RGB,JPEG,0,False,False
巡检识别\第一批优先资料\02_检测框与置信度输出\02_人造管涌渗漏点红外图像（验证）检测结果\detections\199_P_HH230530_A_R_T_10_A_G_0_D1_28.jpg,640,640,RGB,JPEG,0,False,False
巡检识别\第一批优先资料\02_检测框与置信度输出\02_人造管涌渗漏点红外图像（验证）检测结果\detections\207_P_HH230530_P_C_T_10_A_P_0_V2W1_03.jpg,640,640,RGB,JPEG,0,False,False
巡检识别\第一批优先资料\02_检测框与置信度输出\02_人造管涌渗漏点红外图像（验证）检测结果\detections\210_P_HH230530_P_C_T_10_A_P_0_V2W2_04.jpg,640,640,RGB,JPEG,0,False,False
巡检识别\第一批优先资料\02_检测框与置信度输出\02_人造管涌渗漏点红外图像（验证）检测结果\detections\286_P_JP230612_B_S_T_10_B_C_0_P1_31.jpg,640,640,RGB,JPEG,0,False,False
巡检识别\第一批优先资料\02_检测框与置信度输出\02_人造管涌渗漏点红外图像（验证）检测结果\detections\P_AH230620_A_S_T_10_B_P_0_D1_02.jpg,640,640,RGB,JPEG,0,False,False
巡检识别\第一批优先资料\02_检测框与置信度输出\02_人造管涌渗漏点红外图像（验证）检测结果\detections\P_AH230620_A_S_T_10_B_P_0_D1_04.jpg,640,640,RGB,JPEG,0,False,False
巡检识别\第一批优先资料\02_检测框与置信度输出\02_人造管涌渗漏点红外图像（验证）检测结果\detections\P_AH230620_A_S_T_10_B_P_0_D1_48.jpg,640,640,RGB,JPEG,0,False,False
巡检识别\第一批优先资料\02_检测框与置信度输出\02_人造管涌渗漏点红外图像（验证）检测结果\detections\P_AH230620_A_S_T_20_B_P_0_D1_04.jpg,640,640,RGB,JPEG,0,False,False
巡检识别\第一批优先资料\02_检测框与置信度输出\02_人造管涌渗漏点红外图像（验证）检测结果\detections\P_AH230620_A_S_T_20_B_P_0_D1_20.jpg,640,640,RGB,JPEG,0,False,False
巡检识别\第一批优先资料\02_检测框与置信度输出\02_人造管涌渗漏点红外图像（验证）检测结果\detections\P_AH230620_A_S_T_20_B_P_0_D1_27.jpg,640,640,RGB,JPEG,0,False,False
巡检识别\第一批优先资料\02_检测框与置信度输出\02_人造管涌渗漏点红外图像（验证）检测结果\detections\tu0196.jpg,640,360,RGB,JPEG,0,False,False
巡检识别\第二批补充资料\01_原始辐射温度\原始辐射温度图像\DJI_20250828094102_0001_T_JPG__2026_09_27_19_27_17.jpg,739,555,RGBA,PNG,0,False,False
巡检识别\第二批补充资料\01_原始辐射温度\原始辐射温度图像\DJI_20250828094140_0002_T_JPG__2026_09_27_19_27_18.jpg,739,555,RGBA,PNG,0,False,False
巡检识别\第二批补充资料\01_原始辐射温度\原始辐射温度图像\DJI_20250828094205_0003_T_JPG__2026_09_27_19_27_18.jpg,739,555,RGBA,PNG,0,False,False
巡检识别\第二批补充资料\01_原始辐射温度\原始辐射温度图像\DJI_20250828094211_0004_T_JPG__2026_09_27_19_27_18.jpg,739,555,RGBA,PNG,0,False,False
巡检识别\第二批补充资料\01_原始辐射温度\原始辐射温度图像\DJI_20250828094214_0005_T_JPG__2026_09_27_19_27_19.jpg,739,555,RGBA,PNG,0,False,False
巡检识别\第二批补充资料\01_原始辐射温度\原始辐射温度图像\DJI_20250828094219_0006_T_JPG__2026_09_27_19_27_19.jpg,729,555,RGBA,PNG,0,False,False
巡检识别\第二批补充资料\01_原始辐射温度\原始辐射温度图像\DJI_20250828094335_0007_T_JPG__2026_09_27_19_27_19.jpg,739,555,RGBA,PNG,0,False,False
巡检识别\第二批补充资料\01_原始辐射温度\原始辐射温度图像\DJI_20250828094339_0008_T_JPG__2026_09_27_19_27_20.jpg,739,555,RGBA,PNG,0,False,False
巡检识别\第二批补充资料\01_原始辐射温度\原始辐射温度图像\DJI_20250828094527_0009_T_JPG__2026_09_27_19_27_20.jpg,739,555,RGBA,PNG,0,False,False
巡检识别\第二批补充资料\01_原始辐射温度\原始辐射温度图像\DJI_20250828094535_0010_T_JPG__2026_09_27_19_27_20.jpg,729,555,RGBA,PNG,0,False,False
巡检识别\第二批补充资料\01_原始辐射温度\原始辐射温度图像\DJI_20250828094537_0011_T_JPG__2026_09_27_19_27_20.jpg,739,555,RGBA,PNG,0,False,False
巡检识别\第二批补充资料\01_原始辐射温度\原始辐射温度图像\DJI_20250828094539_0012_T_JPG__2026_09_27_19_27_21.jpg,739,555,RGBA,PNG,0,False,False
巡检识别\第二批补充资料\01_原始辐射温度\原始辐射温度图像\DJI_20250828094541_0013_T_JPG__2026_09_27_19_27_21.jpg,739,555,RGBA,PNG,0,False,False
巡检识别\第二批补充资料\01_原始辐射温度\原始辐射温度图像\DJI_20250828094543_0014_T_JPG__2026_09_27_19_27_21.jpg,739,555,RGBA,PNG,0,False,False
巡检识别\第二批补充资料\01_原始辐射温度\原始辐射温度图像\DJI_20250828094547_0015_T_JPG__2026_09_27_19_27_22.jpg,739,555,RGBA,PNG,0,False,False
巡检识别\第二批补充资料\01_原始辐射温度\原始辐射温度图像\DJI_20250828094550_0016_T_JPG__2026_09_27_19_27_22.jpg,739,555,RGBA,PNG,0,False,False
巡检识别\第二批补充资料\01_原始辐射温度\原始辐射温度图像\DJI_20250828094554_0017_T_JPG__2026_09_27_19_27_22.jpg,739,555,RGBA,PNG,0,False,False
巡检识别\第二批补充资料\01_原始辐射温度\原始辐射温度图像\DJI_20250828094556_0018_T_JPG__2026_09_27_19_27_22.jpg,739,555,RGBA,PNG,0,False,False
巡检识别\第二批补充资料\01_原始辐射温度\原始辐射温度图像\DJI_20250828094558_0019_T_JPG__2026_09_27_19_27_23.jpg,739,555,RGBA,PNG,0,False,False
巡检识别\第二批补充资料\01_原始辐射温度\原始辐射温度图像\DJI_20250828094600_0020_T_JPG__2026_09_27_19_27_23.jpg,739,555,RGBA,PNG,0,False,False
巡检识别\第二批补充资料\01_原始辐射温度\原始辐射温度图像\DJI_20250828094602_0021_T_JPG__2026_09_27_19_27_23.jpg,739,555,RGBA,PNG,0,False,False
巡检识别\第二批补充资料\01_原始辐射温度\原始辐射温度图像\DJI_20250828094605_0022_T_JPG__2026_09_27_19_27_24.jpg,739,555,RGBA,PNG,0,False,False
巡检识别\第二批补充资料\01_原始辐射温度\原始辐射温度图像\DJI_20250828094607_0023_T_JPG__2026_09_27_19_27_24.jpg,739,555,RGBA,PNG,0,False,False
巡检识别\第二批补充资料\01_原始辐射温度\原始辐射温度图像\DJI_20250828094610_0024_T_JPG__2026_09_27_19_27_24.jpg,739,555,RGBA,PNG,0,False,False
巡检识别\第二批补充资料\01_原始辐射温度\原始辐射温度图像\DJI_20250828094849_0025_T_JPG__2026_09_27_19_27_25.jpg,739,555,RGBA,PNG,0,False,False
巡检识别\第二批补充资料\01_原始辐射温度\原始辐射温度图像\DJI_20250828094851_0026_T_JPG__2026_09_27_19_27_25.jpg,739,555,RGBA,PNG,0,False,False
巡检识别\第二批补充资料\01_原始辐射温度\原始辐射温度图像\DJI_20250828094854_0027_T_JPG__2026_09_27_19_27_25.jpg,739,555,RGBA,PNG,0,False,False
巡检识别\第二批补充资料\01_原始辐射温度\原始辐射温度图像\DJI_20250828094859_0028_T_JPG__2026_09_27_19_27_25.jpg,729,555,RGBA,PNG,0,False,False
巡检识别\第二批补充资料\01_原始辐射温度\原始辐射温度图像\DJI_20250828094903_0029_T_JPG__2026_09_27_19_27_26.jpg,729,555,RGBA,PNG,0,False,False
巡检识别\第二批补充资料\01_原始辐射温度\原始辐射温度图像\DJI_20250828094905_0030_T_JPG__2026_09_27_19_27_26.jpg,739,555,RGBA,PNG,0,False,False
巡检识别\第二批补充资料\01_原始辐射温度\原始辐射温度图像\DJI_20250828094908_0031_T_JPG__2026_09_27_19_27_26.jpg,739,555,RGBA,PNG,0,False,False
巡检识别\第二批补充资料\01_原始辐射温度\原始辐射温度图像\DJI_20250828094912_0032_T_JPG__2026_09_27_19_27_27.jpg,739,555,RGBA,PNG,0,False,False
巡检识别\第二批补充资料\01_原始辐射温度\原始辐射温度图像\DJI_20250828094919_0033_T_JPG__2026_09_27_19_27_27.jpg,739,555,RGBA,PNG,0,False,False
巡检识别\第二批补充资料\01_原始辐射温度\原始辐射温度图像\DJI_20250828094921_0034_T_JPG__2026_09_27_19_27_27.jpg,739,555,RGBA,PNG,0,False,False
巡检识别\第二批补充资料\01_原始辐射温度\原始辐射温度图像\DJI_20250828094924_0035_T_JPG__2026_09_27_19_27_28.jpg,739,555,RGBA,PNG,0,False,False
巡检识别\第二批补充资料\01_原始辐射温度\原始辐射温度图像\DJI_20250828094926_0036_T_JPG__2026_09_27_19_27_28.jpg,739,555,RGBA,PNG,0,False,False
巡检识别\第二批补充资料\01_原始辐射温度\原始辐射温度图像\DJI_20250828094930_0037_T_JPG__2026_09_27_19_27_28.jpg,739,555,RGBA,PNG,0,False,False
巡检识别\第二批补充资料\01_原始辐射温度\原始辐射温度图像\DJI_20250828094933_0038_T_JPG__2026_09_27_19_27_29.jpg,729,555,RGBA,PNG,0,False,False
巡检识别\第二批补充资料\01_原始辐射温度\原始辐射温度图像\DJI_20250828094935_0039_T_JPG__2026_09_27_19_27_29.jpg,739,555,RGBA,PNG,0,False,False
巡检识别\第二批补充资料\01_原始辐射温度\原始辐射温度图像\DJI_20250828094937_0040_T_JPG__2026_09_27_19_27_29.jpg,739,555,RGBA,PNG,0,False,False
巡检识别\第二批补充资料\01_原始辐射温度\原始辐射温度图像\DJI_20250828094939_0041_T_JPG__2026_09_27_19_27_29.jpg,739,555,RGBA,PNG,0,False,False
巡检识别\第二批补充资料\01_原始辐射温度\原始辐射温度图像\DJI_20250828094941_0042_T_JPG__2026_09_27_19_27_30.jpg,739,555,RGBA,PNG,0,False,False
巡检识别\第二批补充资料\01_原始辐射温度\原始辐射温度图像\DJI_20250828094943_0043_T_JPG__2026_09_27_19_27_30.jpg,739,555,RGBA,PNG,0,False,False
巡检识别\第二批补充资料\01_原始辐射温度\原始辐射温度图像\DJI_20250828095100_0044_T_JPG__2026_09_27_19_27_30.jpg,739,555,RGBA,PNG,0,False,False
巡检识别\第二批补充资料\01_原始辐射温度\原始辐射温度图像\DJI_20250828095136_0045_T_JPG__2026_09_27_19_27_31.jpg,739,555,RGBA,PNG,0,False,False
巡检识别\第二批补充资料\01_原始辐射温度\原始辐射温度图像\DJI_20250828095141_0046_T_JPG__2026_09_27_19_27_31.jpg,739,555,RGBA,PNG,0,False,False
巡检识别\第二批补充资料\01_原始辐射温度\原始辐射温度图像\DJI_20250828095143_0047_T_JPG__2026_09_27_19_27_31.jpg,739,555,RGBA,PNG,0,False,False
巡检识别\第二批补充资料\01_原始辐射温度\原始辐射温度图像\DJI_20250828095144_0048_T_JPG__2026_09_27_19_27_32.jpg,739,555,RGBA,PNG,0,False,False
巡检识别\第二批补充资料\01_原始辐射温度\原始辐射温度图像\DJI_20250828095146_0049_T_JPG__2026_09_27_19_27_32.jpg,739,555,RGBA,PNG,0,False,False
巡检识别\第二批补充资料\01_原始辐射温度\原始辐射温度图像\DJI_20250828095148_0050_T_JPG__2026_09_27_19_27_32.jpg,739,555,RGBA,PNG,0,False,False
巡检识别\第二批补充资料\01_原始辐射温度\原始辐射温度图像\DJI_20250828095151_0051_T_JPG__2026_09_27_19_27_32.jpg,739,555,RGBA,PNG,0,False,False
巡检识别\第二批补充资料\01_原始辐射温度\原始辐射温度图像\DJI_20250828095153_0052_T_JPG__2026_09_27_19_27_33.jpg,739,555,RGBA,PNG,0,False,False
巡检识别\第二批补充资料\01_原始辐射温度\原始辐射温度图像\DJI_20250828095155_0053_T_JPG__2026_09_27_19_27_33.jpg,739,555,RGBA,PNG,0,False,False
巡检识别\第二批补充资料\01_原始辐射温度\原始辐射温度图像\DJI_20250828095158_0054_T_JPG__2026_09_27_19_27_33.jpg,739,555,RGBA,PNG,0,False,False
巡检识别\第二批补充资料\01_原始辐射温度\原始辐射温度图像\DJI_20250828095200_0055_T_JPG__2026_09_27_19_27_34.jpg,739,555,RGBA,PNG,0,False,False
巡检识别\第二批补充资料\01_原始辐射温度\原始辐射温度图像\DJI_20250828095202_0056_T_JPG__2026_09_27_19_27_34.jpg,729,555,RGBA,PNG,0,False,False
巡检识别\第二批补充资料\01_原始辐射温度\原始辐射温度图像\DJI_20250828095205_0057_T_JPG__2026_09_27_19_27_34.jpg,739,555,RGBA,PNG,0,False,False
巡检识别\第二批补充资料\01_原始辐射温度\原始辐射温度图像\DJI_20250828095207_0058_T_JPG__2026_09_27_19_27_35.jpg,739,555,RGBA,PNG,0,False,False
巡检识别\第二批补充资料\01_原始辐射温度\原始辐射温度图像\DJI_20250828095214_0059_T_JPG__2026_09_27_19_27_35.jpg,729,555,RGBA,PNG,0,False,False
巡检识别\第二批补充资料\01_原始辐射温度\原始辐射温度图像\DJI_20250828095221_0060_T_JPG__2026_09_27_19_27_35.jpg,739,555,RGBA,PNG,0,False,False
巡检识别\第二批补充资料\01_原始辐射温度\原始辐射温度图像\DJI_20250828095314_0061_T_JPG__2026_09_27_19_27_35.jpg,739,555,RGBA,PNG,0,False,False
巡检识别\第二批补充资料\01_原始辐射温度\原始辐射温度图像\DJI_20250828095320_0062_T_JPG__2026_09_27_19_27_36.jpg,739,555,RGBA,PNG,0,False,False
巡检识别\第二批补充资料\01_原始辐射温度\原始辐射温度图像\DJI_20250828095346_0063_T_JPG__2026_09_27_19_27_36.jpg,739,555,RGBA,PNG,0,False,False
巡检识别\第二批补充资料\01_原始辐射温度\原始辐射温度图像\DJI_20250828095357_0064_T_JPG__2026_09_27_19_27_36.jpg,739,555,RGBA,PNG,0,False,False
巡检识别\第二批补充资料\01_原始辐射温度\原始辐射温度图像\DJI_20250828095359_0065_T_JPG__2026_09_27_19_27_37.jpg,739,555,RGBA,PNG,0,False,False
巡检识别\第二批补充资料\01_原始辐射温度\原始辐射温度图像\DJI_20250828095402_0066_T_JPG__2026_09_27_19_27_37.jpg,739,555,RGBA,PNG,0,False,False
巡检识别\第二批补充资料\01_原始辐射温度\原始辐射温度图像\DJI_20250828095406_0067_T_JPG__2026_09_27_19_27_37.jpg,739,555,RGBA,PNG,0,False,False
巡检识别\第二批补充资料\01_原始辐射温度\原始辐射温度图像\DJI_20250828095419_0068_T_JPG__2026_09_27_19_27_37.jpg,739,555,RGBA,PNG,0,False,False
巡检识别\第二批补充资料\01_原始辐射温度\原始辐射温度图像\DJI_20250828095427_0069_T_JPG__2026_09_27_19_27_38.jpg,739,555,RGBA,PNG,0,False,False
巡检识别\第二批补充资料\01_原始辐射温度\原始辐射温度图像\DJI_20250828095430_0070_T_JPG__2026_09_27_19_27_38.jpg,739,555,RGBA,PNG,0,False,False
巡检识别\第二批补充资料\01_原始辐射温度\原始辐射温度图像\DJI_20250828095434_0071_T_JPG__2026_09_27_19_27_38.jpg,739,555,RGBA,PNG,0,False,False
巡检识别\第二批补充资料\01_原始辐射温度\原始辐射温度图像\DJI_20250828095626_0072_T_JPG__2026_09_27_19_27_39.jpg,739,555,RGBA,PNG,0,False,False
巡检识别\第二批补充资料\01_原始辐射温度\原始辐射温度图像\DJI_20250828095659_0073_T_JPG__2026_09_27_19_27_39.jpg,739,555,RGBA,PNG,0,False,False
巡检识别\第二批补充资料\01_原始辐射温度\原始辐射温度图像\DJI_20250828095702_0074_T_JPG__2026_09_27_19_27_39.jpg,739,555,RGBA,PNG,0,False,False
巡检识别\第二批补充资料\01_原始辐射温度\原始辐射温度图像\DJI_20250828095733_0075_T_JPG__2026_09_27_19_27_39.jpg,739,555,RGBA,PNG,0,False,False
巡检识别\第二批补充资料\01_原始辐射温度\原始辐射温度图像\DJI_20250828095745_0076_T_JPG__2026_09_27_19_27_40.jpg,739,555,RGBA,PNG,0,False,False
巡检识别\第二批补充资料\01_原始辐射温度\原始辐射温度图像\DJI_20250828095754_0077_T_JPG__2026_09_27_19_27_40.jpg,739,555,RGBA,PNG,0,False,False
巡检识别\第二批补充资料\01_原始辐射温度\原始辐射温度图像\DJI_20250828095848_0078_T_JPG__2026_09_27_19_27_40.jpg,739,555,RGBA,PNG,0,False,False
巡检识别\第二批补充资料\01_原始辐射温度\原始辐射温度图像\DJI_20250828095908_0079_T_JPG__2026_09_27_19_27_41.jpg,739,555,RGBA,PNG,0,False,False
巡检识别\第二批补充资料\01_原始辐射温度\原始辐射温度图像\DJI_20250828095911_0080_T_JPG__2026_09_27_19_27_41.jpg,739,555,RGBA,PNG,0,False,False
巡检识别\第二批补充资料\01_原始辐射温度\原始辐射温度图像\DJI_20250828095914_0081_T_JPG__2026_09_27_19_27_41.jpg,739,555,RGBA,PNG,0,False,False
巡检识别\第二批补充资料\01_原始辐射温度\原始辐射温度图像\DJI_20250828095916_0082_T_JPG__2026_09_27_19_27_41.jpg,739,555,RGBA,PNG,0,False,False
巡检识别\第二批补充资料\01_原始辐射温度\原始辐射温度图像\DJI_20250828095940_0083_T_JPG__2026_09_27_19_27_42.jpg,739,555,RGBA,PNG,0,False,False
巡检识别\第二批补充资料\01_原始辐射温度\原始辐射温度图像\DJI_20250828100004_0084_T_JPG__2026_09_27_19_27_42.jpg,729,555,RGBA,PNG,0,False,False
巡检识别\第二批补充资料\01_原始辐射温度\原始辐射温度图像\DJI_20250828100053_0085_T_JPG__2026_09_27_19_27_42.jpg,739,555,RGBA,PNG,0,False,False
巡检识别\第二批补充资料\01_原始辐射温度\原始辐射温度图像\DJI_20250828100114_0086_T_JPG__2026_09_27_19_27_43.jpg,739,555,RGBA,PNG,0,False,False
巡检识别\第二批补充资料\01_原始辐射温度\原始辐射温度图像\DJI_20250828100204_0087_T_JPG__2026_09_27_19_27_43.jpg,729,555,RGBA,PNG,0,False,False
巡检识别\第二批补充资料\01_原始辐射温度\原始辐射温度图像\DJI_20250828103837_0001_T_JPG__2026_09_27_19_27_43.jpg,739,555,RGBA,PNG,0,False,False
巡检识别\第二批补充资料\01_原始辐射温度\原始辐射温度图像\DJI_20250828103905_0002_T_JPG__2026_09_27_19_27_44.jpg,739,555,RGBA,PNG,0,False,False
巡检识别\第二批补充资料\01_原始辐射温度\原始辐射温度图像\DJI_20250828104036_0004_T_JPG__2026_09_27_19_27_44.jpg,739,555,RGBA,PNG,0,False,False
巡检识别\第二批补充资料\01_原始辐射温度\原始辐射温度图像\DJI_20250828104041_0005_T_JPG__2026_09_27_19_27_45.jpg,739,555,RGBA,PNG,0,False,False
巡检识别\第二批补充资料\01_原始辐射温度\原始辐射温度图像\DJI_20250828104333_0006_T_JPG__2026_09_27_19_27_45.jpg,739,555,RGBA,PNG,0,False,False
巡检识别\第二批补充资料\01_原始辐射温度\原始辐射温度图像\DJI_20250828104817_0010_T_JPG__2026_09_27_19_27_45.jpg,729,555,RGBA,PNG,0,False,False
巡检识别\第二批补充资料\01_原始辐射温度\原始辐射温度图像\DJI_20250828105118_0011_T_JPG__2026_09_27_19_27_46.jpg,739,555,RGBA,PNG,0,False,False
巡检识别\第二批补充资料\01_原始辐射温度\原始辐射温度图像\DJI_20250828105123_0012_T_JPG__2026_09_27_19_27_46.jpg,739,555,RGBA,PNG,0,False,False
巡检识别\第二批补充资料\01_原始辐射温度\原始辐射温度图像\DJI_20250828105139_0013_T_JPG__2026_09_27_19_27_47.jpg,739,555,RGBA,PNG,0,False,False
巡检识别\第二批补充资料\01_原始辐射温度\原始辐射温度图像\DJI_20250828105159_0014_T_JPG__2026_09_27_19_27_47.jpg,729,555,RGBA,PNG,0,False,False
巡检识别\第二批补充资料\01_原始辐射温度\原始辐射温度图像\DJI_20250828105229_0015_T_JPG__2026_09_27_19_27_48.jpg,739,555,RGBA,PNG,0,False,False
巡检识别\第二批补充资料\01_原始辐射温度\原始辐射温度图像\DJI_20250828105239_0016_T_JPG__2026_09_27_19_27_48.jpg,729,555,RGBA,PNG,0,False,False
巡检识别\第二批补充资料\01_原始辐射温度\原始辐射温度图像\DJI_20250828105853_0020_T_JPG__2026_09_27_19_27_49.jpg,739,555,RGBA,PNG,0,False,False
巡检识别\第二批补充资料\01_原始辐射温度\原始辐射温度图像\DJI_20250828105859_0021_T_JPG__2026_09_27_19_27_49.jpg,739,555,RGBA,PNG,0,False,False
巡检识别\第二批补充资料\01_原始辐射温度\原始辐射温度图像\DJI_20250828110128_0023_T_JPG__2026_09_27_19_27_49.jpg,739,555,RGBA,PNG,0,False,False
巡检识别\第二批补充资料\01_原始辐射温度\原始辐射温度图像\DJI_20250828110229_0024_T_JPG__2026_09_27_19_27_50.jpg,739,555,RGBA,PNG,0,False,False
巡检识别\第二批补充资料\01_原始辐射温度\原始辐射温度图像\DJI_20250828110510_0026_T_JPG__2026_09_27_19_27_50.jpg,739,555,RGBA,PNG,0,False,False
巡检识别\第二批补充资料\01_原始辐射温度\原始辐射温度图像\DJI_20250828111341_0029_T_JPG__2026_09_27_19_27_51.jpg,739,555,RGBA,PNG,0,False,False
巡检识别\第二批补充资料\01_原始辐射温度\原始辐射温度图像\DJI_20250828111347_0030_T_JPG__2026_09_27_19_27_51.jpg,739,555,RGBA,PNG,0,False,False
巡检识别\第二批补充资料\01_原始辐射温度\原始辐射温度图像\DJI_20250828111402_0031_T_JPG__2026_09_27_19_27_52.jpg,739,555,RGBA,PNG,0,False,False
巡检识别\第二批补充资料\01_原始辐射温度\原始辐射温度图像\DJI_20250828111520_0032_T_JPG__2026_09_27_19_27_52.jpg,739,555,RGBA,PNG,0,False,False
巡检识别\第二批补充资料\01_原始辐射温度\原始辐射温度图像\DJI_20250828111533_0033_T_JPG__2026_09_27_19_27_52.jpg,739,555,RGBA,PNG,0,False,False
巡检识别\第二批补充资料\01_原始辐射温度\原始辐射温度图像\DJI_20250828111545_0034_T_JPG__2026_09_27_19_27_53.jpg,739,555,RGBA,PNG,0,False,False
巡检识别\第二批补充资料\01_原始辐射温度\原始辐射温度图像\DJI_20250828111554_0035_T_JPG__2026_09_27_19_27_53.jpg,739,555,RGBA,PNG,0,False,False
巡检识别\第二批补充资料\01_原始辐射温度\原始辐射温度图像\DJI_20250828150201_0002_T_JPG__2026_09_27_19_27_54.jpg,739,555,RGBA,PNG,0,False,False
巡检识别\第二批补充资料\01_原始辐射温度\原始辐射温度图像\DJI_20250828150304_0004_T_JPG__2026_09_27_19_27_54.jpg,739,555,RGBA,PNG,0,False,False
