group,file,line,n_fields,raw,class,x,y,w,h,confidence
匿名堤防现场巡检,巡检识别\第一批优先资料\02_检测框与置信度输出\01_匿名堤防红外巡检图像检测结果\detections\labels\DJI_20250828095151_0051_T.txt,1,6,0 0.123413 0.215495 0.0664024 0.371434 0.569519,0,0.123413,0.215495,0.0664024,0.371434,0.569519
匿名堤防现场巡检,巡检识别\第一批优先资料\02_检测框与置信度输出\01_匿名堤防红外巡检图像检测结果\detections\labels\DJI_20250828103905_0002_T.txt,1,6,0 0.349597 0.5 0.404472 1 0.465847,0,0.349597,0.5,0.404472,1,0.465847
匿名堤防现场巡检,巡检识别\第一批优先资料\02_检测框与置信度输出\01_匿名堤防红外巡检图像检测结果\detections\labels\DJI_20250828104036_0004_T.txt,1,6,0 0.252039 0.410927 0.502963 0.749785 0.777034,0,0.252039,0.410927,0.502963,0.749785,0.777034
匿名堤防现场巡检,巡检识别\第一批优先资料\02_检测框与置信度输出\01_匿名堤防红外巡检图像检测结果\detections\labels\DJI_20250828104333_0006_T.txt,1,6,0 0.902635 0.892997 0.0569958 0.212121 0.645602,0,0.902635,0.892997,0.0569958,0.212121,0.645602
匿名堤防现场巡检,巡检识别\第一批优先资料\02_检测框与置信度输出\01_匿名堤防红外巡检图像检测结果\detections\labels\DJI_20250828105139_0013_T.txt,1,6,0 0.0643507 0.106359 0.0330136 0.210995 0.467019,0,0.0643507,0.106359,0.0330136,0.210995,0.467019
匿名堤防现场巡检,巡检识别\第一批优先资料\02_检测框与置信度输出\01_匿名堤防红外巡检图像检测结果\detections\labels\DJI_20250828105859_0021_T.txt,1,6,0 0.0493622 0.907853 0.0983668 0.184294 0.576559,0,0.0493622,0.907853,0.0983668,0.184294,0.576559
匿名堤防现场巡检,巡检识别\第一批优先资料\02_检测框与置信度输出\01_匿名堤防红外巡检图像检测结果\detections\labels\DJI_20250828110128_0023_T.txt,1,6,0 0.808123 0.608615 0.272349 0.763636 0.76672,0,0.808123,0.608615,0.272349,0.763636,0.76672
匿名堤防现场巡检,巡检识别\第一批优先资料\02_检测框与置信度输出\01_匿名堤防红外巡检图像检测结果\detections\labels\DJI_20250828111341_0029_T.txt,1,6,0 0.0940846 0.591094 0.187794 0.817812 0.579956,0,0.0940846,0.591094,0.187794,0.817812,0.579956
匿名堤防现场巡检,巡检识别\第一批优先资料\02_检测框与置信度输出\01_匿名堤防红外巡检图像检测结果\detections\labels\DJI_20250828111347_0030_T.txt,1,6,0 0.0935828 0.648391 0.187014 0.696704 0.495841,0,0.0935828,0.648391,0.187014,0.696704,0.495841
人工管涌验证,巡检识别\第一批优先资料\02_检测框与置信度输出\02_人造管涌渗漏点红外图像（验证）检测结果\detections\labels\164_P_HH230525_P_R_T_10_A_P_0_N_01.txt,1,6,0 0.464249 0.66624 0.390386 0.525657 0.824572,0,0.464249,0.66624,0.390386,0.525657,0.824572
人工管涌验证,巡检识别\第一批优先资料\02_检测框与置信度输出\02_人造管涌渗漏点红外图像（验证）检测结果\detections\labels\179_P_HH230527_A_S_T_20_B_B_0_N_28.txt,1,6,0 0.536268 0.51862 0.152897 0.175291 0.698685,0,0.536268,0.51862,0.152897,0.175291,0.698685
人工管涌验证,巡检识别\第一批优先资料\02_检测框与置信度输出\02_人造管涌渗漏点红外图像（验证）检测结果\detections\labels\199_P_HH230530_A_R_T_10_A_G_0_D1_28.txt,1,6,0 0.445385 0.347844 0.418735 0.549766 0.86957,0,0.445385,0.347844,0.418735,0.549766,0.86957
人工管涌验证,巡检识别\第一批优先资料\02_检测框与置信度输出\02_人造管涌渗漏点红外图像（验证）检测结果\detections\labels\207_P_HH230530_P_C_T_10_A_P_0_V2W1_03.txt,1,6,0 0.428676 0.453648 0.460992 0.43232 0.929903,0,0.428676,0.453648,0.460992,0.43232,0.929903
人工管涌验证,巡检识别\第一批优先资料\02_检测框与置信度输出\02_人造管涌渗漏点红外图像（验证）检测结果\detections\labels\210_P_HH230530_P_C_T_10_A_P_0_V2W2_04.txt,1,6,0 0.532489 0.463898 0.421197 0.37749 0.898132,0,0.532489,0.463898,0.421197,0.37749,0.898132
人工管涌验证,巡检识别\第一批优先资料\02_检测框与置信度输出\02_人造管涌渗漏点红外图像（验证）检测结果\detections\labels\286_P_JP230612_B_S_T_10_B_C_0_P1_31.txt,1,6,0 0.488066 0.527816 0.291077 0.675125 0.869219,0,0.488066,0.527816,0.291077,0.675125,0.869219
人工管涌验证,巡检识别\第一批优先资料\02_检测框与置信度输出\02_人造管涌渗漏点红外图像（验证）检测结果\detections\labels\P_AH230620_A_S_T_10_B_P_0_D1_02.txt,1,6,0 0.53884 0.500627 0.218449 0.204596 0.87575,0,0.53884,0.500627,0.218449,0.204596,0.87575
人工管涌验证,巡检识别\第一批优先资料\02_检测框与置信度输出\02_人造管涌渗漏点红外图像（验证）检测结果\detections\labels\P_AH230620_A_S_T_10_B_P_0_D1_04.txt,1,6,0 0.531071 0.557862 0.208684 0.306126 0.862197,0,0.531071,0.557862,0.208684,0.306126,0.862197
人工管涌验证,巡检识别\第一批优先资料\02_检测框与置信度输出\02_人造管涌渗漏点红外图像（验证）检测结果\detections\labels\P_AH230620_A_S_T_10_B_P_0_D1_48.txt,1,6,0 0.542371 0.498839 0.219883 0.296381 0.861217,0,0.542371,0.498839,0.219883,0.296381,0.861217
人工管涌验证,巡检识别\第一批优先资料\02_检测框与置信度输出\02_人造管涌渗漏点红外图像（验证）检测结果\detections\labels\P_AH230620_A_S_T_20_B_P_0_D1_04.txt,1,6,0 0.52878 0.508412 0.177778 0.264638 0.824168,0,0.52878,0.508412,0.177778,0.264638,0.824168
人工管涌验证,巡检识别\第一批优先资料\02_检测框与置信度输出\02_人造管涌渗漏点红外图像（验证）检测结果\detections\labels\P_AH230620_A_S_T_20_B_P_0_D1_20.txt,1,6,0 0.504726 0.489818 0.196637 0.180727 0.872795,0,0.504726,0.489818,0.196637,0.180727,0.872795
人工管涌验证,巡检识别\第一批优先资料\02_检测框与置信度输出\02_人造管涌渗漏点红外图像（验证）检测结果\detections\labels\P_AH230620_A_S_T_20_B_P_0_D1_27.txt,1,6,0 0.583511 0.510713 0.19148 0.154889 0.857386,0,0.583511,0.510713,0.19148,0.154889,0.857386
人工管涌验证,巡检识别\第一批优先资料\02_检测框与置信度输出\02_人造管涌渗漏点红外图像（验证）检测结果\detections\labels\tu0196.txt,1,6,0 0.603175 0.677862 0.128572 0.337729 0.842538,0,0.603175,0.677862,0.128572,0.337729,0.842538
人工管涌验证,巡检识别\第一批优先资料\02_检测框与置信度输出\02_人造管涌渗漏点红外图像（验证）检测结果\detections\labels\tu0196.txt,2,6,0 0.44558 0.894696 0.170591 0.201968 0.669916,0,0.44558,0.894696,0.170591,0.201968,0.669916
