filename,review_result,table_confidence,label_confidence,confidence_delta,confidence_match,gps,capture_time
DJI_20250828095151_0051_T.jpg,误报,0.57,[0.569519],0.000481,True,"112.312543°,28.592384°",09:51:00
DJI_20250828103905_0002_T.jpg,误报,0.47,[0.465847],0.004153,True,"112.371445°,28.608631°",10:39:00
DJI_20250828104036_0004_T.jpg,误报,0.78,[0.777034],0.002966,True,112.368967°，28.606895°,10:40:00
DJI_20250828104333_0006_T.jpg,误报,0.65,[0.645602],0.004398,True,"112.368512°,28.607601°",10:43:00
DJI_20250828105139_0013_T.jpg,误报,0.47,[0.467019],0.002981,True,"112.368945°,28.608719°",10:51:00
DJI_20250828105859_0021_T.jpg,误报,0.58,[0.576559],0.003441,True,"112.368837°,28.608540°",10:58:00
DJI_20250828110128_0023_T.jpg,误报,0.77,[0.76672],0.00328,True,"112.371128°,28.609614°",11:01:00
DJI_20250828111341_0029_T.jpg,误报,0.58,[0.579956],4.4e-05,True,"112.371729°,28.609190°",11:13:00
DJI_20250828111347_0030_T.jpg,误报,0.5,[0.495841],0.004159,True,"112.371729°,28.609190°",11:13:00
