sample_id,target_mode,target_severity,reference,rule,rf_majority,rf_threshold,hybrid,c_only_floor,hybrid_review_u050,p_A,p_B,p_C
0+001,safe_reference,safe,A,A,A,A,A,A,A,1.0000,0.0000,0.0000
0+002,safe_reference,safe,A,A,A,A,A,A,A,1.0000,0.0000,0.0000
0+003,safe_reference,safe,A,A,A,A,A,A,A,1.0000,0.0000,0.0000
0+004,safe_reference,safe,A,A,A,A,A,A,A,1.0000,0.0000,0.0000
0+005,safe_reference,safe,A,A,A,A,A,A,A,1.0000,0.0000,0.0000
0+006,safe_reference,safe,A,A,A,A,A,A,A,1.0000,0.0000,0.0000
0+007,safe_reference,safe,A,A,A,A,A,A,A,1.0000,0.0000,0.0000
0+008,safe_reference,safe,A,A,A,A,A,A,A,1.0000,0.0000,0.0000
0+009,safe_reference,safe,A,A,A,A,A,A,A,1.0000,0.0000,0.0000
0+010,safe_reference,safe,A,A,A,A,A,A,A,1.0000,0.0000,0.0000
0+011,safe_reference,safe,A,A,A,A,A,A,A,1.0000,0.0000,0.0000
0+012,safe_reference,safe,A,A,A,A,A,A,A,1.0000,0.0000,0.0000
0+013,safe_reference,safe,A,A,A,A,A,A,A,1.0000,0.0000,0.0000
0+014,safe_reference,safe,A,A,A,A,A,A,A,1.0000,0.0000,0.0000
0+015,safe_reference,safe,A,A,A,A,A,A,A,1.0000,0.0000,0.0000
0+016,safe_reference,safe,A,A,A,A,A,A,A,1.0000,0.0000,0.0000
0+017,safe_reference,safe,A,A,A,A,A,A,A,1.0000,0.0000,0.0000
0+018,safe_reference,safe,A,A,A,A,A,A,A,1.0000,0.0000,0.0000
0+019,safe_reference,safe,A,A,A,A,A,A,A,1.0000,0.0000,0.0000
0+020,safe_reference,safe,A,A,A,A,A,A,A,1.0000,0.0000,0.0000
0+021,safe_reference,safe,A,A,A,A,A,A,A,1.0000,0.0000,0.0000
0+022,safe_reference,safe,A,A,A,A,A,A,A,1.0000,0.0000,0.0000
0+023,safe_reference,safe,A,A,A,A,A,A,A,1.0000,0.0000,0.0000
0+024,safe_reference,safe,A,A,A,A,A,A,A,1.0000,0.0000,0.0000
0+025,safe_reference,safe,A,A,A,A,A,A,A,1.0000,0.0000,0.0000
0+026,safe_reference,slight,A,A,A,A,A,A,A,1.0000,0.0000,0.0000
0+027,safe_reference,slight,A,A,A,A,A,A,A,1.0000,0.0000,0.0000
0+028,safe_reference,slight,A,A,A,A,A,A,A,0.9750,0.0167,0.0083
0+029,safe_reference,slight,A,A,A,A,A,A,A,1.0000,0.0000,0.0000
0+030,safe_reference,slight,A,A,A,A,A,A,A,1.0000,0.0000,0.0000
0+031,safe_reference,slight,A,A,A,A,A,A,A,1.0000,0.0000,0.0000
0+032,safe_reference,slight,A,A,A,A,A,A,A,1.0000,0.0000,0.0000
0+033,safe_reference,slight,A,A,A,A,A,A,A,0.9250,0.0583,0.0167
0+034,safe_reference,slight,A,A,A,A,A,A,A,0.9667,0.0250,0.0083
0+035,safe_reference,slight,A,A,A,A,A,A,A,1.0000,0.0000,0.0000
0+036,safe_reference,slight,A,A,A,A,A,A,A,1.0000,0.0000,0.0000
0+037,safe_reference,slight,A,A,A,A,A,A,A,0.9750,0.0167,0.0083
0+038,safe_reference,slight,A,A,A,A,A,A,A,1.0000,0.0000,0.0000
0+039,safe_reference,slight,A,A,A,A,A,A,A,1.0000,0.0000,0.0000
0+040,safe_reference,slight,A,A,A,A,A,A,A,1.0000,0.0000,0.0000
0+041,safe_reference,slight,A,A,A,A,A,A,A,0.9917,0.0083,0.0000
0+042,safe_reference,slight,A,A,A,A,A,A,A,0.9333,0.0500,0.0167
0+043,safe_reference,slight,A,A,A,A,A,A,A,1.0000,0.0000,0.0000
0+044,safe_reference,slight,A,A,A,A,A,A,A,1.0000,0.0000,0.0000
0+045,safe_reference,slight,A,A,A,A,A,A,A,1.0000,0.0000,0.0000
0+046,safe_reference,slight,A,A,A,A,A,A,A,0.9583,0.0333,0.0083
0+047,safe_reference,slight,A,A,A,A,A,A,A,0.9833,0.0167,0.0000
0+048,safe_reference,slight,A,A,A,A,A,A,A,1.0000,0.0000,0.0000
0+049,safe_reference,slight,A,A,A,A,A,A,A,1.0000,0.0000,0.0000
0+050,safe_reference,slight,A,A,A,A,A,A,A,1.0000,0.0000,0.0000
0+051,safe_reference,moderate,B,A,A,B,B,B,B,0.7667,0.2167,0.0167
0+052,safe_reference,moderate,B,A,A,B,B,B,B,0.6667,0.2833,0.0500
0+053,safe_reference,moderate,B,A,A,B,B,B,B,0.6583,0.2833,0.0583
0+054,safe_reference,moderate,B,A,A,A,A,A,A,0.7917,0.1750,0.0333
0+055,safe_reference,moderate,B,A,A,A,A,A,A,0.7917,0.1750,0.0333
0+056,safe_reference,moderate,B,A,A,B,B,B,B,0.6167,0.3667,0.0167
0+057,safe_reference,moderate,B,A,A,B,B,B,B,0.6750,0.2750,0.0500
0+058,safe_reference,moderate,B,A,A,B,B,B,B,0.7167,0.2000,0.0833
0+059,safe_reference,moderate,B,A,A,B,B,B,B,0.7583,0.2167,0.0250
0+060,safe_reference,moderate,B,A,A,A,A,A,A,0.7917,0.1750,0.0333
0+061,safe_reference,moderate,B,A,A,A,A,A,A,0.8417,0.1167,0.0417
0+062,safe_reference,moderate,B,A,A,B,B,B,B,0.5583,0.3000,0.1417
0+063,safe_reference,moderate,B,A,A,A,A,A,A,0.8417,0.1167,0.0417
0+064,safe_reference,moderate,B,A,A,A,A,A,A,0.7083,0.1917,0.1000
0+065,safe_reference,moderate,B,A,A,B,B,B,B,0.7333,0.2250,0.0417
0+066,safe_reference,moderate,B,A,A,B,B,B,B,0.7417,0.2167,0.0417
0+067,safe_reference,moderate,B,A,A,B,B,B,B,0.6917,0.2000,0.1083
0+068,safe_reference,moderate,B,A,A,B,B,B,B,0.7583,0.2167,0.0250
0+069,safe_reference,moderate,B,A,A,A,A,A,A,0.7333,0.1500,0.1167
0+070,safe_reference,moderate,B,A,A,A,A,A,A,0.8167,0.1417,0.0417
0+071,safe_reference,moderate,B,A,A,A,A,A,A,0.7917,0.1750,0.0333
0+072,safe_reference,moderate,B,A,A,A,A,A,A,0.6750,0.1417,0.1833
0+073,safe_reference,moderate,B,A,A,A,A,A,A,0.8750,0.0833,0.0417
0+074,safe_reference,moderate,B,A,A,B,B,B,B,0.6167,0.2667,0.1167
0+075,safe_reference,moderate,B,A,A,B,B,B,B,0.6667,0.2167,0.1167
0+076,safe_reference,severe,C,B,C,C,C,C,C,0.3750,0.0000,0.6250
0+077,safe_reference,severe,C,B,C,C,C,C,C,0.3833,0.0000,0.6167
0+078,safe_reference,severe,C,B,C,C,C,C,C,0.4500,0.0083,0.5417
0+079,safe_reference,severe,C,B,C,C,C,C,C,0.4500,0.0000,0.5500
0+080,safe_reference,severe,C,B,C,C,C,C,C,0.4583,0.0083,0.5333
0+081,safe_reference,severe,C,B,C,C,C,C,C,0.1667,0.0250,0.8083
0+082,safe_reference,severe,C,B,C,C,C,C,C,0.3833,0.0000,0.6167
0+083,safe_reference,severe,C,B,C,C,C,C,C,0.2333,0.0167,0.7500
0+084,safe_reference,severe,C,B,C,C,C,C,C,0.4500,0.0000,0.5500
0+085,safe_reference,severe,C,B,C,C,C,C,C,0.1583,0.0250,0.8167
0+086,safe_reference,severe,C,B,C,C,C,C,C,0.3750,0.0000,0.6250
0+087,safe_reference,severe,C,B,C,C,C,C,C,0.4667,0.0167,0.5167
0+088,safe_reference,severe,C,B,C,C,C,C,C,0.4500,0.0000,0.5500
0+089,safe_reference,severe,C,B,A,C,C,C,C,0.5583,0.0833,0.3583
0+090,safe_reference,severe,C,B,C,C,C,C,C,0.3917,0.0250,0.5833
0+091,safe_reference,severe,C,B,C,C,C,C,C,0.4583,0.0083,0.5333
0+092,safe_reference,severe,C,B,C,C,C,C,C,0.3750,0.0000,0.6250
0+093,safe_reference,severe,C,B,C,C,C,C,C,0.2333,0.0167,0.7500
0+094,safe_reference,severe,C,B,C,C,C,C,C,0.2333,0.0167,0.7500
0+095,safe_reference,severe,C,B,C,C,C,C,C,0.1917,0.0250,0.7833
0+096,safe_reference,severe,C,B,C,C,C,C,C,0.4583,0.0083,0.5333
0+097,safe_reference,severe,C,B,C,C,C,C,C,0.2000,0.0417,0.7583
0+098,safe_reference,severe,C,B,C,C,C,C,C,0.4583,0.0000,0.5417
0+099,safe_reference,severe,C,B,C,C,C,C,C,0.4583,0.0083,0.5333
0+100,safe_reference,severe,C,B,C,C,C,C,C,0.3083,0.0583,0.6333
0+101,safe_reference,critical,C,C,C,C,C,C,C,0.3750,0.0000,0.6250
0+102,safe_reference,critical,C,C,C,C,C,C,C,0.2333,0.0167,0.7500
0+103,safe_reference,critical,C,C,C,C,C,C,C,0.3750,0.0000,0.6250
0+104,safe_reference,critical,C,C,C,C,C,C,C,0.3750,0.0000,0.6250
0+105,safe_reference,critical,C,C,C,C,C,C,C,0.3750,0.0000,0.6250
0+106,safe_reference,critical,C,C,C,C,C,C,C,0.4583,0.0083,0.5333
0+107,safe_reference,critical,C,C,C,C,C,C,C,0.2333,0.0167,0.7500
0+108,safe_reference,critical,C,C,C,C,C,C,C,0.4583,0.0083,0.5333
0+109,safe_reference,critical,C,C,C,C,C,C,C,0.4583,0.0083,0.5333
0+110,safe_reference,critical,C,C,C,C,C,C,C,0.4750,0.0083,0.5167
0+111,safe_reference,critical,C,C,C,C,C,C,C,0.4417,0.0000,0.5583
0+112,safe_reference,critical,C,C,C,C,C,C,C,0.1750,0.0250,0.8000
0+113,safe_reference,critical,C,C,C,C,C,C,C,0.2333,0.0167,0.7500
0+114,safe_reference,critical,C,C,C,C,C,C,C,0.4417,0.0000,0.5583
0+115,safe_reference,critical,C,C,C,C,C,C,C,0.3750,0.0000,0.6250
0+116,safe_reference,critical,C,C,C,C,C,C,C,0.1667,0.0250,0.8083
0+117,safe_reference,critical,C,C,C,C,C,C,C,0.4417,0.0000,0.5583
0+118,safe_reference,critical,C,C,C,C,C,C,C,0.1750,0.0250,0.8000
0+119,safe_reference,critical,C,C,C,C,C,C,C,0.1667,0.0250,0.8083
0+120,safe_reference,critical,C,C,C,C,C,C,C,0.4500,0.0000,0.5500
0+121,safe_reference,critical,C,C,C,C,C,C,C,0.1750,0.0250,0.8000
0+122,safe_reference,critical,C,C,C,C,C,C,C,0.4583,0.0083,0.5333
0+123,safe_reference,critical,C,C,C,C,C,C,C,0.4500,0.0000,0.5500
0+124,safe_reference,critical,C,C,C,C,C,C,C,0.4417,0.0000,0.5583
0+125,safe_reference,critical,C,C,C,C,C,C,C,0.3750,0.0000,0.6250
0+126,overtopping,safe,A,A,A,A,A,A,A,1.0000,0.0000,0.0000
0+127,overtopping,safe,A,A,A,A,A,A,A,1.0000,0.0000,0.0000
0+128,overtopping,safe,A,A,A,A,A,A,A,1.0000,0.0000,0.0000
0+129,overtopping,safe,A,A,A,A,A,A,A,1.0000,0.0000,0.0000
0+130,overtopping,safe,A,A,A,A,A,A,A,1.0000,0.0000,0.0000
0+131,overtopping,safe,A,A,A,A,A,A,A,1.0000,0.0000,0.0000
0+132,overtopping,safe,A,A,A,A,A,A,A,1.0000,0.0000,0.0000
0+133,overtopping,safe,A,A,A,A,A,A,A,1.0000,0.0000,0.0000
0+134,overtopping,safe,A,A,A,A,A,A,A,1.0000,0.0000,0.0000
0+135,overtopping,safe,A,A,A,A,A,A,A,1.0000,0.0000,0.0000
0+136,overtopping,safe,A,A,A,A,A,A,A,1.0000,0.0000,0.0000
0+137,overtopping,safe,A,A,A,A,A,A,A,1.0000,0.0000,0.0000
0+138,overtopping,safe,A,A,A,A,A,A,A,1.0000,0.0000,0.0000
0+139,overtopping,safe,A,A,A,A,A,A,A,1.0000,0.0000,0.0000
0+140,overtopping,safe,A,A,A,A,A,A,A,1.0000,0.0000,0.0000
0+141,overtopping,safe,A,A,A,A,A,A,A,1.0000,0.0000,0.0000
0+142,overtopping,safe,A,A,A,A,A,A,A,1.0000,0.0000,0.0000
0+143,overtopping,safe,A,A,A,A,A,A,A,1.0000,0.0000,0.0000
0+144,overtopping,safe,A,A,A,A,A,A,A,1.0000,0.0000,0.0000
0+145,overtopping,safe,A,A,A,A,A,A,A,1.0000,0.0000,0.0000
0+146,overtopping,safe,A,A,A,A,A,A,A,1.0000,0.0000,0.0000
0+147,overtopping,safe,A,A,A,A,A,A,A,1.0000,0.0000,0.0000
0+148,overtopping,safe,A,A,A,A,A,A,A,1.0000,0.0000,0.0000
0+149,overtopping,safe,A,A,A,A,A,A,A,1.0000,0.0000,0.0000
0+150,overtopping,safe,A,A,A,A,A,A,A,1.0000,0.0000,0.0000
0+151,overtopping,slight,A,A,A,A,A,A,A,1.0000,0.0000,0.0000
0+152,overtopping,slight,A,A,A,A,A,A,A,1.0000,0.0000,0.0000
0+153,overtopping,slight,A,A,A,A,A,A,A,1.0000,0.0000,0.0000
0+154,overtopping,slight,A,A,A,A,A,A,A,1.0000,0.0000,0.0000
0+155,overtopping,slight,A,A,A,A,A,A,A,1.0000,0.0000,0.0000
0+156,overtopping,slight,A,A,A,A,A,A,A,1.0000,0.0000,0.0000
0+157,overtopping,slight,A,A,A,A,A,A,A,1.0000,0.0000,0.0000
0+158,overtopping,slight,A,A,A,A,A,A,A,1.0000,0.0000,0.0000
0+159,overtopping,slight,A,A,A,A,A,A,A,1.0000,0.0000,0.0000
0+160,overtopping,slight,A,A,A,A,A,A,A,1.0000,0.0000,0.0000
0+161,overtopping,slight,A,A,A,A,A,A,A,1.0000,0.0000,0.0000
0+162,overtopping,slight,A,A,A,A,A,A,A,1.0000,0.0000,0.0000
0+163,overtopping,slight,A,A,A,A,A,A,A,1.0000,0.0000,0.0000
0+164,overtopping,slight,A,A,A,A,A,A,A,1.0000,0.0000,0.0000
0+165,overtopping,slight,A,A,A,A,A,A,A,1.0000,0.0000,0.0000
0+166,overtopping,slight,A,A,A,A,A,A,A,1.0000,0.0000,0.0000
0+167,overtopping,slight,A,A,A,A,A,A,A,1.0000,0.0000,0.0000
0+168,overtopping,slight,A,A,A,A,A,A,A,1.0000,0.0000,0.0000
0+169,overtopping,slight,A,A,A,A,A,A,A,1.0000,0.0000,0.0000
0+170,overtopping,slight,A,A,A,A,A,A,A,1.0000,0.0000,0.0000
0+171,overtopping,slight,A,A,A,A,A,A,A,1.0000,0.0000,0.0000
0+172,overtopping,slight,A,A,A,A,A,A,A,1.0000,0.0000,0.0000
0+173,overtopping,slight,A,A,A,A,A,A,A,1.0000,0.0000,0.0000
0+174,overtopping,slight,A,A,A,A,A,A,A,1.0000,0.0000,0.0000
0+175,overtopping,slight,A,A,A,A,A,A,A,1.0000,0.0000,0.0000
0+176,overtopping,moderate,B,B,A,A,B,A,B,0.7750,0.1667,0.0583
0+177,overtopping,moderate,B,B,A,A,B,A,B,0.7750,0.1667,0.0583
0+178,overtopping,moderate,B,B,A,A,B,A,B,0.8417,0.1583,0.0000
0+179,overtopping,moderate,B,B,A,A,B,A,B,0.8500,0.1333,0.0167
0+180,overtopping,moderate,B,B,A,A,B,A,B,0.8500,0.1333,0.0167
0+181,overtopping,moderate,B,B,A,A,B,A,B,0.8500,0.1333,0.0167
0+182,overtopping,moderate,B,B,A,A,B,A,B,0.8833,0.1083,0.0083
0+183,overtopping,moderate,B,B,A,A,B,A,B,0.8833,0.1083,0.0083
0+184,overtopping,moderate,B,B,A,A,B,A,B,0.8083,0.1417,0.0500
0+185,overtopping,moderate,B,B,A,A,B,A,B,0.8417,0.1583,0.0000
0+186,overtopping,moderate,B,B,A,A,B,A,B,0.8417,0.1583,0.0000
0+187,overtopping,moderate,B,B,A,A,B,A,B,0.7750,0.1667,0.0583
0+188,overtopping,moderate,B,B,A,A,B,A,B,0.8833,0.1083,0.0083
0+189,overtopping,moderate,B,B,A,A,B,A,B,0.8833,0.1083,0.0083
0+190,overtopping,moderate,B,B,A,A,B,A,B,0.8833,0.1083,0.0083
0+191,overtopping,moderate,B,B,A,A,B,A,B,0.8833,0.1083,0.0083
0+192,overtopping,moderate,B,B,A,A,B,A,B,0.7750,0.1667,0.0583
0+193,overtopping,moderate,B,B,A,A,B,A,B,0.8417,0.1583,0.0000
0+194,overtopping,moderate,B,B,A,A,B,A,B,0.8167,0.1333,0.0500
0+195,overtopping,moderate,B,B,A,A,B,A,B,0.8500,0.1333,0.0167
0+196,overtopping,moderate,B,B,A,A,B,A,B,0.7750,0.1667,0.0583
0+197,overtopping,moderate,B,B,A,A,B,A,B,0.8500,0.1333,0.0167
0+198,overtopping,moderate,B,B,A,A,B,A,B,0.8833,0.1083,0.0083
0+199,overtopping,moderate,B,B,A,A,B,A,B,0.7750,0.1667,0.0583
0+200,overtopping,moderate,B,B,A,A,B,A,B,0.8833,0.1083,0.0083
0+201,overtopping,severe,C,B,C,C,C,C,C,0.3250,0.0000,0.6750
0+202,overtopping,severe,C,B,C,C,C,C,C,0.2667,0.0000,0.7333
0+203,overtopping,severe,C,B,C,C,C,C,C,0.3250,0.0000,0.6750
0+204,overtopping,severe,C,B,C,C,C,C,C,0.2917,0.0083,0.7000
0+205,overtopping,severe,C,B,C,C,C,C,C,0.2917,0.0083,0.7000
0+206,overtopping,severe,C,B,C,C,C,C,C,0.2917,0.0083,0.7000
0+207,overtopping,severe,C,B,C,C,C,C,C,0.2917,0.0083,0.7000
0+208,overtopping,severe,C,B,C,C,C,C,C,0.2917,0.0083,0.7000
0+209,overtopping,severe,C,B,C,C,C,C,C,0.2500,0.0083,0.7417
0+210,overtopping,severe,C,B,C,C,C,C,C,0.3250,0.0000,0.6750
0+211,overtopping,severe,C,B,C,C,C,C,C,0.2667,0.0000,0.7333
0+212,overtopping,severe,C,B,C,C,C,C,C,0.3333,0.0000,0.6667
0+213,overtopping,severe,C,B,C,C,C,C,C,0.2750,0.0000,0.7250
0+214,overtopping,severe,C,B,C,C,C,C,C,0.2500,0.0083,0.7417
0+215,overtopping,severe,C,B,C,C,C,C,C,0.2667,0.0000,0.7333
0+216,overtopping,severe,C,B,C,C,C,C,C,0.3333,0.0000,0.6667
0+217,overtopping,severe,C,B,C,C,C,C,C,0.2917,0.0083,0.7000
0+218,overtopping,severe,C,B,C,C,C,C,C,0.2667,0.0000,0.7333
0+219,overtopping,severe,C,B,C,C,C,C,C,0.2500,0.0083,0.7417
0+220,overtopping,severe,C,B,C,C,C,C,C,0.3250,0.0000,0.6750
0+221,overtopping,severe,C,B,C,C,C,C,C,0.3250,0.0000,0.6750
0+222,overtopping,severe,C,B,C,C,C,C,C,0.3333,0.0000,0.6667
0+223,overtopping,severe,C,B,C,C,C,C,C,0.2917,0.0083,0.7000
0+224,overtopping,severe,C,B,C,C,C,C,C,0.2500,0.0083,0.7417
0+225,overtopping,severe,C,B,C,C,C,C,C,0.2917,0.0083,0.7000
0+226,overtopping,critical,C,C,C,C,C,C,C,0.2500,0.0083,0.7417
0+227,overtopping,critical,C,C,C,C,C,C,C,0.2500,0.0083,0.7417
0+228,overtopping,critical,C,C,C,C,C,C,C,0.2667,0.0000,0.7333
0+229,overtopping,critical,C,C,C,C,C,C,C,0.2667,0.0000,0.7333
0+230,overtopping,critical,C,C,C,C,C,C,C,0.2917,0.0083,0.7000
0+231,overtopping,critical,C,C,C,C,C,C,C,0.3250,0.0000,0.6750
0+232,overtopping,critical,C,C,C,C,C,C,C,0.2667,0.0000,0.7333
0+233,overtopping,critical,C,C,C,C,C,C,C,0.3250,0.0000,0.6750
0+234,overtopping,critical,C,C,C,C,C,C,C,0.3250,0.0000,0.6750
0+235,overtopping,critical,C,C,C,C,C,C,C,0.3250,0.0000,0.6750
0+236,overtopping,critical,C,C,C,C,C,C,C,0.2667,0.0000,0.7333
0+237,overtopping,critical,C,C,C,C,C,C,C,0.2500,0.0083,0.7417
0+238,overtopping,critical,C,C,C,C,C,C,C,0.3333,0.0000,0.6667
0+239,overtopping,critical,C,C,C,C,C,C,C,0.2667,0.0000,0.7333
0+240,overtopping,critical,C,C,C,C,C,C,C,0.3333,0.0000,0.6667
0+241,overtopping,critical,C,C,C,C,C,C,C,0.2917,0.0083,0.7000
0+242,overtopping,critical,C,C,C,C,C,C,C,0.3333,0.0000,0.6667
0+243,overtopping,critical,C,C,C,C,C,C,C,0.3250,0.0000,0.6750
0+244,overtopping,critical,C,C,C,C,C,C,C,0.3333,0.0000,0.6667
0+245,overtopping,critical,C,C,C,C,C,C,C,0.3333,0.0000,0.6667
0+246,overtopping,critical,C,C,C,C,C,C,C,0.3333,0.0000,0.6667
0+247,overtopping,critical,C,C,C,C,C,C,C,0.3333,0.0000,0.6667
0+248,overtopping,critical,C,C,C,C,C,C,C,0.2500,0.0083,0.7417
0+249,overtopping,critical,C,C,C,C,C,C,C,0.2667,0.0000,0.7333
0+250,overtopping,critical,C,C,C,C,C,C,C,0.3250,0.0000,0.6750
0+251,seepage,safe,A,A,A,A,A,A,A,0.9750,0.0000,0.0250
0+252,seepage,safe,A,A,A,A,A,A,A,1.0000,0.0000,0.0000
0+253,seepage,safe,A,A,A,A,A,A,A,1.0000,0.0000,0.0000
0+254,seepage,safe,A,A,A,A,A,A,A,1.0000,0.0000,0.0000
0+255,seepage,safe,A,A,A,A,A,A,A,1.0000,0.0000,0.0000
0+256,seepage,safe,A,A,A,A,A,A,A,1.0000,0.0000,0.0000
0+257,seepage,safe,A,A,A,A,A,A,A,1.0000,0.0000,0.0000
0+258,seepage,safe,A,A,A,A,A,A,A,1.0000,0.0000,0.0000
0+259,seepage,safe,A,A,A,A,A,A,A,1.0000,0.0000,0.0000
0+260,seepage,safe,A,A,A,A,A,A,A,1.0000,0.0000,0.0000
0+261,seepage,safe,A,A,A,A,A,A,A,0.9917,0.0000,0.0083
0+262,seepage,safe,A,A,A,A,A,A,A,1.0000,0.0000,0.0000
0+263,seepage,safe,A,A,A,A,A,A,A,1.0000,0.0000,0.0000
0+264,seepage,safe,A,A,A,A,A,A,A,1.0000,0.0000,0.0000
0+265,seepage,safe,A,A,A,A,A,A,A,1.0000,0.0000,0.0000
0+266,seepage,safe,A,A,A,A,A,A,A,1.0000,0.0000,0.0000
0+267,seepage,safe,A,A,A,A,A,A,A,1.0000,0.0000,0.0000
0+268,seepage,safe,A,A,A,A,A,A,A,0.9917,0.0000,0.0083
0+269,seepage,safe,A,A,A,A,A,A,A,0.9750,0.0000,0.0250
0+270,seepage,safe,A,A,A,A,A,A,A,1.0000,0.0000,0.0000
0+271,seepage,safe,A,A,A,A,A,A,A,1.0000,0.0000,0.0000
0+272,seepage,safe,A,A,A,A,A,A,A,1.0000,0.0000,0.0000
0+273,seepage,safe,A,A,A,A,A,A,A,1.0000,0.0000,0.0000
0+274,seepage,safe,A,A,A,A,A,A,A,1.0000,0.0000,0.0000
0+275,seepage,safe,A,A,A,A,A,A,A,1.0000,0.0000,0.0000
0+276,seepage,slight,A,B,A,A,B,A,B,1.0000,0.0000,0.0000
0+277,seepage,slight,A,B,A,A,B,A,B,1.0000,0.0000,0.0000
0+278,seepage,slight,A,B,A,A,B,A,B,1.0000,0.0000,0.0000
0+279,seepage,slight,A,B,A,A,B,A,B,1.0000,0.0000,0.0000
0+280,seepage,slight,A,B,A,A,B,A,B,1.0000,0.0000,0.0000
0+281,seepage,slight,A,B,A,A,B,A,B,1.0000,0.0000,0.0000
0+282,seepage,slight,A,B,A,A,B,A,B,1.0000,0.0000,0.0000
0+283,seepage,slight,A,B,A,A,B,A,B,1.0000,0.0000,0.0000
0+284,seepage,slight,A,B,A,A,B,A,B,1.0000,0.0000,0.0000
0+285,seepage,slight,A,B,A,A,B,A,B,1.0000,0.0000,0.0000
0+286,seepage,slight,A,B,A,A,B,A,B,1.0000,0.0000,0.0000
0+287,seepage,slight,A,B,A,A,B,A,B,1.0000,0.0000,0.0000
0+288,seepage,slight,A,B,A,A,B,A,B,1.0000,0.0000,0.0000
0+289,seepage,slight,A,B,A,A,B,A,B,1.0000,0.0000,0.0000
0+290,seepage,slight,A,B,A,A,B,A,B,1.0000,0.0000,0.0000
0+291,seepage,slight,A,B,A,A,B,A,B,1.0000,0.0000,0.0000
0+292,seepage,slight,A,B,A,A,B,A,B,1.0000,0.0000,0.0000
0+293,seepage,slight,A,B,A,A,B,A,B,1.0000,0.0000,0.0000
0+294,seepage,slight,A,B,A,A,B,A,B,1.0000,0.0000,0.0000
0+295,seepage,slight,A,B,A,A,B,A,B,1.0000,0.0000,0.0000
0+296,seepage,slight,A,B,A,A,B,A,B,1.0000,0.0000,0.0000
0+297,seepage,slight,A,B,A,A,B,A,B,1.0000,0.0000,0.0000
0+298,seepage,slight,A,B,A,A,B,A,B,1.0000,0.0000,0.0000
0+299,seepage,slight,A,B,A,A,B,A,B,1.0000,0.0000,0.0000
0+300,seepage,slight,A,B,A,A,B,A,B,1.0000,0.0000,0.0000
0+301,seepage,moderate,B,B,B,B,B,B,B,0.0250,0.9750,0.0000
0+302,seepage,moderate,B,B,B,B,B,B,B,0.0917,0.9083,0.0000
0+303,seepage,moderate,B,B,B,B,B,B,B,0.0250,0.9750,0.0000
0+304,seepage,moderate,B,B,B,B,B,B,B,0.0250,0.9750,0.0000
0+305,seepage,moderate,B,B,B,B,B,B,B,0.0250,0.9750,0.0000
0+306,seepage,moderate,B,B,B,B,B,B,B,0.0250,0.9750,0.0000
0+307,seepage,moderate,B,B,B,B,B,B,B,0.0250,0.9750,0.0000
0+308,seepage,moderate,B,B,B,B,B,B,B,0.1083,0.8917,0.0000
0+309,seepage,moderate,B,B,B,B,B,B,B,0.0250,0.9750,0.0000
0+310,seepage,moderate,B,B,B,B,B,B,B,0.0917,0.9083,0.0000
0+311,seepage,moderate,B,B,B,B,B,B,B,0.1083,0.8917,0.0000
0+312,seepage,moderate,B,B,B,B,B,B,B,0.0917,0.9083,0.0000
0+313,seepage,moderate,B,B,B,B,B,B,B,0.0250,0.9750,0.0000
0+314,seepage,moderate,B,B,B,B,B,B,B,0.0917,0.9083,0.0000
0+315,seepage,moderate,B,B,B,B,B,B,B,0.0250,0.9750,0.0000
0+316,seepage,moderate,B,B,B,B,B,B,B,0.0917,0.9083,0.0000
0+317,seepage,moderate,B,B,B,B,B,B,B,0.1083,0.8917,0.0000
0+318,seepage,moderate,B,B,B,B,B,B,B,0.0250,0.9750,0.0000
0+319,seepage,moderate,B,B,B,B,B,B,B,0.1083,0.8917,0.0000
0+320,seepage,moderate,B,B,B,B,B,B,B,0.1083,0.8917,0.0000
0+321,seepage,moderate,B,B,B,B,B,B,B,0.1083,0.8917,0.0000
0+322,seepage,moderate,B,B,B,B,B,B,B,0.1083,0.8917,0.0000
0+323,seepage,moderate,B,B,B,B,B,B,B,0.1083,0.8917,0.0000
0+324,seepage,moderate,B,B,B,B,B,B,B,0.0250,0.9750,0.0000
0+325,seepage,moderate,B,B,B,B,B,B,B,0.0250,0.9750,0.0000
0+326,seepage,severe,C,C,C,C,C,C,C,0.0000,0.0000,1.0000
0+327,seepage,severe,C,C,C,C,C,C,C,0.0000,0.0083,0.9917
0+328,seepage,severe,C,C,C,C,C,C,C,0.0000,0.0083,0.9917
0+329,seepage,severe,C,C,C,C,C,C,C,0.0000,0.0000,1.0000
0+330,seepage,severe,C,C,C,C,C,C,C,0.0000,0.0000,1.0000
0+331,seepage,severe,C,C,C,C,C,C,C,0.0000,0.0000,1.0000
0+332,seepage,severe,C,C,C,C,C,C,C,0.0000,0.0000,1.0000
0+333,seepage,severe,C,C,C,C,C,C,C,0.0000,0.0083,0.9917
0+334,seepage,severe,C,C,C,C,C,C,C,0.0000,0.0000,1.0000
0+335,seepage,severe,C,C,C,C,C,C,C,0.0000,0.0000,1.0000
0+336,seepage,severe,C,C,C,C,C,C,C,0.0000,0.0083,0.9917
0+337,seepage,severe,C,C,C,C,C,C,C,0.0000,0.0000,1.0000
0+338,seepage,severe,C,C,C,C,C,C,C,0.0000,0.0000,1.0000
0+339,seepage,severe,C,C,C,C,C,C,C,0.0000,0.0000,1.0000
0+340,seepage,severe,C,C,C,C,C,C,C,0.0000,0.0083,0.9917
0+341,seepage,severe,C,C,C,C,C,C,C,0.0000,0.0000,1.0000
0+342,seepage,severe,C,C,C,C,C,C,C,0.0000,0.0000,1.0000
0+343,seepage,severe,C,C,C,C,C,C,C,0.0000,0.0000,1.0000
0+344,seepage,severe,C,C,C,C,C,C,C,0.0000,0.0000,1.0000
0+345,seepage,severe,C,C,C,C,C,C,C,0.0000,0.0000,1.0000
0+346,seepage,severe,C,C,C,C,C,C,C,0.0000,0.0000,1.0000
0+347,seepage,severe,C,C,C,C,C,C,C,0.0000,0.0000,1.0000
0+348,seepage,severe,C,C,C,C,C,C,C,0.0000,0.0000,1.0000
0+349,seepage,severe,C,C,C,C,C,C,C,0.0000,0.0000,1.0000
0+350,seepage,severe,C,C,C,C,C,C,C,0.0000,0.0000,1.0000
0+351,seepage,critical,C,C,C,C,C,C,C,0.0000,0.0083,0.9917
0+352,seepage,critical,C,C,C,C,C,C,C,0.0000,0.0083,0.9917
0+353,seepage,critical,C,C,C,C,C,C,C,0.0000,0.0000,1.0000
0+354,seepage,critical,C,C,C,C,C,C,C,0.0000,0.0083,0.9917
0+355,seepage,critical,C,C,C,C,C,C,C,0.0000,0.0083,0.9917
0+356,seepage,critical,C,C,C,C,C,C,C,0.0000,0.0000,1.0000
0+357,seepage,critical,C,C,C,C,C,C,C,0.0000,0.0000,1.0000
0+358,seepage,critical,C,C,C,C,C,C,C,0.0000,0.0000,1.0000
0+359,seepage,critical,C,C,C,C,C,C,C,0.0000,0.0000,1.0000
0+360,seepage,critical,C,C,C,C,C,C,C,0.0000,0.0000,1.0000
0+361,seepage,critical,C,C,C,C,C,C,C,0.0000,0.0000,1.0000
0+362,seepage,critical,C,C,C,C,C,C,C,0.0000,0.0000,1.0000
0+363,seepage,critical,C,C,C,C,C,C,C,0.0000,0.0000,1.0000
0+364,seepage,critical,C,C,C,C,C,C,C,0.0000,0.0083,0.9917
0+365,seepage,critical,C,C,C,C,C,C,C,0.0000,0.0083,0.9917
0+366,seepage,critical,C,C,C,C,C,C,C,0.0000,0.0083,0.9917
0+367,seepage,critical,C,C,C,C,C,C,C,0.0000,0.0083,0.9917
0+368,seepage,critical,C,C,C,C,C,C,C,0.0000,0.0000,1.0000
0+369,seepage,critical,C,C,C,C,C,C,C,0.0000,0.0000,1.0000
0+370,seepage,critical,C,C,C,C,C,C,C,0.0000,0.0000,1.0000
0+371,seepage,critical,C,C,C,C,C,C,C,0.0000,0.0000,1.0000
0+372,seepage,critical,C,C,C,C,C,C,C,0.0000,0.0000,1.0000
0+373,seepage,critical,C,C,C,C,C,C,C,0.0000,0.0000,1.0000
0+374,seepage,critical,C,C,C,C,C,C,C,0.0000,0.0083,0.9917
0+375,seepage,critical,C,C,C,C,C,C,C,0.0000,0.0000,1.0000
0+376,slope,safe,A,A,A,A,A,A,A,1.0000,0.0000,0.0000
0+377,slope,safe,A,A,A,A,A,A,A,1.0000,0.0000,0.0000
0+378,slope,safe,A,A,A,A,A,A,A,1.0000,0.0000,0.0000
0+379,slope,safe,A,A,A,A,A,A,A,1.0000,0.0000,0.0000
0+380,slope,safe,A,A,A,A,A,A,A,1.0000,0.0000,0.0000
0+381,slope,safe,A,A,A,A,A,A,A,1.0000,0.0000,0.0000
0+382,slope,safe,A,A,A,A,A,A,A,1.0000,0.0000,0.0000
0+383,slope,safe,A,A,A,A,A,A,A,1.0000,0.0000,0.0000
0+384,slope,safe,A,A,A,A,A,A,A,1.0000,0.0000,0.0000
0+385,slope,safe,A,A,A,A,A,A,A,1.0000,0.0000,0.0000
0+386,slope,safe,A,A,A,A,A,A,A,1.0000,0.0000,0.0000
0+387,slope,safe,A,A,A,A,A,A,A,1.0000,0.0000,0.0000
0+388,slope,safe,A,A,A,A,A,A,A,1.0000,0.0000,0.0000
0+389,slope,safe,A,A,A,A,A,A,A,1.0000,0.0000,0.0000
0+390,slope,safe,A,A,A,A,A,A,A,1.0000,0.0000,0.0000
0+391,slope,safe,A,A,A,A,A,A,A,1.0000,0.0000,0.0000
0+392,slope,safe,A,A,A,A,A,A,A,1.0000,0.0000,0.0000
0+393,slope,safe,A,A,A,A,A,A,A,1.0000,0.0000,0.0000
0+394,slope,safe,A,A,A,A,A,A,A,1.0000,0.0000,0.0000
0+395,slope,safe,A,A,A,A,A,A,A,1.0000,0.0000,0.0000
0+396,slope,safe,A,A,A,A,A,A,A,1.0000,0.0000,0.0000
0+397,slope,safe,A,A,A,A,A,A,A,1.0000,0.0000,0.0000
0+398,slope,safe,A,A,A,A,A,A,A,1.0000,0.0000,0.0000
0+399,slope,safe,A,A,A,A,A,A,A,1.0000,0.0000,0.0000
0+400,slope,safe,A,A,A,A,A,A,A,1.0000,0.0000,0.0000
0+401,slope,slight,A,A,A,A,A,A,A,0.6000,0.1500,0.2500
0+402,slope,slight,A,A,A,A,A,A,A,0.7500,0.1083,0.1417
0+403,slope,slight,A,A,A,A,A,A,A,0.5667,0.1167,0.3167
0+404,slope,slight,A,A,A,A,A,A,A,0.5833,0.1083,0.3083
0+405,slope,slight,A,A,A,A,A,A,A,0.7583,0.1000,0.1417
0+406,slope,slight,A,A,A,A,A,A,A,0.7583,0.1000,0.1417
0+407,slope,slight,A,A,A,A,A,A,A,0.5667,0.1167,0.3167
0+408,slope,slight,A,A,A,A,A,A,A,0.7583,0.1000,0.1417
0+409,slope,slight,A,A,A,A,A,A,A,0.5917,0.1500,0.2583
0+410,slope,slight,A,A,A,A,A,A,A,0.5750,0.1083,0.3167
0+411,slope,slight,A,A,A,A,A,A,A,0.7500,0.1083,0.1417
0+412,slope,slight,A,A,A,A,A,A,A,0.5917,0.1500,0.2583
0+413,slope,slight,A,A,A,A,A,A,A,0.5750,0.1083,0.3167
0+414,slope,slight,A,A,A,A,A,A,A,0.7500,0.1083,0.1417
0+415,slope,slight,A,A,A,A,A,A,A,0.5750,0.1167,0.3083
0+416,slope,slight,A,A,A,A,A,A,A,0.5917,0.1500,0.2583
0+417,slope,slight,A,A,A,A,A,A,A,0.6000,0.1500,0.2500
0+418,slope,slight,A,A,A,A,A,A,A,0.6000,0.1500,0.2500
0+419,slope,slight,A,A,A,A,A,A,A,0.6000,0.1500,0.2500
0+420,slope,slight,A,A,A,A,A,A,A,0.7583,0.1083,0.1333
0+421,slope,slight,A,A,A,A,A,A,A,0.6000,0.1500,0.2500
0+422,slope,slight,A,A,A,A,A,A,A,0.7500,0.1083,0.1417
0+423,slope,slight,A,A,A,A,A,A,A,0.8083,0.0583,0.1333
0+424,slope,slight,A,A,A,A,A,A,A,0.5917,0.1500,0.2583
0+425,slope,slight,A,A,A,A,A,A,A,0.5917,0.1500,0.2583
0+426,slope,moderate,B,B,B,B,B,B,B,0.2500,0.6083,0.1417
0+427,slope,moderate,B,B,B,B,B,B,B,0.2500,0.6167,0.1333
0+428,slope,moderate,B,B,B,B,B,B,B,0.2583,0.6500,0.0917
0+429,slope,moderate,B,B,B,B,B,B,B,0.3083,0.6250,0.0667
0+430,slope,moderate,B,B,B,B,B,B,B,0.1833,0.7083,0.1083
0+431,slope,moderate,B,B,B,B,B,B,B,0.1833,0.7083,0.1083
0+432,slope,moderate,B,B,B,B,B,B,B,0.3083,0.6250,0.0667
0+433,slope,moderate,B,B,B,B,B,B,B,0.2583,0.6417,0.1000
0+434,slope,moderate,B,B,B,B,B,B,B,0.2500,0.6167,0.1333
0+435,slope,moderate,B,B,B,B,B,B,B,0.1833,0.7083,0.1083
0+436,slope,moderate,B,B,B,B,B,B,B,0.1833,0.7083,0.1083
0+437,slope,moderate,B,B,A,B,B,B,B,0.4917,0.4167,0.0917
0+438,slope,moderate,B,B,B,B,B,B,B,0.3083,0.6250,0.0667
0+439,slope,moderate,B,B,A,B,B,B,B,0.4917,0.4167,0.0917
0+440,slope,moderate,B,B,B,B,B,B,B,0.2583,0.6417,0.1000
0+441,slope,moderate,B,B,B,B,B,B,B,0.2500,0.6167,0.1333
0+442,slope,moderate,B,B,B,B,B,B,B,0.1833,0.7083,0.1083
0+443,slope,moderate,B,B,A,B,B,B,B,0.4750,0.4167,0.1083
0+444,slope,moderate,B,B,A,B,B,B,B,0.4917,0.4167,0.0917
0+445,slope,moderate,B,B,B,B,B,B,B,0.3083,0.6250,0.0667
0+446,slope,moderate,B,B,A,B,B,B,B,0.4750,0.4250,0.1000
0+447,slope,moderate,B,B,B,B,B,B,B,0.2583,0.6417,0.1000
0+448,slope,moderate,B,B,B,B,B,B,B,0.1833,0.7083,0.1083
0+449,slope,moderate,B,B,A,B,B,B,B,0.4917,0.4167,0.0917
0+450,slope,moderate,B,B,A,B,B,B,B,0.4750,0.4250,0.1000
0+451,slope,severe,C,C,C,C,C,C,C,0.0417,0.0000,0.9583
0+452,slope,severe,C,B,C,C,C,C,C,0.0417,0.0000,0.9583
0+453,slope,severe,C,C,C,C,C,C,C,0.0167,0.0000,0.9833
0+454,slope,severe,C,B,C,C,C,C,C,0.0417,0.0000,0.9583
0+455,slope,severe,C,C,C,C,C,C,C,0.0500,0.0250,0.9250
0+456,slope,severe,C,C,C,C,C,C,C,0.0417,0.0083,0.9500
0+457,slope,severe,C,C,C,C,C,C,C,0.0417,0.0000,0.9583
0+458,slope,severe,C,C,C,C,C,C,C,0.0250,0.0000,0.9750
0+459,slope,severe,C,C,C,C,C,C,C,0.0333,0.0083,0.9583
0+460,slope,severe,C,C,C,C,C,C,C,0.0167,0.0000,0.9833
0+461,slope,severe,C,C,C,C,C,C,C,0.0250,0.0000,0.9750
0+462,slope,severe,C,B,C,C,C,C,C,0.0167,0.0000,0.9833
0+463,slope,severe,C,B,C,C,C,C,C,0.0583,0.0250,0.9167
0+464,slope,severe,C,C,C,C,C,C,C,0.0417,0.0083,0.9500
0+465,slope,severe,C,C,C,C,C,C,C,0.0500,0.0250,0.9250
0+466,slope,severe,C,C,C,C,C,C,C,0.0167,0.0000,0.9833
0+467,slope,severe,C,C,C,C,C,C,C,0.0417,0.0000,0.9583
0+468,slope,severe,C,C,C,C,C,C,C,0.0333,0.0083,0.9583
0+469,slope,severe,C,B,C,C,C,C,C,0.0333,0.0167,0.9500
0+470,slope,severe,C,C,C,C,C,C,C,0.0167,0.0000,0.9833
0+471,slope,severe,C,B,C,C,C,C,C,0.0250,0.0000,0.9750
0+472,slope,severe,C,C,C,C,C,C,C,0.0500,0.0250,0.9250
0+473,slope,severe,C,C,C,C,C,C,C,0.0333,0.0083,0.9583
0+474,slope,severe,C,B,C,C,C,C,C,0.0417,0.0000,0.9583
0+475,slope,severe,C,C,C,C,C,C,C,0.0250,0.0000,0.9750
0+476,slope,critical,C,C,C,C,C,C,C,0.0500,0.0250,0.9250
0+477,slope,critical,C,C,C,C,C,C,C,0.0500,0.0250,0.9250
0+478,slope,critical,C,C,C,C,C,C,C,0.0167,0.0000,0.9833
0+479,slope,critical,C,C,C,C,C,C,C,0.0250,0.0000,0.9750
0+480,slope,critical,C,C,C,C,C,C,C,0.0500,0.0250,0.9250
0+481,slope,critical,C,C,C,C,C,C,C,0.0500,0.0250,0.9250
0+482,slope,critical,C,C,C,C,C,C,C,0.0167,0.0000,0.9833
0+483,slope,critical,C,C,C,C,C,C,C,0.0333,0.0083,0.9583
0+484,slope,critical,C,C,C,C,C,C,C,0.0500,0.0250,0.9250
0+485,slope,critical,C,C,C,C,C,C,C,0.0500,0.0250,0.9250
0+486,slope,critical,C,C,C,C,C,C,C,0.0333,0.0083,0.9583
0+487,slope,critical,C,C,C,C,C,C,C,0.0167,0.0000,0.9833
0+488,slope,critical,C,C,C,C,C,C,C,0.0333,0.0083,0.9583
0+489,slope,critical,C,C,C,C,C,C,C,0.0250,0.0000,0.9750
0+490,slope,critical,C,C,C,C,C,C,C,0.0333,0.0083,0.9583
0+491,slope,critical,C,C,C,C,C,C,C,0.0500,0.0250,0.9250
0+492,slope,critical,C,C,C,C,C,C,C,0.0250,0.0000,0.9750
0+493,slope,critical,C,C,C,C,C,C,C,0.0500,0.0250,0.9250
0+494,slope,critical,C,C,C,C,C,C,C,0.0167,0.0000,0.9833
0+495,slope,critical,C,C,C,C,C,C,C,0.0417,0.0000,0.9583
0+496,slope,critical,C,C,C,C,C,C,C,0.0500,0.0250,0.9250
0+497,slope,critical,C,C,C,C,C,C,C,0.0500,0.0250,0.9250
0+498,slope,critical,C,C,C,C,C,C,C,0.0500,0.0250,0.9250
0+499,slope,critical,C,C,C,C,C,C,C,0.0250,0.0000,0.9750
0+500,slope,critical,C,C,C,C,C,C,C,0.0333,0.0083,0.9583
0+501,scour,safe,A,A,A,A,A,A,A,1.0000,0.0000,0.0000
0+502,scour,safe,A,A,A,A,A,A,A,1.0000,0.0000,0.0000
0+503,scour,safe,A,A,A,A,A,A,A,1.0000,0.0000,0.0000
0+504,scour,safe,A,A,A,A,A,A,A,1.0000,0.0000,0.0000
0+505,scour,safe,A,A,A,A,A,A,A,1.0000,0.0000,0.0000
0+506,scour,safe,A,A,A,A,A,A,A,1.0000,0.0000,0.0000
0+507,scour,safe,A,A,A,A,A,A,A,1.0000,0.0000,0.0000
0+508,scour,safe,A,A,A,A,A,A,A,1.0000,0.0000,0.0000
0+509,scour,safe,A,A,A,A,A,A,A,1.0000,0.0000,0.0000
0+510,scour,safe,A,A,A,A,A,A,A,1.0000,0.0000,0.0000
0+511,scour,safe,A,A,A,A,A,A,A,1.0000,0.0000,0.0000
0+512,scour,safe,A,A,A,A,A,A,A,1.0000,0.0000,0.0000
0+513,scour,safe,A,A,A,A,A,A,A,1.0000,0.0000,0.0000
0+514,scour,safe,A,A,A,A,A,A,A,1.0000,0.0000,0.0000
0+515,scour,safe,A,A,A,A,A,A,A,1.0000,0.0000,0.0000
0+516,scour,safe,A,A,A,A,A,A,A,1.0000,0.0000,0.0000
0+517,scour,safe,A,A,A,A,A,A,A,1.0000,0.0000,0.0000
0+518,scour,safe,A,A,A,A,A,A,A,1.0000,0.0000,0.0000
0+519,scour,safe,A,A,A,A,A,A,A,1.0000,0.0000,0.0000
0+520,scour,safe,A,A,A,A,A,A,A,1.0000,0.0000,0.0000
0+521,scour,safe,A,A,A,A,A,A,A,1.0000,0.0000,0.0000
0+522,scour,safe,A,A,A,A,A,A,A,1.0000,0.0000,0.0000
0+523,scour,safe,A,A,A,A,A,A,A,1.0000,0.0000,0.0000
0+524,scour,safe,A,A,A,A,A,A,A,1.0000,0.0000,0.0000
0+525,scour,safe,A,A,A,A,A,A,A,1.0000,0.0000,0.0000
0+526,scour,slight,A,A,A,A,A,A,A,1.0000,0.0000,0.0000
0+527,scour,slight,A,B,A,A,B,A,B,1.0000,0.0000,0.0000
0+528,scour,slight,A,A,A,A,A,A,A,1.0000,0.0000,0.0000
0+529,scour,slight,A,A,A,A,A,A,A,1.0000,0.0000,0.0000
0+530,scour,slight,A,A,A,A,A,A,A,1.0000,0.0000,0.0000
0+531,scour,slight,A,A,A,A,A,A,A,1.0000,0.0000,0.0000
0+532,scour,slight,A,A,A,A,A,A,A,1.0000,0.0000,0.0000
0+533,scour,slight,A,A,A,A,A,A,A,1.0000,0.0000,0.0000
0+534,scour,slight,A,B,A,A,B,A,B,1.0000,0.0000,0.0000
0+535,scour,slight,A,A,A,A,A,A,A,1.0000,0.0000,0.0000
0+536,scour,slight,A,A,A,A,A,A,A,1.0000,0.0000,0.0000
0+537,scour,slight,A,A,A,A,A,A,A,1.0000,0.0000,0.0000
0+538,scour,slight,A,B,A,A,B,A,B,1.0000,0.0000,0.0000
0+539,scour,slight,A,A,A,A,A,A,A,1.0000,0.0000,0.0000
0+540,scour,slight,A,A,A,A,A,A,A,1.0000,0.0000,0.0000
0+541,scour,slight,A,A,A,A,A,A,A,1.0000,0.0000,0.0000
0+542,scour,slight,A,A,A,A,A,A,A,1.0000,0.0000,0.0000
0+543,scour,slight,A,A,A,A,A,A,A,1.0000,0.0000,0.0000
0+544,scour,slight,A,A,A,A,A,A,A,1.0000,0.0000,0.0000
0+545,scour,slight,A,A,A,A,A,A,A,1.0000,0.0000,0.0000
0+546,scour,slight,A,A,A,A,A,A,A,1.0000,0.0000,0.0000
0+547,scour,slight,A,B,A,A,B,A,B,1.0000,0.0000,0.0000
0+548,scour,slight,A,A,A,A,A,A,A,1.0000,0.0000,0.0000
0+549,scour,slight,A,A,A,A,A,A,A,1.0000,0.0000,0.0000
0+550,scour,slight,A,A,A,A,A,A,A,1.0000,0.0000,0.0000
0+551,scour,moderate,B,B,A,B,B,B,B,0.5833,0.3833,0.0333
0+552,scour,moderate,B,B,A,B,B,B,B,0.6167,0.3500,0.0333
0+553,scour,moderate,B,B,A,B,B,B,B,0.5750,0.4083,0.0167
0+554,scour,moderate,B,B,A,B,B,B,B,0.6167,0.3500,0.0333
0+555,scour,moderate,B,B,A,B,B,B,B,0.5833,0.3833,0.0333
0+556,scour,moderate,B,B,A,B,B,B,B,0.5833,0.3833,0.0333
0+557,scour,moderate,B,B,B,B,B,B,B,0.4333,0.5583,0.0083
0+558,scour,moderate,B,B,B,B,B,B,B,0.4333,0.5583,0.0083
0+559,scour,moderate,B,B,A,B,B,B,B,0.6167,0.3500,0.0333
0+560,scour,moderate,B,B,A,B,B,B,B,0.5750,0.4083,0.0167
0+561,scour,moderate,B,B,A,B,B,B,B,0.6167,0.3500,0.0333
0+562,scour,moderate,B,B,B,B,B,B,B,0.4333,0.5500,0.0167
0+563,scour,moderate,B,B,A,B,B,B,B,0.5833,0.3833,0.0333
0+564,scour,moderate,B,B,A,B,B,B,B,0.5833,0.3833,0.0333
0+565,scour,moderate,B,B,A,B,B,B,B,0.5833,0.3833,0.0333
0+566,scour,moderate,B,B,A,B,B,B,B,0.6167,0.3500,0.0333
0+567,scour,moderate,B,B,B,B,B,B,B,0.4333,0.5583,0.0083
0+568,scour,moderate,B,B,A,B,B,B,B,0.5833,0.3833,0.0333
0+569,scour,moderate,B,B,A,B,B,B,B,0.5750,0.4083,0.0167
0+570,scour,moderate,B,B,B,B,B,B,B,0.4333,0.5500,0.0167
0+571,scour,moderate,B,B,A,B,B,B,B,0.5750,0.4083,0.0167
0+572,scour,moderate,B,B,B,B,B,B,B,0.4333,0.5583,0.0083
0+573,scour,moderate,B,B,A,B,B,B,B,0.5750,0.4083,0.0167
0+574,scour,moderate,B,B,B,B,B,B,B,0.4333,0.5583,0.0083
0+575,scour,moderate,B,B,B,B,B,B,B,0.4333,0.5500,0.0167
0+576,scour,severe,C,C,C,C,C,C,C,0.0333,0.0000,0.9667
0+577,scour,severe,C,C,C,C,C,C,C,0.0333,0.0000,0.9667
0+578,scour,severe,C,C,C,C,C,C,C,0.0083,0.0000,0.9917
0+579,scour,severe,C,C,C,C,C,C,C,0.1250,0.0000,0.8750
0+580,scour,severe,C,C,C,C,C,C,C,0.1083,0.0083,0.8833
0+581,scour,severe,C,C,C,C,C,C,C,0.1250,0.0000,0.8750
0+582,scour,severe,C,C,C,C,C,C,C,0.0083,0.0000,0.9917
0+583,scour,severe,C,C,C,C,C,C,C,0.1333,0.0000,0.8667
0+584,scour,severe,C,C,C,C,C,C,C,0.1250,0.0000,0.8750
0+585,scour,severe,C,C,C,C,C,C,C,0.1250,0.0000,0.8750
0+586,scour,severe,C,C,C,C,C,C,C,0.0333,0.0000,0.9667
0+587,scour,severe,C,C,C,C,C,C,C,0.1333,0.0000,0.8667
0+588,scour,severe,C,C,C,C,C,C,C,0.1083,0.0083,0.8833
0+589,scour,severe,C,C,C,C,C,C,C,0.1333,0.0000,0.8667
0+590,scour,severe,C,C,C,C,C,C,C,0.0083,0.0000,0.9917
0+591,scour,severe,C,C,C,C,C,C,C,0.1083,0.0083,0.8833
0+592,scour,severe,C,C,C,C,C,C,C,0.1333,0.0000,0.8667
0+593,scour,severe,C,C,C,C,C,C,C,0.0083,0.0000,0.9917
0+594,scour,severe,C,C,C,C,C,C,C,0.1083,0.0083,0.8833
0+595,scour,severe,C,C,C,C,C,C,C,0.1333,0.0000,0.8667
0+596,scour,severe,C,C,C,C,C,C,C,0.1333,0.0000,0.8667
0+597,scour,severe,C,C,C,C,C,C,C,0.1333,0.0000,0.8667
0+598,scour,severe,C,C,C,C,C,C,C,0.1083,0.0083,0.8833
0+599,scour,severe,C,C,C,C,C,C,C,0.1333,0.0000,0.8667
0+600,scour,severe,C,C,C,C,C,C,C,0.1333,0.0000,0.8667
0+601,scour,critical,C,C,C,C,C,C,C,0.1250,0.0000,0.8750
0+602,scour,critical,C,C,C,C,C,C,C,0.1083,0.0083,0.8833
0+603,scour,critical,C,C,C,C,C,C,C,0.1083,0.0083,0.8833
0+604,scour,critical,C,C,C,C,C,C,C,0.1083,0.0083,0.8833
0+605,scour,critical,C,C,C,C,C,C,C,0.1250,0.0000,0.8750
0+606,scour,critical,C,C,C,C,C,C,C,0.1250,0.0000,0.8750
0+607,scour,critical,C,C,C,C,C,C,C,0.1250,0.0000,0.8750
0+608,scour,critical,C,C,C,C,C,C,C,0.1333,0.0000,0.8667
0+609,scour,critical,C,C,C,C,C,C,C,0.0333,0.0000,0.9667
0+610,scour,critical,C,C,C,C,C,C,C,0.1333,0.0000,0.8667
0+611,scour,critical,C,C,C,C,C,C,C,0.1083,0.0083,0.8833
0+612,scour,critical,C,C,C,C,C,C,C,0.1083,0.0083,0.8833
0+613,scour,critical,C,C,C,C,C,C,C,0.1333,0.0000,0.8667
0+614,scour,critical,C,C,C,C,C,C,C,0.1333,0.0000,0.8667
0+615,scour,critical,C,C,C,C,C,C,C,0.1250,0.0000,0.8750
0+616,scour,critical,C,C,C,C,C,C,C,0.0083,0.0000,0.9917
0+617,scour,critical,C,C,C,C,C,C,C,0.1083,0.0083,0.8833
0+618,scour,critical,C,C,C,C,C,C,C,0.0333,0.0000,0.9667
0+619,scour,critical,C,C,C,C,C,C,C,0.1083,0.0083,0.8833
0+620,scour,critical,C,C,C,C,C,C,C,0.0333,0.0000,0.9667
0+621,scour,critical,C,C,C,C,C,C,C,0.0083,0.0000,0.9917
0+622,scour,critical,C,C,C,C,C,C,C,0.1083,0.0083,0.8833
0+623,scour,critical,C,C,C,C,C,C,C,0.0333,0.0000,0.9667
0+624,scour,critical,C,C,C,C,C,C,C,0.1333,0.0000,0.8667
0+625,scour,critical,C,C,C,C,C,C,C,0.0333,0.0000,0.9667
0+626,building,safe,A,A,A,A,A,A,A,1.0000,0.0000,0.0000
0+627,building,safe,A,A,A,A,A,A,A,1.0000,0.0000,0.0000
0+628,building,safe,A,A,A,A,A,A,A,1.0000,0.0000,0.0000
0+629,building,safe,A,A,A,A,A,A,A,1.0000,0.0000,0.0000
0+630,building,safe,A,A,A,A,A,A,A,1.0000,0.0000,0.0000
0+631,building,safe,A,A,A,A,A,A,A,1.0000,0.0000,0.0000
0+632,building,safe,A,A,A,A,A,A,A,1.0000,0.0000,0.0000
0+633,building,safe,A,A,A,A,A,A,A,1.0000,0.0000,0.0000
0+634,building,safe,A,A,A,A,A,A,A,1.0000,0.0000,0.0000
0+635,building,safe,A,A,A,A,A,A,A,1.0000,0.0000,0.0000
0+636,building,safe,A,A,A,A,A,A,A,1.0000,0.0000,0.0000
0+637,building,safe,A,A,A,A,A,A,A,1.0000,0.0000,0.0000
0+638,building,safe,A,A,A,A,A,A,A,1.0000,0.0000,0.0000
0+639,building,safe,A,A,A,A,A,A,A,1.0000,0.0000,0.0000
0+640,building,safe,A,A,A,A,A,A,A,1.0000,0.0000,0.0000
0+641,building,safe,A,A,A,A,A,A,A,1.0000,0.0000,0.0000
0+642,building,safe,A,A,A,A,A,A,A,1.0000,0.0000,0.0000
0+643,building,safe,A,A,A,A,A,A,A,1.0000,0.0000,0.0000
0+644,building,safe,A,A,A,A,A,A,A,1.0000,0.0000,0.0000
0+645,building,safe,A,A,A,A,A,A,A,1.0000,0.0000,0.0000
0+646,building,safe,A,A,A,A,A,A,A,1.0000,0.0000,0.0000
0+647,building,safe,A,A,A,A,A,A,A,1.0000,0.0000,0.0000
0+648,building,safe,A,A,A,A,A,A,A,1.0000,0.0000,0.0000
0+649,building,safe,A,A,A,A,A,A,A,1.0000,0.0000,0.0000
0+650,building,safe,A,A,A,A,A,A,A,1.0000,0.0000,0.0000
0+651,building,slight,A,A,A,A,A,A,A,1.0000,0.0000,0.0000
0+652,building,slight,A,A,A,A,A,A,A,1.0000,0.0000,0.0000
0+653,building,slight,A,A,A,A,A,A,A,1.0000,0.0000,0.0000
0+654,building,slight,A,A,A,A,A,A,A,1.0000,0.0000,0.0000
0+655,building,slight,A,A,A,A,A,A,A,1.0000,0.0000,0.0000
0+656,building,slight,A,A,A,A,A,A,A,1.0000,0.0000,0.0000
0+657,building,slight,A,A,A,A,A,A,A,1.0000,0.0000,0.0000
0+658,building,slight,A,A,A,A,A,A,A,1.0000,0.0000,0.0000
0+659,building,slight,A,A,A,A,A,A,A,1.0000,0.0000,0.0000
0+660,building,slight,A,A,A,A,A,A,A,1.0000,0.0000,0.0000
0+661,building,slight,A,A,A,A,A,A,A,1.0000,0.0000,0.0000
0+662,building,slight,A,A,A,A,A,A,A,1.0000,0.0000,0.0000
0+663,building,slight,A,A,A,A,A,A,A,1.0000,0.0000,0.0000
0+664,building,slight,A,A,A,A,A,A,A,1.0000,0.0000,0.0000
0+665,building,slight,A,A,A,A,A,A,A,1.0000,0.0000,0.0000
0+666,building,slight,A,A,A,A,A,A,A,1.0000,0.0000,0.0000
0+667,building,slight,A,A,A,A,A,A,A,1.0000,0.0000,0.0000
0+668,building,slight,A,A,A,A,A,A,A,1.0000,0.0000,0.0000
0+669,building,slight,A,A,A,A,A,A,A,1.0000,0.0000,0.0000
0+670,building,slight,A,A,A,A,A,A,A,1.0000,0.0000,0.0000
0+671,building,slight,A,A,A,A,A,A,A,1.0000,0.0000,0.0000
0+672,building,slight,A,A,A,A,A,A,A,1.0000,0.0000,0.0000
0+673,building,slight,A,A,A,A,A,A,A,1.0000,0.0000,0.0000
0+674,building,slight,A,A,A,A,A,A,A,1.0000,0.0000,0.0000
0+675,building,slight,A,A,A,A,A,A,A,1.0000,0.0000,0.0000
0+676,building,moderate,B,B,A,A,B,A,B,1.0000,0.0000,0.0000
0+677,building,moderate,B,B,A,A,B,A,B,1.0000,0.0000,0.0000
0+678,building,moderate,B,B,A,A,B,A,B,1.0000,0.0000,0.0000
0+679,building,moderate,B,B,A,A,B,A,B,1.0000,0.0000,0.0000
0+680,building,moderate,B,B,A,A,B,A,B,1.0000,0.0000,0.0000
0+681,building,moderate,B,B,A,A,B,A,B,1.0000,0.0000,0.0000
0+682,building,moderate,B,B,A,A,B,A,B,1.0000,0.0000,0.0000
0+683,building,moderate,B,B,A,A,B,A,B,1.0000,0.0000,0.0000
0+684,building,moderate,B,B,A,A,B,A,B,1.0000,0.0000,0.0000
0+685,building,moderate,B,B,A,A,B,A,B,1.0000,0.0000,0.0000
0+686,building,moderate,B,B,A,A,B,A,B,1.0000,0.0000,0.0000
0+687,building,moderate,B,B,A,A,B,A,B,1.0000,0.0000,0.0000
0+688,building,moderate,B,B,A,A,B,A,B,1.0000,0.0000,0.0000
0+689,building,moderate,B,B,A,A,B,A,B,1.0000,0.0000,0.0000
0+690,building,moderate,B,B,A,A,B,A,B,1.0000,0.0000,0.0000
0+691,building,moderate,B,B,A,A,B,A,B,1.0000,0.0000,0.0000
0+692,building,moderate,B,B,A,A,B,A,B,1.0000,0.0000,0.0000
0+693,building,moderate,B,B,A,A,B,A,B,1.0000,0.0000,0.0000
0+694,building,moderate,B,B,A,A,B,A,B,1.0000,0.0000,0.0000
0+695,building,moderate,B,B,A,A,B,A,B,1.0000,0.0000,0.0000
0+696,building,moderate,B,B,A,A,B,A,B,1.0000,0.0000,0.0000
0+697,building,moderate,B,B,A,A,B,A,B,1.0000,0.0000,0.0000
0+698,building,moderate,B,B,A,A,B,A,B,1.0000,0.0000,0.0000
0+699,building,moderate,B,B,A,A,B,A,B,1.0000,0.0000,0.0000
0+700,building,moderate,B,B,A,A,B,A,B,1.0000,0.0000,0.0000
0+701,building,severe,C,C,A,A,C,C,C,1.0000,0.0000,0.0000
0+702,building,severe,C,C,A,A,C,C,C,1.0000,0.0000,0.0000
0+703,building,severe,C,C,A,A,C,C,C,1.0000,0.0000,0.0000
0+704,building,severe,C,C,A,A,C,C,C,1.0000,0.0000,0.0000
0+705,building,severe,C,C,A,A,C,C,C,1.0000,0.0000,0.0000
0+706,building,severe,C,C,A,A,C,C,C,1.0000,0.0000,0.0000
0+707,building,severe,C,C,A,A,C,C,C,1.0000,0.0000,0.0000
0+708,building,severe,C,C,A,A,C,C,C,1.0000,0.0000,0.0000
0+709,building,severe,C,C,A,A,C,C,C,1.0000,0.0000,0.0000
0+710,building,severe,C,C,A,A,C,C,C,1.0000,0.0000,0.0000
0+711,building,severe,C,C,A,A,C,C,C,1.0000,0.0000,0.0000
0+712,building,severe,C,C,A,A,C,C,C,1.0000,0.0000,0.0000
0+713,building,severe,C,C,A,A,C,C,C,1.0000,0.0000,0.0000
0+714,building,severe,C,C,A,A,C,C,C,1.0000,0.0000,0.0000
0+715,building,severe,C,C,A,A,C,C,C,1.0000,0.0000,0.0000
0+716,building,severe,C,C,A,A,C,C,C,1.0000,0.0000,0.0000
0+717,building,severe,C,C,A,A,C,C,C,1.0000,0.0000,0.0000
0+718,building,severe,C,C,A,A,C,C,C,1.0000,0.0000,0.0000
0+719,building,severe,C,C,A,A,C,C,C,1.0000,0.0000,0.0000
0+720,building,severe,C,C,A,A,C,C,C,1.0000,0.0000,0.0000
0+721,building,severe,C,C,A,A,C,C,C,1.0000,0.0000,0.0000
0+722,building,severe,C,C,A,A,C,C,C,1.0000,0.0000,0.0000
0+723,building,severe,C,C,A,A,C,C,C,1.0000,0.0000,0.0000
0+724,building,severe,C,C,A,A,C,C,C,1.0000,0.0000,0.0000
0+725,building,severe,C,C,A,A,C,C,C,1.0000,0.0000,0.0000
0+726,building,critical,C,C,A,A,C,C,C,1.0000,0.0000,0.0000
0+727,building,critical,C,C,A,A,C,C,C,1.0000,0.0000,0.0000
0+728,building,critical,C,C,A,A,C,C,C,1.0000,0.0000,0.0000
0+729,building,critical,C,C,A,A,C,C,C,1.0000,0.0000,0.0000
0+730,building,critical,C,C,A,A,C,C,C,1.0000,0.0000,0.0000
0+731,building,critical,C,C,A,A,C,C,C,1.0000,0.0000,0.0000
0+732,building,critical,C,C,A,A,C,C,C,1.0000,0.0000,0.0000
0+733,building,critical,C,C,A,A,C,C,C,1.0000,0.0000,0.0000
0+734,building,critical,C,C,A,A,C,C,C,1.0000,0.0000,0.0000
0+735,building,critical,C,C,A,A,C,C,C,1.0000,0.0000,0.0000
0+736,building,critical,C,C,A,A,C,C,C,1.0000,0.0000,0.0000
0+737,building,critical,C,C,A,A,C,C,C,1.0000,0.0000,0.0000
0+738,building,critical,C,C,A,A,C,C,C,1.0000,0.0000,0.0000
0+739,building,critical,C,C,A,A,C,C,C,1.0000,0.0000,0.0000
0+740,building,critical,C,C,A,A,C,C,C,1.0000,0.0000,0.0000
0+741,building,critical,C,C,A,A,C,C,C,1.0000,0.0000,0.0000
0+742,building,critical,C,C,A,A,C,C,C,1.0000,0.0000,0.0000
0+743,building,critical,C,C,A,A,C,C,C,1.0000,0.0000,0.0000
0+744,building,critical,C,C,A,A,C,C,C,1.0000,0.0000,0.0000
0+745,building,critical,C,C,A,A,C,C,C,1.0000,0.0000,0.0000
0+746,building,critical,C,C,A,A,C,C,C,1.0000,0.0000,0.0000
0+747,building,critical,C,C,A,A,C,C,C,1.0000,0.0000,0.0000
0+748,building,critical,C,C,A,A,C,C,C,1.0000,0.0000,0.0000
0+749,building,critical,C,C,A,A,C,C,C,1.0000,0.0000,0.0000
0+750,building,critical,C,C,A,A,C,C,C,1.0000,0.0000,0.0000
0+751,mixed,safe,A,A,A,A,A,A,A,1.0000,0.0000,0.0000
0+752,mixed,safe,A,A,A,A,A,A,A,0.9500,0.0167,0.0333
0+753,mixed,safe,A,A,A,A,A,A,A,1.0000,0.0000,0.0000
0+754,mixed,safe,A,A,A,A,A,A,A,1.0000,0.0000,0.0000
0+755,mixed,safe,A,A,A,A,A,A,A,0.9833,0.0083,0.0083
0+756,mixed,safe,A,A,A,A,A,A,A,0.9417,0.0000,0.0583
0+757,mixed,safe,A,A,A,A,A,A,A,0.9667,0.0083,0.0250
0+758,mixed,safe,A,A,A,A,A,A,A,1.0000,0.0000,0.0000
0+759,mixed,safe,A,A,A,A,A,A,A,0.9083,0.0250,0.0667
0+760,mixed,safe,A,A,A,A,A,A,A,0.9417,0.0000,0.0583
0+761,mixed,safe,A,A,A,A,A,A,A,0.9833,0.0083,0.0083
0+762,mixed,safe,A,A,A,A,A,A,A,0.9917,0.0000,0.0083
0+763,mixed,safe,A,A,A,A,A,A,A,1.0000,0.0000,0.0000
0+764,mixed,safe,A,A,A,A,A,A,A,0.9833,0.0083,0.0083
0+765,mixed,safe,A,A,A,A,A,A,A,0.9750,0.0083,0.0167
0+766,mixed,safe,A,A,A,A,A,A,A,1.0000,0.0000,0.0000
0+767,mixed,safe,A,A,A,A,A,A,A,0.8917,0.0333,0.0750
0+768,mixed,safe,A,A,A,A,A,A,A,1.0000,0.0000,0.0000
0+769,mixed,safe,A,A,A,A,A,A,A,0.9917,0.0000,0.0083
0+770,mixed,safe,A,A,A,A,A,A,A,1.0000,0.0000,0.0000
0+771,mixed,safe,A,A,A,A,A,A,A,1.0000,0.0000,0.0000
0+772,mixed,safe,A,A,A,A,A,A,A,1.0000,0.0000,0.0000
0+773,mixed,safe,A,A,A,A,A,A,A,0.9833,0.0000,0.0167
0+774,mixed,safe,A,A,A,A,A,A,A,0.9583,0.0167,0.0250
0+775,mixed,safe,A,A,A,A,A,A,A,1.0000,0.0000,0.0000
0+776,mixed,slight,A,B,A,A,B,A,B,0.9917,0.0000,0.0083
0+777,mixed,slight,A,B,A,A,B,A,B,0.9917,0.0083,0.0000
0+778,mixed,slight,A,B,A,A,B,A,B,0.9917,0.0000,0.0083
0+779,mixed,slight,A,B,A,A,B,A,B,0.9000,0.0000,0.1000
0+780,mixed,slight,A,B,A,A,B,A,B,0.9917,0.0000,0.0083
0+781,mixed,slight,A,B,A,A,B,A,B,1.0000,0.0000,0.0000
0+782,mixed,slight,A,B,A,A,B,A,B,0.9917,0.0000,0.0083
0+783,mixed,slight,A,B,A,A,B,A,B,0.9000,0.0000,0.1000
0+784,mixed,slight,A,B,A,A,B,A,B,0.9000,0.0000,0.1000
0+785,mixed,slight,A,B,A,A,B,A,B,0.9000,0.0000,0.1000
0+786,mixed,slight,A,B,A,A,B,A,B,0.9000,0.0000,0.1000
0+787,mixed,slight,A,B,A,A,B,A,B,0.9917,0.0000,0.0083
0+788,mixed,slight,A,B,A,A,B,A,B,1.0000,0.0000,0.0000
0+789,mixed,slight,A,B,A,A,B,A,B,0.9667,0.0000,0.0333
0+790,mixed,slight,A,B,A,A,B,A,B,0.9917,0.0000,0.0083
0+791,mixed,slight,A,B,A,A,B,A,B,0.9917,0.0000,0.0083
0+792,mixed,slight,A,B,A,A,B,A,B,1.0000,0.0000,0.0000
0+793,mixed,slight,A,B,A,A,B,A,B,0.9000,0.0000,0.1000
0+794,mixed,slight,A,B,A,A,B,A,B,0.9667,0.0000,0.0333
0+795,mixed,slight,A,B,A,A,B,A,B,0.9917,0.0000,0.0083
0+796,mixed,slight,A,B,A,A,B,A,B,0.9667,0.0000,0.0333
0+797,mixed,slight,A,B,A,A,B,A,B,0.9000,0.0000,0.1000
0+798,mixed,slight,A,B,A,A,B,A,B,0.9667,0.0000,0.0333
0+799,mixed,slight,A,B,A,A,B,A,B,0.9000,0.0000,0.1000
0+800,mixed,slight,A,B,A,A,B,A,B,0.9917,0.0000,0.0083
0+801,mixed,moderate,B,B,B,B,B,B,B,0.0000,1.0000,0.0000
0+802,mixed,moderate,B,B,B,B,B,B,B,0.0000,1.0000,0.0000
0+803,mixed,moderate,B,B,B,B,B,B,B,0.0000,1.0000,0.0000
0+804,mixed,moderate,B,B,B,B,B,B,B,0.0000,1.0000,0.0000
0+805,mixed,moderate,B,B,B,B,B,B,B,0.0000,1.0000,0.0000
0+806,mixed,moderate,B,B,B,B,B,B,B,0.0000,1.0000,0.0000
0+807,mixed,moderate,B,B,B,B,B,B,B,0.0000,1.0000,0.0000
0+808,mixed,moderate,B,B,B,B,B,B,B,0.0000,1.0000,0.0000
0+809,mixed,moderate,B,B,B,B,B,B,B,0.0000,1.0000,0.0000
0+810,mixed,moderate,B,B,B,B,B,B,B,0.0000,1.0000,0.0000
0+811,mixed,moderate,B,B,B,B,B,B,B,0.0000,1.0000,0.0000
0+812,mixed,moderate,B,B,B,B,B,B,B,0.0000,1.0000,0.0000
0+813,mixed,moderate,B,B,B,B,B,B,B,0.0000,1.0000,0.0000
0+814,mixed,moderate,B,B,B,B,B,B,B,0.0000,1.0000,0.0000
0+815,mixed,moderate,B,B,B,B,B,B,B,0.0000,1.0000,0.0000
0+816,mixed,moderate,B,B,B,B,B,B,B,0.0000,1.0000,0.0000
0+817,mixed,moderate,B,B,B,B,B,B,B,0.0000,1.0000,0.0000
0+818,mixed,moderate,B,B,B,B,B,B,B,0.0000,1.0000,0.0000
0+819,mixed,moderate,B,B,B,B,B,B,B,0.0000,1.0000,0.0000
0+820,mixed,moderate,B,B,B,B,B,B,B,0.0000,1.0000,0.0000
0+821,mixed,moderate,B,B,B,B,B,B,B,0.0000,1.0000,0.0000
0+822,mixed,moderate,B,B,B,B,B,B,B,0.0000,1.0000,0.0000
0+823,mixed,moderate,B,B,B,B,B,B,B,0.0000,1.0000,0.0000
0+824,mixed,moderate,B,B,B,B,B,B,B,0.0000,1.0000,0.0000
0+825,mixed,moderate,B,B,B,B,B,B,B,0.0000,1.0000,0.0000
0+826,mixed,severe,C,C,C,C,C,C,C,0.0000,0.0000,1.0000
0+827,mixed,severe,C,C,C,C,C,C,C,0.0000,0.0000,1.0000
0+828,mixed,severe,C,C,C,C,C,C,C,0.0000,0.0000,1.0000
0+829,mixed,severe,C,C,C,C,C,C,C,0.0000,0.0000,1.0000
0+830,mixed,severe,C,C,C,C,C,C,C,0.0000,0.0000,1.0000
0+831,mixed,severe,C,C,C,C,C,C,C,0.0000,0.0000,1.0000
0+832,mixed,severe,C,C,C,C,C,C,C,0.0000,0.0000,1.0000
0+833,mixed,severe,C,C,C,C,C,C,C,0.0000,0.0000,1.0000
0+834,mixed,severe,C,C,C,C,C,C,C,0.0000,0.0000,1.0000
0+835,mixed,severe,C,C,C,C,C,C,C,0.0000,0.0083,0.9917
0+836,mixed,severe,C,C,C,C,C,C,C,0.0000,0.0000,1.0000
0+837,mixed,severe,C,C,C,C,C,C,C,0.0000,0.0000,1.0000
0+838,mixed,severe,C,C,C,C,C,C,C,0.0000,0.0000,1.0000
0+839,mixed,severe,C,C,C,C,C,C,C,0.0000,0.0000,1.0000
0+840,mixed,severe,C,C,C,C,C,C,C,0.0000,0.0000,1.0000
0+841,mixed,severe,C,C,C,C,C,C,C,0.0000,0.0000,1.0000
0+842,mixed,severe,C,C,C,C,C,C,C,0.0000,0.0000,1.0000
0+843,mixed,severe,C,C,C,C,C,C,C,0.0000,0.0000,1.0000
0+844,mixed,severe,C,C,C,C,C,C,C,0.0000,0.0000,1.0000
0+845,mixed,severe,C,C,C,C,C,C,C,0.0000,0.0000,1.0000
0+846,mixed,severe,C,C,C,C,C,C,C,0.0000,0.0000,1.0000
0+847,mixed,severe,C,C,C,C,C,C,C,0.0000,0.0000,1.0000
0+848,mixed,severe,C,C,C,C,C,C,C,0.0000,0.0000,1.0000
0+849,mixed,severe,C,C,C,C,C,C,C,0.0000,0.0000,1.0000
0+850,mixed,severe,C,C,C,C,C,C,C,0.0000,0.0000,1.0000
0+851,mixed,critical,C,C,C,C,C,C,C,0.0000,0.0000,1.0000
0+852,mixed,critical,C,C,C,C,C,C,C,0.0000,0.0000,1.0000
0+853,mixed,critical,C,C,C,C,C,C,C,0.0000,0.0000,1.0000
0+854,mixed,critical,C,C,C,C,C,C,C,0.0000,0.0000,1.0000
0+855,mixed,critical,C,C,C,C,C,C,C,0.0000,0.0000,1.0000
0+856,mixed,critical,C,C,C,C,C,C,C,0.0000,0.0000,1.0000
0+857,mixed,critical,C,C,C,C,C,C,C,0.0000,0.0000,1.0000
0+858,mixed,critical,C,C,C,C,C,C,C,0.0000,0.0000,1.0000
0+859,mixed,critical,C,C,C,C,C,C,C,0.0000,0.0000,1.0000
0+860,mixed,critical,C,C,C,C,C,C,C,0.0000,0.0000,1.0000
0+861,mixed,critical,C,C,C,C,C,C,C,0.0000,0.0000,1.0000
0+862,mixed,critical,C,C,C,C,C,C,C,0.0000,0.0000,1.0000
0+863,mixed,critical,C,C,C,C,C,C,C,0.0000,0.0000,1.0000
0+864,mixed,critical,C,C,C,C,C,C,C,0.0000,0.0000,1.0000
0+865,mixed,critical,C,C,C,C,C,C,C,0.0000,0.0000,1.0000
0+866,mixed,critical,C,C,C,C,C,C,C,0.0000,0.0000,1.0000
0+867,mixed,critical,C,C,C,C,C,C,C,0.0000,0.0000,1.0000
0+868,mixed,critical,C,C,C,C,C,C,C,0.0000,0.0000,1.0000
0+869,mixed,critical,C,C,C,C,C,C,C,0.0000,0.0000,1.0000
0+870,mixed,critical,C,C,C,C,C,C,C,0.0000,0.0000,1.0000
0+871,mixed,critical,C,C,C,C,C,C,C,0.0000,0.0000,1.0000
0+872,mixed,critical,C,C,C,C,C,C,C,0.0000,0.0000,1.0000
0+873,mixed,critical,C,C,C,C,C,C,C,0.0000,0.0000,1.0000
0+874,mixed,critical,C,C,C,C,C,C,C,0.0000,0.0000,1.0000
0+875,mixed,critical,C,C,C,C,C,C,C,0.0000,0.0000,1.0000
