sample_id,target_mode,severity,reference,full,full_score,no_uav_gate,no_uav_gate_score,c3_neutral,c3_neutral_score,both_neutral,both_neutral_score
0+001,safe_reference,safe,0,0,96.0493,0,96.0493,0,96.0493,0,96.0493
0+002,safe_reference,safe,0,0,96.0493,0,96.0493,0,96.0493,0,96.0493
0+003,safe_reference,safe,0,0,96.0493,0,96.0493,0,96.0493,0,96.0493
0+004,safe_reference,safe,0,0,96.0493,0,96.0493,0,96.0493,0,96.0493
0+005,safe_reference,safe,0,0,96.0493,0,96.0493,0,96.0493,0,96.0493
0+006,safe_reference,safe,0,0,96.0493,0,96.0493,0,96.0493,0,96.0493
0+007,safe_reference,safe,0,0,96.0493,0,96.0493,0,96.0493,0,96.0493
0+008,safe_reference,safe,0,0,96.0493,0,96.0493,0,96.0493,0,96.0493
0+009,safe_reference,safe,0,0,96.0493,0,96.0493,0,96.0493,0,96.0493
0+010,safe_reference,safe,0,0,96.0493,0,96.0493,0,96.0493,0,96.0493
0+011,safe_reference,safe,0,0,96.0493,0,96.0493,0,96.0493,0,96.0493
0+012,safe_reference,safe,0,0,96.0493,0,96.0493,0,96.0493,0,96.0493
0+013,safe_reference,safe,0,0,96.0493,0,96.0493,0,96.0493,0,96.0493
0+014,safe_reference,safe,0,0,96.0493,0,96.0493,0,96.0493,0,96.0493
0+015,safe_reference,safe,0,0,96.0493,0,96.0493,0,96.0493,0,96.0493
0+016,safe_reference,safe,0,0,96.0493,0,96.0493,0,96.0493,0,96.0493
0+017,safe_reference,safe,0,0,96.0493,0,96.0493,0,96.0493,0,96.0493
0+018,safe_reference,safe,0,0,96.0493,0,96.0493,0,96.0493,0,96.0493
0+019,safe_reference,safe,0,0,96.0493,0,96.0493,0,96.0493,0,96.0493
0+020,safe_reference,safe,0,0,96.0493,0,96.0493,0,96.0493,0,96.0493
0+021,safe_reference,safe,0,0,96.0493,0,96.0493,0,96.0493,0,96.0493
0+022,safe_reference,safe,0,0,96.0493,0,96.0493,0,96.0493,0,96.0493
0+023,safe_reference,safe,0,0,96.0493,0,96.0493,0,96.0493,0,96.0493
0+024,safe_reference,safe,0,0,96.0493,0,96.0493,0,96.0493,0,96.0493
0+025,safe_reference,safe,0,0,96.0493,0,96.0493,0,96.0493,0,96.0493
0+026,safe_reference,slight,0,0,93.1958,0,93.1958,0,93.1958,0,93.1958
0+027,safe_reference,slight,0,0,93.2726,0,93.2726,0,93.2726,0,93.2726
0+028,safe_reference,slight,0,0,93.2611,0,93.2611,0,93.2611,0,93.2611
0+029,safe_reference,slight,0,0,93.2252,0,93.2252,0,93.2252,0,93.2252
0+030,safe_reference,slight,0,0,93.4016,0,93.4016,0,93.4016,0,93.4016
0+031,safe_reference,slight,0,0,93.2464,0,93.2464,0,93.2464,0,93.2464
0+032,safe_reference,slight,0,0,93.3102,0,93.3102,0,93.3102,0,93.3102
0+033,safe_reference,slight,0,0,93.2203,0,93.2203,0,93.2203,0,93.2203
0+034,safe_reference,slight,0,0,93.1239,0,93.1239,0,93.1239,0,93.1239
0+035,safe_reference,slight,0,0,93.3673,0,93.3673,0,93.3673,0,93.3673
0+036,safe_reference,slight,0,0,93.3869,0,93.3869,0,93.3869,0,93.3869
0+037,safe_reference,slight,0,0,93.1255,0,93.1255,0,93.1255,0,93.1255
0+038,safe_reference,slight,0,0,93.2628,0,93.2628,0,93.2628,0,93.2628
0+039,safe_reference,slight,0,0,93.3183,0,93.3183,0,93.3183,0,93.3183
0+040,safe_reference,slight,0,0,93.4294,0,93.4294,0,93.4294,0,93.4294
0+041,safe_reference,slight,0,0,93.1696,0,93.1696,0,93.1696,0,93.1696
0+042,safe_reference,slight,0,0,93.2807,0,93.2807,0,93.2807,0,93.2807
0+043,safe_reference,slight,0,0,93.2415,0,93.2415,0,93.2415,0,93.2415
0+044,safe_reference,slight,0,0,93.2546,0,93.2546,0,93.2546,0,93.2546
0+045,safe_reference,slight,0,0,93.2399,0,93.2399,0,93.2399,0,93.2399
0+046,safe_reference,slight,0,0,93.2023,0,93.2023,0,93.2023,0,93.2023
0+047,safe_reference,slight,0,0,93.119,0,93.119,0,93.119,0,93.119
0+048,safe_reference,slight,0,0,93.2856,0,93.2856,0,93.2856,0,93.2856
0+049,safe_reference,slight,0,0,93.2252,0,93.2252,0,93.2252,0,93.2252
0+050,safe_reference,slight,0,0,93.3461,0,93.3461,0,93.3461,0,93.3461
0+051,safe_reference,moderate,1,0,90.0814,0,90.0814,0,90.0814,0,90.0814
0+052,safe_reference,moderate,1,0,90.0896,0,90.0896,0,90.0896,0,90.0896
0+053,safe_reference,moderate,1,0,90.0063,0,90.0063,0,90.0063,0,90.0063
0+054,safe_reference,moderate,1,0,89.972,0,89.972,0,89.972,0,89.972
0+055,safe_reference,moderate,1,0,90.0193,0,90.0193,0,90.0193,0,90.0193
0+056,safe_reference,moderate,1,0,89.9425,0,89.9425,0,89.9425,0,89.9425
0+057,safe_reference,moderate,1,0,89.9099,0,89.9099,0,89.9099,0,89.9099
0+058,safe_reference,moderate,1,0,89.8821,0,89.8821,0,89.8821,0,89.8821
0+059,safe_reference,moderate,1,0,89.9164,0,89.9164,0,89.9164,0,89.9164
0+060,safe_reference,moderate,1,0,90.0618,0,90.0618,0,90.0618,0,90.0618
0+061,safe_reference,moderate,1,0,90.0536,0,90.0536,0,90.0536,0,90.0536
0+062,safe_reference,moderate,1,0,89.9834,0,89.9834,0,89.9834,0,89.9834
0+063,safe_reference,moderate,1,0,89.9409,0,89.9409,0,89.9409,0,89.9409
0+064,safe_reference,moderate,1,0,90.0863,0,90.0863,0,90.0863,0,90.0863
0+065,safe_reference,moderate,1,0,89.8347,0,89.8347,0,89.8347,0,89.8347
0+066,safe_reference,moderate,1,0,89.9589,0,89.9589,0,89.9589,0,89.9589
0+067,safe_reference,moderate,1,0,89.82,0,89.82,0,89.82,0,89.82
0+068,safe_reference,moderate,1,0,89.8821,0,89.8821,0,89.8821,0,89.8821
0+069,safe_reference,moderate,1,0,89.8069,0,89.8069,0,89.8069,0,89.8069
0+070,safe_reference,moderate,1,0,89.9818,0,89.9818,0,89.9818,0,89.9818
0+071,safe_reference,moderate,1,0,89.9671,0,89.9671,0,89.9671,0,89.9671
0+072,safe_reference,moderate,1,0,89.7873,0,89.7873,0,89.7873,0,89.7873
0+073,safe_reference,moderate,1,0,90.1027,0,90.1027,0,90.1027,0,90.1027
0+074,safe_reference,moderate,1,0,90.0324,0,90.0324,0,90.0324,0,90.0324
0+075,safe_reference,moderate,1,0,89.802,0,89.802,0,89.802,0,89.802
0+076,safe_reference,severe,2,1,80.1072,1,80.1072,1,80.1072,1,80.1072
0+077,safe_reference,severe,2,1,80.0871,1,80.0871,1,80.0871,1,80.0871
0+078,safe_reference,severe,2,1,80.0877,1,80.0877,1,80.0877,1,80.0877
0+079,safe_reference,severe,2,1,80.1361,1,80.1361,1,80.1361,1,80.1361
0+080,safe_reference,severe,2,1,80.1192,1,80.1192,1,80.1192,1,80.1192
0+081,safe_reference,severe,2,1,80.1263,1,80.1263,1,80.1263,1,80.1263
0+082,safe_reference,severe,2,1,80.0697,1,80.0697,1,80.0697,1,80.0697
0+083,safe_reference,severe,2,1,80.1279,1,80.1279,1,80.1279,1,80.1279
0+084,safe_reference,severe,2,1,80.0985,1,80.0985,1,80.0985,1,80.0985
0+085,safe_reference,severe,2,1,80.1002,1,80.1002,1,80.1002,1,80.1002
0+086,safe_reference,severe,2,1,80.1301,1,80.1301,1,80.1301,1,80.1301
0+087,safe_reference,severe,2,1,80.1459,1,80.1459,1,80.1459,1,80.1459
0+088,safe_reference,severe,2,1,80.0741,1,80.0741,1,80.0741,1,80.0741
0+089,safe_reference,severe,2,1,80.1655,1,80.1655,1,80.1655,1,80.1655
0+090,safe_reference,severe,2,1,80.1317,1,80.1317,1,80.1317,1,80.1317
0+091,safe_reference,severe,2,1,80.0806,1,80.0806,1,80.0806,1,80.0806
0+092,safe_reference,severe,2,1,80.0811,1,80.0811,1,80.0811,1,80.0811
0+093,safe_reference,severe,2,1,80.1187,1,80.1187,1,80.1187,1,80.1187
0+094,safe_reference,severe,2,1,80.0762,1,80.0762,1,80.0762,1,80.0762
0+095,safe_reference,severe,2,1,80.1421,1,80.1421,1,80.1421,1,80.1421
0+096,safe_reference,severe,2,1,80.1002,1,80.1002,1,80.1002,1,80.1002
0+097,safe_reference,severe,2,1,80.0784,1,80.0784,1,80.0784,1,80.0784
0+098,safe_reference,severe,2,1,80.1437,1,80.1437,1,80.1437,1,80.1437
0+099,safe_reference,severe,2,1,80.1062,1,80.1062,1,80.1062,1,80.1062
0+100,safe_reference,severe,2,1,80.16,1,80.16,1,80.16,1,80.16
0+101,safe_reference,critical,2,2,79.8398,2,79.8398,2,79.8398,2,79.8398
0+102,safe_reference,critical,2,2,79.8752,2,79.8752,2,79.8752,2,79.8752
0+103,safe_reference,critical,2,2,79.8333,2,79.8333,2,79.8333,2,79.8333
0+104,safe_reference,critical,2,2,79.8926,2,79.8926,2,79.8926,2,79.8926
0+105,safe_reference,critical,2,2,79.9095,2,79.9095,2,79.9095,2,79.9095
0+106,safe_reference,critical,2,2,79.8746,2,79.8746,2,79.8746,2,79.8746
0+107,safe_reference,critical,2,2,79.8589,2,79.8589,2,79.8589,2,79.8589
0+108,safe_reference,critical,2,2,79.8681,2,79.8681,2,79.8681,2,79.8681
0+109,safe_reference,critical,2,2,79.8463,2,79.8463,2,79.8463,2,79.8463
0+110,safe_reference,critical,2,2,79.8148,2,79.8148,2,79.8148,2,79.8148
0+111,safe_reference,critical,2,2,79.8561,2,79.8561,2,79.8561,2,79.8561
0+112,safe_reference,critical,2,2,79.8322,2,79.8322,2,79.8322,2,79.8322
0+113,safe_reference,critical,2,2,79.8333,2,79.8333,2,79.8333,2,79.8333
0+114,safe_reference,critical,2,2,79.8583,2,79.8583,2,79.8583,2,79.8583
0+115,safe_reference,critical,2,2,79.8447,2,79.8447,2,79.8447,2,79.8447
0+116,safe_reference,critical,2,2,79.8502,2,79.8502,2,79.8502,2,79.8502
0+117,safe_reference,critical,2,2,79.8039,2,79.8039,2,79.8039,2,79.8039
0+118,safe_reference,critical,2,2,79.8039,2,79.8039,2,79.8039,2,79.8039
0+119,safe_reference,critical,2,2,79.8741,2,79.8741,2,79.8741,2,79.8741
0+120,safe_reference,critical,2,2,79.8104,2,79.8104,2,79.8104,2,79.8104
0+121,safe_reference,critical,2,2,79.8752,2,79.8752,2,79.8752,2,79.8752
0+122,safe_reference,critical,2,2,79.8703,2,79.8703,2,79.8703,2,79.8703
0+123,safe_reference,critical,2,2,79.8888,2,79.8888,2,79.8888,2,79.8888
0+124,safe_reference,critical,2,2,79.9056,2,79.9056,2,79.9056,2,79.9056
0+125,safe_reference,critical,2,2,79.8137,2,79.8137,2,79.8137,2,79.8137
0+126,overtopping,safe,0,0,96.0493,0,96.0493,0,96.0493,0,96.0493
0+127,overtopping,safe,0,0,96.0493,0,96.0493,0,96.0493,0,96.0493
0+128,overtopping,safe,0,0,96.0493,0,96.0493,0,96.0493,0,96.0493
0+129,overtopping,safe,0,0,96.0493,0,96.0493,0,96.0493,0,96.0493
0+130,overtopping,safe,0,0,96.0493,0,96.0493,0,96.0493,0,96.0493
0+131,overtopping,safe,0,0,96.0493,0,96.0493,0,96.0493,0,96.0493
0+132,overtopping,safe,0,0,96.0493,0,96.0493,0,96.0493,0,96.0493
0+133,overtopping,safe,0,0,96.0493,0,96.0493,0,96.0493,0,96.0493
0+134,overtopping,safe,0,0,96.0493,0,96.0493,0,96.0493,0,96.0493
0+135,overtopping,safe,0,0,96.0493,0,96.0493,0,96.0493,0,96.0493
0+136,overtopping,safe,0,0,96.0493,0,96.0493,0,96.0493,0,96.0493
0+137,overtopping,safe,0,0,96.0493,0,96.0493,0,96.0493,0,96.0493
0+138,overtopping,safe,0,0,96.0493,0,96.0493,0,96.0493,0,96.0493
0+139,overtopping,safe,0,0,96.0493,0,96.0493,0,96.0493,0,96.0493
0+140,overtopping,safe,0,0,96.0493,0,96.0493,0,96.0493,0,96.0493
0+141,overtopping,safe,0,0,96.0493,0,96.0493,0,96.0493,0,96.0493
0+142,overtopping,safe,0,0,96.0493,0,96.0493,0,96.0493,0,96.0493
0+143,overtopping,safe,0,0,96.0493,0,96.0493,0,96.0493,0,96.0493
0+144,overtopping,safe,0,0,96.0493,0,96.0493,0,96.0493,0,96.0493
0+145,overtopping,safe,0,0,96.0493,0,96.0493,0,96.0493,0,96.0493
0+146,overtopping,safe,0,0,96.0493,0,96.0493,0,96.0493,0,96.0493
0+147,overtopping,safe,0,0,96.0493,0,96.0493,0,96.0493,0,96.0493
0+148,overtopping,safe,0,0,96.0493,0,96.0493,0,96.0493,0,96.0493
0+149,overtopping,safe,0,0,96.0493,0,96.0493,0,96.0493,0,96.0493
0+150,overtopping,safe,0,0,96.0493,0,96.0493,0,96.0493,0,96.0493
0+151,overtopping,slight,0,0,93.9114,0,93.9114,0,93.9114,0,93.9114
0+152,overtopping,slight,0,0,93.9114,0,93.9114,0,93.9114,0,93.9114
0+153,overtopping,slight,0,0,93.9114,0,93.9114,0,93.9114,0,93.9114
0+154,overtopping,slight,0,0,93.9114,0,93.9114,0,93.9114,0,93.9114
0+155,overtopping,slight,0,0,93.9114,0,93.9114,0,93.9114,0,93.9114
0+156,overtopping,slight,0,0,93.9114,0,93.9114,0,93.9114,0,93.9114
0+157,overtopping,slight,0,0,93.9114,0,93.9114,0,93.9114,0,93.9114
0+158,overtopping,slight,0,0,93.9114,0,93.9114,0,93.9114,0,93.9114
0+159,overtopping,slight,0,0,93.9114,0,93.9114,0,93.9114,0,93.9114
0+160,overtopping,slight,0,0,93.9114,0,93.9114,0,93.9114,0,93.9114
0+161,overtopping,slight,0,0,93.9114,0,93.9114,0,93.9114,0,93.9114
0+162,overtopping,slight,0,0,93.9114,0,93.9114,0,93.9114,0,93.9114
0+163,overtopping,slight,0,0,93.9114,0,93.9114,0,93.9114,0,93.9114
0+164,overtopping,slight,0,0,93.9114,0,93.9114,0,93.9114,0,93.9114
0+165,overtopping,slight,0,0,93.9114,0,93.9114,0,93.9114,0,93.9114
0+166,overtopping,slight,0,0,93.9114,0,93.9114,0,93.9114,0,93.9114
0+167,overtopping,slight,0,0,93.9114,0,93.9114,0,93.9114,0,93.9114
0+168,overtopping,slight,0,0,93.9114,0,93.9114,0,93.9114,0,93.9114
0+169,overtopping,slight,0,0,93.9114,0,93.9114,0,93.9114,0,93.9114
0+170,overtopping,slight,0,0,93.9114,0,93.9114,0,93.9114,0,93.9114
0+171,overtopping,slight,0,0,93.9114,0,93.9114,0,93.9114,0,93.9114
0+172,overtopping,slight,0,0,93.9114,0,93.9114,0,93.9114,0,93.9114
0+173,overtopping,slight,0,0,93.9114,0,93.9114,0,93.9114,0,93.9114
0+174,overtopping,slight,0,0,93.9114,0,93.9114,0,93.9114,0,93.9114
0+175,overtopping,slight,0,0,93.9114,0,93.9114,0,93.9114,0,93.9114
0+176,overtopping,moderate,1,1,89.7997,1,89.7997,1,89.7997,1,89.7997
0+177,overtopping,moderate,1,1,89.7797,1,89.7797,1,89.7797,1,89.7797
0+178,overtopping,moderate,1,1,90.2822,1,90.2822,1,90.2822,1,90.2822
0+179,overtopping,moderate,1,1,91.4059,1,91.4059,1,91.4059,1,91.4059
0+180,overtopping,moderate,1,1,91.5818,1,91.5818,1,91.5818,1,91.5818
0+181,overtopping,moderate,1,1,91.0047,1,91.0047,1,91.0047,1,91.0047
0+182,overtopping,moderate,1,1,91.5591,1,91.5591,1,91.5591,1,91.5591
0+183,overtopping,moderate,1,1,91.6378,1,91.6378,1,91.6378,1,91.6378
0+184,overtopping,moderate,1,1,90.6781,1,90.6781,1,90.6781,1,90.6781
0+185,overtopping,moderate,1,1,91.3139,1,91.3139,1,91.3139,1,91.3139
0+186,overtopping,moderate,1,1,91.3819,1,91.3819,1,91.3819,1,91.3819
0+187,overtopping,moderate,1,1,91.6911,1,91.6911,1,91.6911,1,91.6911
0+188,overtopping,moderate,1,1,89.7251,1,89.7251,1,89.7251,1,89.7251
0+189,overtopping,moderate,1,1,90.2276,1,90.2276,1,90.2276,1,90.2276
0+190,overtopping,moderate,1,1,90.7594,1,90.7594,1,90.7594,1,90.7594
0+191,overtopping,moderate,1,1,91.3939,1,91.3939,1,91.3939,1,91.3939
0+192,overtopping,moderate,1,1,90.1703,1,90.1703,1,90.1703,1,90.1703
0+193,overtopping,moderate,1,1,91.4019,1,91.4019,1,91.4019,1,91.4019
0+194,overtopping,moderate,1,1,91.7831,1,91.7831,1,91.7831,1,91.7831
0+195,overtopping,moderate,1,1,89.841,1,89.841,1,89.841,1,89.841
0+196,overtopping,moderate,1,1,91.5205,1,91.5205,1,91.5205,1,91.5205
0+197,overtopping,moderate,1,1,89.993,1,89.993,1,89.993,1,89.993
0+198,overtopping,moderate,1,1,90.7088,1,90.7088,1,90.7088,1,90.7088
0+199,overtopping,moderate,1,1,90.8167,1,90.8167,1,90.8167,1,90.8167
0+200,overtopping,moderate,1,1,91.4898,1,91.4898,1,91.4898,1,91.4898
0+201,overtopping,severe,2,1,64.5817,1,64.5817,1,64.5817,1,64.5817
0+202,overtopping,severe,2,1,64.9709,1,64.9709,1,64.9709,1,64.9709
0+203,overtopping,severe,2,1,64.3204,1,64.3204,1,64.3204,1,64.3204
0+204,overtopping,severe,2,1,64.4657,1,64.4657,1,64.4657,1,64.4657
0+205,overtopping,severe,2,1,65.1628,1,65.1628,1,65.1628,1,65.1628
0+206,overtopping,severe,2,1,64.4004,1,64.4004,1,64.4004,1,64.4004
0+207,overtopping,severe,2,1,65.4481,1,65.4481,1,65.4481,1,65.4481
0+208,overtopping,severe,2,1,64.587,1,64.587,1,64.587,1,64.587
0+209,overtopping,severe,2,1,64.531,1,64.531,1,64.531,1,64.531
0+210,overtopping,severe,2,1,64.1285,1,64.1285,1,64.1285,1,64.1285
0+211,overtopping,severe,2,1,64.7336,1,64.7336,1,64.7336,1,64.7336
0+212,overtopping,severe,2,1,65.9319,1,65.9319,1,65.9319,1,65.9319
0+213,overtopping,severe,2,1,65.8919,1,65.8919,1,65.8919,1,65.8919
0+214,overtopping,severe,2,1,65.76,1,65.76,1,65.76,1,65.76
0+215,overtopping,severe,2,1,65.4467,1,65.4467,1,65.4467,1,65.4467
0+216,overtopping,severe,2,1,65.3521,1,65.3521,1,65.3521,1,65.3521
0+217,overtopping,severe,2,1,65.8319,1,65.8319,1,65.8319,1,65.8319
0+218,overtopping,severe,2,1,64.3178,1,64.3178,1,64.3178,1,64.3178
0+219,overtopping,severe,2,1,64.683,1,64.683,1,64.683,1,64.683
0+220,overtopping,severe,2,1,64.1285,1,64.1285,1,64.1285,1,64.1285
0+221,overtopping,severe,2,1,65.3508,1,65.3508,1,65.3508,1,65.3508
0+222,overtopping,severe,2,1,64.539,1,64.539,1,64.539,1,64.539
0+223,overtopping,severe,2,1,65.4481,1,65.4481,1,65.4481,1,65.4481
0+224,overtopping,severe,2,1,65.1535,1,65.1535,1,65.1535,1,65.1535
0+225,overtopping,severe,2,1,64.5377,1,64.5377,1,64.5377,1,64.5377
0+226,overtopping,critical,2,2,52.7377,2,52.7377,2,52.7377,2,52.7377
0+227,overtopping,critical,2,2,52.9243,2,52.9243,2,52.9243,2,52.9243
0+228,overtopping,critical,2,2,53.9213,2,53.9213,2,53.9213,2,53.9213
0+229,overtopping,critical,2,2,51.8807,2,51.8807,2,51.8807,2,51.8807
0+230,overtopping,critical,2,2,52.983,2,52.983,2,52.983,2,52.983
0+231,overtopping,critical,2,2,52.7124,2,52.7124,2,52.7124,2,52.7124
0+232,overtopping,critical,2,2,52.3592,2,52.3592,2,52.3592,2,52.3592
0+233,overtopping,critical,2,2,53.4428,2,53.4428,2,53.4428,2,53.4428
0+234,overtopping,critical,2,2,53.0709,2,53.0709,2,53.0709,2,53.0709
0+235,overtopping,critical,2,2,52.0593,2,52.0593,2,52.0593,2,52.0593
0+236,overtopping,critical,2,2,52.8697,2,52.8697,2,52.8697,2,52.8697
0+237,overtopping,critical,2,2,52.7657,2,52.7657,2,52.7657,2,52.7657
0+238,overtopping,critical,2,2,52.6497,2,52.6497,2,52.6497,2,52.6497
0+239,overtopping,critical,2,2,52.4405,2,52.4405,2,52.4405,2,52.4405
0+240,overtopping,critical,2,2,52.851,2,52.851,2,52.851,2,52.851
0+241,overtopping,critical,2,2,52.4911,2,52.4911,2,52.4911,2,52.4911
0+242,overtopping,critical,2,2,52.3618,2,52.3618,2,52.3618,2,52.3618
0+243,overtopping,critical,2,2,53.5254,2,53.5254,2,53.5254,2,53.5254
0+244,overtopping,critical,2,2,52.763,2,52.763,2,52.763,2,52.763
0+245,overtopping,critical,2,2,53.868,2,53.868,2,53.868,2,53.868
0+246,overtopping,critical,2,2,53.4082,2,53.4082,2,53.4082,2,53.4082
0+247,overtopping,critical,2,2,52.2272,2,52.2272,2,52.2272,2,52.2272
0+248,overtopping,critical,2,2,53.0656,2,53.0656,2,53.0656,2,53.0656
0+249,overtopping,critical,2,2,52.3685,2,52.3685,2,52.3685,2,52.3685
0+250,overtopping,critical,2,2,52.5778,2,52.5778,2,52.5778,2,52.5778
0+251,seepage,safe,0,0,86.1249,0,86.1249,0,86.1249,0,86.1249
0+252,seepage,safe,0,0,86.001,0,86.001,0,86.001,0,86.001
0+253,seepage,safe,0,0,86.0355,0,86.0355,0,86.0355,0,86.0355
0+254,seepage,safe,0,0,85.8662,0,85.8662,0,85.8662,0,85.8662
0+255,seepage,safe,0,0,85.759,0,85.759,0,85.759,0,85.759
0+256,seepage,safe,0,0,86.0509,0,86.0509,0,86.0509,0,86.0509
0+257,seepage,safe,0,0,86.1197,0,86.1197,0,86.1197,0,86.1197
0+258,seepage,safe,0,0,85.5568,0,85.5568,0,85.5568,0,85.5568
0+259,seepage,safe,0,0,85.6648,0,85.6648,0,85.6648,0,85.6648
0+260,seepage,safe,0,0,85.8776,0,85.8776,0,85.8776,0,85.8776
0+261,seepage,safe,0,0,85.4977,0,85.4977,0,85.4977,0,85.4977
0+262,seepage,safe,0,0,85.8724,0,85.8724,0,85.8724,0,85.8724
0+263,seepage,safe,0,0,85.7214,0,85.7214,0,85.7214,0,85.7214
0+264,seepage,safe,0,0,85.8292,0,85.8292,0,85.8292,0,85.8292
0+265,seepage,safe,0,0,85.5601,0,85.5601,0,85.5601,0,85.5601
0+266,seepage,safe,0,0,86.0931,0,86.0931,0,86.0931,0,86.0931
0+267,seepage,safe,0,0,86.0239,0,86.0239,0,86.0239,0,86.0239
0+268,seepage,safe,0,0,85.7291,0,85.7291,0,85.7291,0,85.7291
0+269,seepage,safe,0,0,86.0058,0,86.0058,0,86.0058,0,86.0058
0+270,seepage,safe,0,0,85.6178,0,85.6178,0,85.6178,0,85.6178
0+271,seepage,safe,0,0,85.9796,0,85.9796,0,85.9796,0,85.9796
0+272,seepage,safe,0,0,85.9679,0,85.9679,0,85.9679,0,85.9679
0+273,seepage,safe,0,0,85.847,0,85.847,0,85.847,0,85.847
0+274,seepage,safe,0,0,86.0152,0,86.0152,0,86.0152,0,86.0152
0+275,seepage,safe,0,0,85.8242,0,85.8242,0,85.8242,0,85.8242
0+276,seepage,slight,0,1,75.8359,1,75.8359,1,76.2977,1,76.2977
0+277,seepage,slight,0,1,75.7835,1,75.7835,1,76.2454,1,76.2454
0+278,seepage,slight,0,1,75.6829,1,75.6829,1,76.1447,1,76.1447
0+279,seepage,slight,0,1,76.1977,1,76.1977,1,76.6595,1,76.6595
0+280,seepage,slight,0,1,75.8432,1,75.8432,1,76.305,1,76.305
0+281,seepage,slight,0,1,75.914,1,75.914,1,76.3759,1,76.3759
0+282,seepage,slight,0,1,76.0054,1,76.0054,1,76.4672,1,76.4672
0+283,seepage,slight,0,1,76.0304,1,76.0304,1,76.4922,1,76.4922
0+284,seepage,slight,0,1,75.7258,1,75.7258,1,76.1876,1,76.1876
0+285,seepage,slight,0,1,75.8036,1,75.8036,1,76.2654,1,76.2654
0+286,seepage,slight,0,1,75.6948,1,75.6948,1,76.1566,1,76.1566
0+287,seepage,slight,0,1,76.0721,1,76.0721,1,76.5339,1,76.5339
0+288,seepage,slight,0,1,76.0359,1,76.0359,1,76.4978,1,76.4978
0+289,seepage,slight,0,1,75.7431,1,75.7431,1,76.2049,1,76.2049
0+290,seepage,slight,0,1,75.7094,1,75.7094,1,76.1712,1,76.1712
0+291,seepage,slight,0,1,76.2877,1,76.2877,1,76.7495,1,76.7495
0+292,seepage,slight,0,1,76.193,1,76.193,1,76.6548,1,76.6548
0+293,seepage,slight,0,1,75.8677,1,75.8677,1,76.3295,1,76.3295
0+294,seepage,slight,0,1,75.7699,1,75.7699,1,76.2317,1,76.2317
0+295,seepage,slight,0,1,76.1082,1,76.1082,1,76.57,1,76.57
0+296,seepage,slight,0,1,75.7106,1,75.7106,1,76.1724,1,76.1724
0+297,seepage,slight,0,1,76.3144,1,76.3144,1,76.7762,1,76.7762
0+298,seepage,slight,0,1,75.5555,1,75.5555,1,76.0173,1,76.0173
0+299,seepage,slight,0,1,75.9146,1,75.9146,1,76.3764,1,76.3764
0+300,seepage,slight,0,1,75.63,1,75.63,1,76.0918,1,76.0918
0+301,seepage,moderate,1,1,63.3128,1,63.3128,1,64.2364,1,64.2364
0+302,seepage,moderate,1,1,62.9995,1,62.9995,1,63.9231,1,63.9231
0+303,seepage,moderate,1,1,63.2847,1,63.2847,1,64.2084,1,64.2084
0+304,seepage,moderate,1,1,62.6556,1,62.6556,1,63.5793,1,63.5793
0+305,seepage,moderate,1,1,63.4596,1,63.4596,1,64.3832,1,64.3832
0+306,seepage,moderate,1,1,63.1312,1,63.1312,1,64.0548,1,64.0548
0+307,seepage,moderate,1,1,63.3517,1,63.3517,1,64.2754,1,64.2754
0+308,seepage,moderate,1,1,63.208,1,63.208,1,64.1317,1,64.1317
0+309,seepage,moderate,1,1,63.1281,1,63.1281,1,64.0517,1,64.0517
0+310,seepage,moderate,1,1,62.9746,1,62.9746,1,63.8983,1,63.8983
0+311,seepage,moderate,1,1,63.1735,1,63.1735,1,64.0972,1,64.0972
0+312,seepage,moderate,1,1,63.0006,1,63.0006,1,63.9243,1,63.9243
0+313,seepage,moderate,1,1,62.7929,1,62.7929,1,63.7165,1,63.7165
0+314,seepage,moderate,1,1,63.2897,1,63.2897,1,64.2134,1,64.2134
0+315,seepage,moderate,1,1,62.439,1,62.439,1,63.3627,1,63.3627
0+316,seepage,moderate,1,1,63.0871,1,63.0871,1,64.0107,1,64.0107
0+317,seepage,moderate,1,1,62.8907,1,62.8907,1,63.8143,1,63.8143
0+318,seepage,moderate,1,1,63.1112,1,63.1112,1,64.0349,1,64.0349
0+319,seepage,moderate,1,1,63.2066,1,63.2066,1,64.1303,1,64.1303
0+320,seepage,moderate,1,1,62.8569,1,62.8569,1,63.7805,1,63.7805
0+321,seepage,moderate,1,1,63.099,1,63.099,1,64.0227,1,64.0227
0+322,seepage,moderate,1,1,63.0167,1,63.0167,1,63.9404,1,63.9404
0+323,seepage,moderate,1,1,62.6948,1,62.6948,1,63.6184,1,63.6184
0+324,seepage,moderate,1,1,63.0303,1,63.0303,1,63.954,1,63.954
0+325,seepage,moderate,1,1,62.9437,1,62.9437,1,63.8673,1,63.8673
0+326,seepage,severe,2,2,43.8752,2,43.8752,2,45.2607,2,45.2607
0+327,seepage,severe,2,2,43.5004,2,43.5004,2,44.8859,2,44.8859
0+328,seepage,severe,2,2,43.5989,2,43.5989,2,44.9844,2,44.9844
0+329,seepage,severe,2,2,43.8164,2,43.8164,2,45.2018,2,45.2018
0+330,seepage,severe,2,2,43.1986,2,43.1986,2,44.5841,2,44.5841
0+331,seepage,severe,2,2,43.2837,2,43.2837,2,44.6691,2,44.6691
0+332,seepage,severe,2,2,43.5816,2,43.5816,2,44.9671,2,44.9671
0+333,seepage,severe,2,2,43.4619,2,43.4619,2,44.8474,2,44.8474
0+334,seepage,severe,2,2,43.3725,2,43.3725,2,44.7579,2,44.7579
0+335,seepage,severe,2,2,43.3101,2,43.3101,2,44.6956,2,44.6956
0+336,seepage,severe,2,2,43.677,2,43.677,2,45.0625,2,45.0625
0+337,seepage,severe,2,2,43.5818,2,43.5818,2,44.9673,2,44.9673
0+338,seepage,severe,2,2,44.1312,2,44.1312,2,45.5167,2,45.5167
0+339,seepage,severe,2,2,43.6213,2,43.6213,2,45.0067,2,45.0067
0+340,seepage,severe,2,2,43.702,2,43.702,2,45.0875,2,45.0875
0+341,seepage,severe,2,2,44.0682,2,44.0682,2,45.4536,2,45.4536
0+342,seepage,severe,2,2,43.4416,2,43.4416,2,44.827,2,44.827
0+343,seepage,severe,2,2,43.674,2,43.674,2,45.0595,2,45.0595
0+344,seepage,severe,2,2,43.576,2,43.576,2,44.9615,2,44.9615
0+345,seepage,severe,2,2,43.4802,2,43.4802,2,44.8657,2,44.8657
0+346,seepage,severe,2,2,43.6604,2,43.6604,2,45.0459,2,45.0459
0+347,seepage,severe,2,2,43.461,2,43.461,2,44.8464,2,44.8464
0+348,seepage,severe,2,2,43.7073,2,43.7073,2,45.0928,2,45.0928
0+349,seepage,severe,2,2,43.3358,2,43.3358,2,44.7213,2,44.7213
0+350,seepage,severe,2,2,43.7083,2,43.7083,2,45.0938,2,45.0938
0+351,seepage,critical,2,2,24.5891,2,24.5891,2,24.5891,2,24.5891
0+352,seepage,critical,2,2,24.5778,2,24.5778,2,24.5778,2,24.5778
0+353,seepage,critical,2,2,24.5508,2,24.5508,2,24.5508,2,24.5508
0+354,seepage,critical,2,2,24.596,2,24.596,2,24.596,2,24.596
0+355,seepage,critical,2,2,24.5411,2,24.5411,2,24.5411,2,24.5411
0+356,seepage,critical,2,2,24.552,2,24.552,2,24.552,2,24.552
0+357,seepage,critical,2,2,24.6017,2,24.6017,2,24.6017,2,24.6017
0+358,seepage,critical,2,2,24.5497,2,24.5497,2,24.5497,2,24.5497
0+359,seepage,critical,2,2,24.5691,2,24.5691,2,24.5691,2,24.5691
0+360,seepage,critical,2,2,24.5547,2,24.5547,2,24.5547,2,24.5547
0+361,seepage,critical,2,2,24.5967,2,24.5967,2,24.5967,2,24.5967
0+362,seepage,critical,2,2,24.5764,2,24.5764,2,24.5764,2,24.5764
0+363,seepage,critical,2,2,24.5682,2,24.5682,2,24.5682,2,24.5682
0+364,seepage,critical,2,2,24.5865,2,24.5865,2,24.5865,2,24.5865
0+365,seepage,critical,2,2,24.5833,2,24.5833,2,24.5833,2,24.5833
0+366,seepage,critical,2,2,24.5847,2,24.5847,2,24.5847,2,24.5847
0+367,seepage,critical,2,2,24.5936,2,24.5936,2,24.5936,2,24.5936
0+368,seepage,critical,2,2,24.6039,2,24.6039,2,24.6039,2,24.6039
0+369,seepage,critical,2,2,24.5893,2,24.5893,2,24.5893,2,24.5893
0+370,seepage,critical,2,2,24.6035,2,24.6035,2,24.6035,2,24.6035
0+371,seepage,critical,2,2,24.5438,2,24.5438,2,24.5438,2,24.5438
0+372,seepage,critical,2,2,24.5569,2,24.5569,2,24.5569,2,24.5569
0+373,seepage,critical,2,2,24.5869,2,24.5869,2,24.5869,2,24.5869
0+374,seepage,critical,2,2,24.6028,2,24.6028,2,24.6028,2,24.6028
0+375,seepage,critical,2,2,24.5878,2,24.5878,2,24.5878,2,24.5878
0+376,slope,safe,0,0,96.0493,0,96.0493,0,96.0493,0,96.0493
0+377,slope,safe,0,0,96.0493,0,96.0493,0,96.0493,0,96.0493
0+378,slope,safe,0,0,96.0493,0,96.0493,0,96.0493,0,96.0493
0+379,slope,safe,0,0,96.0493,0,96.0493,0,96.0493,0,96.0493
0+380,slope,safe,0,0,96.0493,0,96.0493,0,96.0493,0,96.0493
0+381,slope,safe,0,0,96.0493,0,96.0493,0,96.0493,0,96.0493
0+382,slope,safe,0,0,96.0493,0,96.0493,0,96.0493,0,96.0493
0+383,slope,safe,0,0,96.0493,0,96.0493,0,96.0493,0,96.0493
0+384,slope,safe,0,0,96.0493,0,96.0493,0,96.0493,0,96.0493
0+385,slope,safe,0,0,96.0493,0,96.0493,0,96.0493,0,96.0493
0+386,slope,safe,0,0,96.0493,0,96.0493,0,96.0493,0,96.0493
0+387,slope,safe,0,0,96.0493,0,96.0493,0,96.0493,0,96.0493
0+388,slope,safe,0,0,96.0493,0,96.0493,0,96.0493,0,96.0493
0+389,slope,safe,0,0,96.0493,0,96.0493,0,96.0493,0,96.0493
0+390,slope,safe,0,0,96.0493,0,96.0493,0,96.0493,0,96.0493
0+391,slope,safe,0,0,96.0493,0,96.0493,0,96.0493,0,96.0493
0+392,slope,safe,0,0,96.0493,0,96.0493,0,96.0493,0,96.0493
0+393,slope,safe,0,0,96.0493,0,96.0493,0,96.0493,0,96.0493
0+394,slope,safe,0,0,96.0493,0,96.0493,0,96.0493,0,96.0493
0+395,slope,safe,0,0,96.0493,0,96.0493,0,96.0493,0,96.0493
0+396,slope,safe,0,0,96.0493,0,96.0493,0,96.0493,0,96.0493
0+397,slope,safe,0,0,96.0493,0,96.0493,0,96.0493,0,96.0493
0+398,slope,safe,0,0,96.0493,0,96.0493,0,96.0493,0,96.0493
0+399,slope,safe,0,0,96.0493,0,96.0493,0,96.0493,0,96.0493
0+400,slope,safe,0,0,96.0493,0,96.0493,0,96.0493,0,96.0493
0+401,slope,slight,0,0,95.0967,0,95.0967,0,95.0967,0,95.0967
0+402,slope,slight,0,0,95.0967,0,95.0967,0,95.0967,0,95.0967
0+403,slope,slight,0,0,95.0967,0,95.0967,0,95.0967,0,95.0967
0+404,slope,slight,0,0,95.0967,0,95.0967,0,95.0967,0,95.0967
0+405,slope,slight,0,0,95.0967,0,95.0967,0,95.0967,0,95.0967
0+406,slope,slight,0,0,95.0967,0,95.0967,0,95.0967,0,95.0967
0+407,slope,slight,0,0,95.0967,0,95.0967,0,95.0967,0,95.0967
0+408,slope,slight,0,0,95.0967,0,95.0967,0,95.0967,0,95.0967
0+409,slope,slight,0,0,95.0967,0,95.0967,0,95.0967,0,95.0967
0+410,slope,slight,0,0,95.0967,0,95.0967,0,95.0967,0,95.0967
0+411,slope,slight,0,0,95.0967,0,95.0967,0,95.0967,0,95.0967
0+412,slope,slight,0,0,95.0967,0,95.0967,0,95.0967,0,95.0967
0+413,slope,slight,0,0,95.0967,0,95.0967,0,95.0967,0,95.0967
0+414,slope,slight,0,0,95.0967,0,95.0967,0,95.0967,0,95.0967
0+415,slope,slight,0,0,95.0967,0,95.0967,0,95.0967,0,95.0967
0+416,slope,slight,0,0,95.0967,0,95.0967,0,95.0967,0,95.0967
0+417,slope,slight,0,0,95.0967,0,95.0967,0,95.0967,0,95.0967
0+418,slope,slight,0,0,95.0967,0,95.0967,0,95.0967,0,95.0967
0+419,slope,slight,0,0,95.0967,0,95.0967,0,95.0967,0,95.0967
0+420,slope,slight,0,0,95.0967,0,95.0967,0,95.0967,0,95.0967
0+421,slope,slight,0,0,95.0967,0,95.0967,0,95.0967,0,95.0967
0+422,slope,slight,0,0,95.0967,0,95.0967,0,95.0967,0,95.0967
0+423,slope,slight,0,0,95.0967,0,95.0967,0,95.0967,0,95.0967
0+424,slope,slight,0,0,95.0967,0,95.0967,0,95.0967,0,95.0967
0+425,slope,slight,0,0,95.0967,0,95.0967,0,95.0967,0,95.0967
0+426,slope,moderate,1,1,84.455,1,84.455,1,84.455,1,84.455
0+427,slope,moderate,1,1,84.9555,1,84.9555,1,84.9555,1,84.9555
0+428,slope,moderate,1,1,86.4613,1,86.4613,1,86.4613,1,86.4613
0+429,slope,moderate,1,1,86.8711,1,86.8711,1,86.8711,1,86.8711
0+430,slope,moderate,1,1,87.178,1,87.178,1,87.178,1,87.178
0+431,slope,moderate,1,1,86.3978,1,86.3978,1,86.3978,1,86.3978
0+432,slope,moderate,1,1,85.9682,1,85.9682,1,85.9682,1,85.9682
0+433,slope,moderate,1,1,85.51,1,85.51,1,85.51,1,85.51
0+434,slope,moderate,1,1,87.0162,1,87.0162,1,87.0162,1,87.0162
0+435,slope,moderate,1,1,87.3752,1,87.3752,1,87.3752,1,87.3752
0+436,slope,moderate,1,1,85.6133,1,85.6133,1,85.6133,1,85.6133
0+437,slope,moderate,1,1,87.2958,1,87.2958,1,87.2958,1,87.2958
0+438,slope,moderate,1,1,87.5179,1,87.5179,1,87.5179,1,87.5179
0+439,slope,moderate,1,1,87.0202,1,87.0202,1,87.0202,1,87.0202
0+440,slope,moderate,1,1,84.9364,1,84.9364,1,84.9364,1,84.9364
0+441,slope,moderate,1,1,86.5515,1,86.5515,1,86.5515,1,86.5515
0+442,slope,moderate,1,1,87.8726,1,87.8726,1,87.8726,1,87.8726
0+443,slope,moderate,1,1,85.5628,1,85.5628,1,85.5628,1,85.5628
0+444,slope,moderate,1,1,86.7045,1,86.7045,1,86.7045,1,86.7045
0+445,slope,moderate,1,1,86.0819,1,86.0819,1,86.0819,1,86.0819
0+446,slope,moderate,1,1,85.6647,1,85.6647,1,85.6647,1,85.6647
0+447,slope,moderate,1,1,86.5934,1,86.5934,1,86.5934,1,86.5934
0+448,slope,moderate,1,1,85.4894,1,85.4894,1,85.4894,1,85.4894
0+449,slope,moderate,1,1,85.9738,1,85.9738,1,85.9738,1,85.9738
0+450,slope,moderate,1,1,85.5129,1,85.5129,1,85.5129,1,85.5129
0+451,slope,severe,2,2,62.3411,2,62.3411,2,62.3411,2,62.3411
0+452,slope,severe,2,1,63.7481,1,63.7481,1,63.7481,1,63.7481
0+453,slope,severe,2,2,61.9282,2,61.9282,2,61.9282,2,61.9282
0+454,slope,severe,2,1,62.4009,1,62.4009,1,62.4009,1,62.4009
0+455,slope,severe,2,2,61.3996,2,61.3996,2,61.3996,2,61.3996
0+456,slope,severe,2,2,63.8076,2,63.8076,2,63.8076,2,63.8076
0+457,slope,severe,2,2,63.8278,2,63.8278,2,63.8278,2,63.8278
0+458,slope,severe,2,2,62.2777,2,62.2777,2,62.2777,2,62.2777
0+459,slope,severe,2,2,61.4162,2,61.4162,2,61.4162,2,61.4162
0+460,slope,severe,2,2,63.362,2,63.362,2,63.362,2,63.362
0+461,slope,severe,2,2,61.5728,2,61.5728,2,61.5728,2,61.5728
0+462,slope,severe,2,1,63.0366,1,63.0366,1,63.0366,1,63.0366
0+463,slope,severe,2,1,63.1549,1,63.1549,1,63.1549,1,63.1549
0+464,slope,severe,2,2,63.0598,2,63.0598,2,63.0598,2,63.0598
0+465,slope,severe,2,2,62.0953,2,62.0953,2,62.0953,2,62.0953
0+466,slope,severe,2,2,63.1665,2,63.1665,2,63.1665,2,63.1665
0+467,slope,severe,2,2,61.9224,2,61.9224,2,61.9224,2,61.9224
0+468,slope,severe,2,2,62.2162,2,62.2162,2,62.2162,2,62.2162
0+469,slope,severe,2,1,63.3789,1,63.3789,1,63.3789,1,63.3789
0+470,slope,severe,2,2,62.0008,2,62.0008,2,62.0008,2,62.0008
0+471,slope,severe,2,1,62.8568,1,62.8568,1,62.8568,1,62.8568
0+472,slope,severe,2,2,62.7774,2,62.7774,2,62.7774,2,62.7774
0+473,slope,severe,2,2,63.6631,2,63.6631,2,63.6631,2,63.6631
0+474,slope,severe,2,1,63.7459,1,63.7459,1,63.7459,1,63.7459
0+475,slope,severe,2,2,63.4339,2,63.4339,2,63.4339,2,63.4339
0+476,slope,critical,2,2,38.3793,2,38.3793,2,38.3793,2,38.3793
0+477,slope,critical,2,2,38.3793,2,38.3793,2,38.3793,2,38.3793
0+478,slope,critical,2,2,38.3793,2,38.3793,2,38.3793,2,38.3793
0+479,slope,critical,2,2,38.3793,2,38.3793,2,38.3793,2,38.3793
0+480,slope,critical,2,2,38.3793,2,38.3793,2,38.3793,2,38.3793
0+481,slope,critical,2,2,38.3793,2,38.3793,2,38.3793,2,38.3793
0+482,slope,critical,2,2,38.3793,2,38.3793,2,38.3793,2,38.3793
0+483,slope,critical,2,2,38.3793,2,38.3793,2,38.3793,2,38.3793
0+484,slope,critical,2,2,38.3793,2,38.3793,2,38.3793,2,38.3793
0+485,slope,critical,2,2,38.3793,2,38.3793,2,38.3793,2,38.3793
0+486,slope,critical,2,2,38.3793,2,38.3793,2,38.3793,2,38.3793
0+487,slope,critical,2,2,38.3793,2,38.3793,2,38.3793,2,38.3793
0+488,slope,critical,2,2,38.3793,2,38.3793,2,38.3793,2,38.3793
0+489,slope,critical,2,2,38.3793,2,38.3793,2,38.3793,2,38.3793
0+490,slope,critical,2,2,38.3793,2,38.3793,2,38.3793,2,38.3793
0+491,slope,critical,2,2,38.3793,2,38.3793,2,38.3793,2,38.3793
0+492,slope,critical,2,2,38.3793,2,38.3793,2,38.3793,2,38.3793
0+493,slope,critical,2,2,38.3793,2,38.3793,2,38.3793,2,38.3793
0+494,slope,critical,2,2,38.3793,2,38.3793,2,38.3793,2,38.3793
0+495,slope,critical,2,2,38.3793,2,38.3793,2,38.3793,2,38.3793
0+496,slope,critical,2,2,38.3793,2,38.3793,2,38.3793,2,38.3793
0+497,slope,critical,2,2,38.3793,2,38.3793,2,38.3793,2,38.3793
0+498,slope,critical,2,2,38.3793,2,38.3793,2,38.3793,2,38.3793
0+499,slope,critical,2,2,38.3793,2,38.3793,2,38.3793,2,38.3793
0+500,slope,critical,2,2,38.3793,2,38.3793,2,38.3793,2,38.3793
0+501,scour,safe,0,0,96.0493,0,96.0493,0,96.0493,0,96.0493
0+502,scour,safe,0,0,96.0493,0,96.0493,0,96.0493,0,96.0493
0+503,scour,safe,0,0,96.0493,0,96.0493,0,96.0493,0,96.0493
0+504,scour,safe,0,0,96.0493,0,96.0493,0,96.0493,0,96.0493
0+505,scour,safe,0,0,96.0493,0,96.0493,0,96.0493,0,96.0493
0+506,scour,safe,0,0,96.0493,0,96.0493,0,96.0493,0,96.0493
0+507,scour,safe,0,0,96.0493,0,96.0493,0,96.0493,0,96.0493
0+508,scour,safe,0,0,96.0493,0,96.0493,0,96.0493,0,96.0493
0+509,scour,safe,0,0,96.0493,0,96.0493,0,96.0493,0,96.0493
0+510,scour,safe,0,0,96.0493,0,96.0493,0,96.0493,0,96.0493
0+511,scour,safe,0,0,96.0493,0,96.0493,0,96.0493,0,96.0493
0+512,scour,safe,0,0,96.0493,0,96.0493,0,96.0493,0,96.0493
0+513,scour,safe,0,0,96.0493,0,96.0493,0,96.0493,0,96.0493
0+514,scour,safe,0,0,96.0493,0,96.0493,0,96.0493,0,96.0493
0+515,scour,safe,0,0,96.0493,0,96.0493,0,96.0493,0,96.0493
0+516,scour,safe,0,0,96.0493,0,96.0493,0,96.0493,0,96.0493
0+517,scour,safe,0,0,96.0493,0,96.0493,0,96.0493,0,96.0493
0+518,scour,safe,0,0,96.0493,0,96.0493,0,96.0493,0,96.0493
0+519,scour,safe,0,0,96.0493,0,96.0493,0,96.0493,0,96.0493
0+520,scour,safe,0,0,96.0493,0,96.0493,0,96.0493,0,96.0493
0+521,scour,safe,0,0,96.0493,0,96.0493,0,96.0493,0,96.0493
0+522,scour,safe,0,0,96.0493,0,96.0493,0,96.0493,0,96.0493
0+523,scour,safe,0,0,96.0493,0,96.0493,0,96.0493,0,96.0493
0+524,scour,safe,0,0,96.0493,0,96.0493,0,96.0493,0,96.0493
0+525,scour,safe,0,0,96.0493,0,96.0493,0,96.0493,0,96.0493
0+526,scour,slight,0,0,95.9719,0,95.9719,0,95.9719,0,95.9719
0+527,scour,slight,0,1,93.6218,1,93.6218,1,93.6218,1,93.6218
0+528,scour,slight,0,0,95.9719,0,95.9719,0,95.9719,0,95.9719
0+529,scour,slight,0,0,95.9719,0,95.9719,0,95.9719,0,95.9719
0+530,scour,slight,0,0,95.9719,0,95.9719,0,95.9719,0,95.9719
0+531,scour,slight,0,0,95.9719,0,95.9719,0,95.9719,0,95.9719
0+532,scour,slight,0,0,95.9719,0,95.9719,0,95.9719,0,95.9719
0+533,scour,slight,0,0,95.9719,0,95.9719,0,95.9719,0,95.9719
0+534,scour,slight,0,1,93.6218,1,93.6218,1,93.6218,1,93.6218
0+535,scour,slight,0,0,95.9719,0,95.9719,0,95.9719,0,95.9719
0+536,scour,slight,0,0,95.9719,0,95.9719,0,95.9719,0,95.9719
0+537,scour,slight,0,0,95.9719,0,95.9719,0,95.9719,0,95.9719
0+538,scour,slight,0,1,93.6218,1,93.6218,1,93.6218,1,93.6218
0+539,scour,slight,0,0,95.9719,0,95.9719,0,95.9719,0,95.9719
0+540,scour,slight,0,0,95.9719,0,95.9719,0,95.9719,0,95.9719
0+541,scour,slight,0,0,95.9719,0,95.9719,0,95.9719,0,95.9719
0+542,scour,slight,0,0,95.9719,0,95.9719,0,95.9719,0,95.9719
0+543,scour,slight,0,0,95.9719,0,95.9719,0,95.9719,0,95.9719
0+544,scour,slight,0,0,95.9719,0,95.9719,0,95.9719,0,95.9719
0+545,scour,slight,0,0,95.9719,0,95.9719,0,95.9719,0,95.9719
0+546,scour,slight,0,0,95.9719,0,95.9719,0,95.9719,0,95.9719
0+547,scour,slight,0,1,93.6218,1,93.6218,1,93.6218,1,93.6218
0+548,scour,slight,0,0,95.9719,0,95.9719,0,95.9719,0,95.9719
0+549,scour,slight,0,0,95.9719,0,95.9719,0,95.9719,0,95.9719
0+550,scour,slight,0,0,95.9719,0,95.9719,0,95.9719,0,95.9719
0+551,scour,moderate,1,1,92.1741,1,92.1741,1,92.1741,1,92.1741
0+552,scour,moderate,1,1,92.1741,1,92.1741,1,92.1741,1,92.1741
0+553,scour,moderate,1,1,92.1741,1,92.1741,1,92.1741,1,92.1741
0+554,scour,moderate,1,1,92.1741,1,92.1741,1,92.1741,1,92.1741
0+555,scour,moderate,1,1,92.1741,1,92.1741,1,92.1741,1,92.1741
0+556,scour,moderate,1,1,92.1741,1,92.1741,1,92.1741,1,92.1741
0+557,scour,moderate,1,1,92.1741,1,92.1741,1,92.1741,1,92.1741
0+558,scour,moderate,1,1,92.1741,1,92.1741,1,92.1741,1,92.1741
0+559,scour,moderate,1,1,92.1741,1,92.1741,1,92.1741,1,92.1741
0+560,scour,moderate,1,1,92.1741,1,92.1741,1,92.1741,1,92.1741
0+561,scour,moderate,1,1,92.1741,1,92.1741,1,92.1741,1,92.1741
0+562,scour,moderate,1,1,92.1741,1,92.1741,1,92.1741,1,92.1741
0+563,scour,moderate,1,1,92.1741,1,92.1741,1,92.1741,1,92.1741
0+564,scour,moderate,1,1,92.1741,1,92.1741,1,92.1741,1,92.1741
0+565,scour,moderate,1,1,92.1741,1,92.1741,1,92.1741,1,92.1741
0+566,scour,moderate,1,1,92.1741,1,92.1741,1,92.1741,1,92.1741
0+567,scour,moderate,1,1,92.1741,1,92.1741,1,92.1741,1,92.1741
0+568,scour,moderate,1,1,92.1741,1,92.1741,1,92.1741,1,92.1741
0+569,scour,moderate,1,1,92.1741,1,92.1741,1,92.1741,1,92.1741
0+570,scour,moderate,1,1,92.1741,1,92.1741,1,92.1741,1,92.1741
0+571,scour,moderate,1,1,92.1741,1,92.1741,1,92.1741,1,92.1741
0+572,scour,moderate,1,1,92.1741,1,92.1741,1,92.1741,1,92.1741
0+573,scour,moderate,1,1,92.1741,1,92.1741,1,92.1741,1,92.1741
0+574,scour,moderate,1,1,92.1741,1,92.1741,1,92.1741,1,92.1741
0+575,scour,moderate,1,1,92.1741,1,92.1741,1,92.1741,1,92.1741
0+576,scour,severe,2,2,79.789,2,79.789,2,79.789,2,79.789
0+577,scour,severe,2,2,79.789,2,79.789,2,79.789,2,79.789
0+578,scour,severe,2,2,79.789,2,79.789,2,79.789,2,79.789
0+579,scour,severe,2,2,79.789,2,79.789,2,79.789,2,79.789
0+580,scour,severe,2,2,79.789,2,79.789,2,79.789,2,79.789
0+581,scour,severe,2,2,79.789,2,79.789,2,79.789,2,79.789
0+582,scour,severe,2,2,79.789,2,79.789,2,79.789,2,79.789
0+583,scour,severe,2,2,79.789,2,79.789,2,79.789,2,79.789
0+584,scour,severe,2,2,79.789,2,79.789,2,79.789,2,79.789
0+585,scour,severe,2,2,79.789,2,79.789,2,79.789,2,79.789
0+586,scour,severe,2,2,79.789,2,79.789,2,79.789,2,79.789
0+587,scour,severe,2,2,79.789,2,79.789,2,79.789,2,79.789
0+588,scour,severe,2,2,79.789,2,79.789,2,79.789,2,79.789
0+589,scour,severe,2,2,79.789,2,79.789,2,79.789,2,79.789
0+590,scour,severe,2,2,79.789,2,79.789,2,79.789,2,79.789
0+591,scour,severe,2,2,79.789,2,79.789,2,79.789,2,79.789
0+592,scour,severe,2,2,79.789,2,79.789,2,79.789,2,79.789
0+593,scour,severe,2,2,79.789,2,79.789,2,79.789,2,79.789
0+594,scour,severe,2,2,79.789,2,79.789,2,79.789,2,79.789
0+595,scour,severe,2,2,79.789,2,79.789,2,79.789,2,79.789
0+596,scour,severe,2,2,79.789,2,79.789,2,79.789,2,79.789
0+597,scour,severe,2,2,79.789,2,79.789,2,79.789,2,79.789
0+598,scour,severe,2,2,79.789,2,79.789,2,79.789,2,79.789
0+599,scour,severe,2,2,79.789,2,79.789,2,79.789,2,79.789
0+600,scour,severe,2,2,79.789,2,79.789,2,79.789,2,79.789
0+601,scour,critical,2,2,77.9461,2,77.9461,2,77.9461,2,77.9461
0+602,scour,critical,2,2,77.9461,2,77.9461,2,77.9461,2,77.9461
0+603,scour,critical,2,2,77.9461,2,77.9461,2,77.9461,2,77.9461
0+604,scour,critical,2,2,77.9461,2,77.9461,2,77.9461,2,77.9461
0+605,scour,critical,2,2,77.9461,2,77.9461,2,77.9461,2,77.9461
0+606,scour,critical,2,2,77.9461,2,77.9461,2,77.9461,2,77.9461
0+607,scour,critical,2,2,77.9461,2,77.9461,2,77.9461,2,77.9461
0+608,scour,critical,2,2,77.9461,2,77.9461,2,77.9461,2,77.9461
0+609,scour,critical,2,2,77.9461,2,77.9461,2,77.9461,2,77.9461
0+610,scour,critical,2,2,77.9461,2,77.9461,2,77.9461,2,77.9461
0+611,scour,critical,2,2,77.9461,2,77.9461,2,77.9461,2,77.9461
0+612,scour,critical,2,2,77.9461,2,77.9461,2,77.9461,2,77.9461
0+613,scour,critical,2,2,77.9461,2,77.9461,2,77.9461,2,77.9461
0+614,scour,critical,2,2,77.9461,2,77.9461,2,77.9461,2,77.9461
0+615,scour,critical,2,2,77.9461,2,77.9461,2,77.9461,2,77.9461
0+616,scour,critical,2,2,77.9461,2,77.9461,2,77.9461,2,77.9461
0+617,scour,critical,2,2,77.9461,2,77.9461,2,77.9461,2,77.9461
0+618,scour,critical,2,2,77.9461,2,77.9461,2,77.9461,2,77.9461
0+619,scour,critical,2,2,77.9461,2,77.9461,2,77.9461,2,77.9461
0+620,scour,critical,2,2,77.9461,2,77.9461,2,77.9461,2,77.9461
0+621,scour,critical,2,2,77.9461,2,77.9461,2,77.9461,2,77.9461
0+622,scour,critical,2,2,77.9461,2,77.9461,2,77.9461,2,77.9461
0+623,scour,critical,2,2,77.9461,2,77.9461,2,77.9461,2,77.9461
0+624,scour,critical,2,2,77.9461,2,77.9461,2,77.9461,2,77.9461
0+625,scour,critical,2,2,77.9461,2,77.9461,2,77.9461,2,77.9461
0+626,building,safe,0,0,96.0493,0,96.0493,0,96.0493,0,96.0493
0+627,building,safe,0,0,96.0493,0,96.0493,0,96.0493,0,96.0493
0+628,building,safe,0,0,96.0493,0,96.0493,0,96.0493,0,96.0493
0+629,building,safe,0,0,96.0493,0,96.0493,0,96.0493,0,96.0493
0+630,building,safe,0,0,96.0493,0,96.0493,0,96.0493,0,96.0493
0+631,building,safe,0,0,96.0493,0,96.0493,0,96.0493,0,96.0493
0+632,building,safe,0,0,96.0493,0,96.0493,0,96.0493,0,96.0493
0+633,building,safe,0,0,96.0493,0,96.0493,0,96.0493,0,96.0493
0+634,building,safe,0,0,96.0493,0,96.0493,0,96.0493,0,96.0493
0+635,building,safe,0,0,96.0493,0,96.0493,0,96.0493,0,96.0493
0+636,building,safe,0,0,96.0493,0,96.0493,0,96.0493,0,96.0493
0+637,building,safe,0,0,96.0493,0,96.0493,0,96.0493,0,96.0493
0+638,building,safe,0,0,96.0493,0,96.0493,0,96.0493,0,96.0493
0+639,building,safe,0,0,96.0493,0,96.0493,0,96.0493,0,96.0493
0+640,building,safe,0,0,96.0493,0,96.0493,0,96.0493,0,96.0493
0+641,building,safe,0,0,96.0493,0,96.0493,0,96.0493,0,96.0493
0+642,building,safe,0,0,96.0493,0,96.0493,0,96.0493,0,96.0493
0+643,building,safe,0,0,96.0493,0,96.0493,0,96.0493,0,96.0493
0+644,building,safe,0,0,96.0493,0,96.0493,0,96.0493,0,96.0493
0+645,building,safe,0,0,96.0493,0,96.0493,0,96.0493,0,96.0493
0+646,building,safe,0,0,96.0493,0,96.0493,0,96.0493,0,96.0493
0+647,building,safe,0,0,96.0493,0,96.0493,0,96.0493,0,96.0493
0+648,building,safe,0,0,96.0493,0,96.0493,0,96.0493,0,96.0493
0+649,building,safe,0,0,96.0493,0,96.0493,0,96.0493,0,96.0493
0+650,building,safe,0,0,96.0493,0,96.0493,0,96.0493,0,96.0493
0+651,building,slight,0,0,96.0493,0,96.0493,0,96.0493,0,96.0493
0+652,building,slight,0,0,96.0493,0,96.0493,0,96.0493,0,96.0493
0+653,building,slight,0,0,96.0493,0,96.0493,0,96.0493,0,96.0493
0+654,building,slight,0,0,96.0493,0,96.0493,0,96.0493,0,96.0493
0+655,building,slight,0,0,96.0493,0,96.0493,0,96.0493,0,96.0493
0+656,building,slight,0,0,96.0493,0,96.0493,0,96.0493,0,96.0493
0+657,building,slight,0,0,96.0493,0,96.0493,0,96.0493,0,96.0493
0+658,building,slight,0,0,96.0493,0,96.0493,0,96.0493,0,96.0493
0+659,building,slight,0,0,96.0493,0,96.0493,0,96.0493,0,96.0493
0+660,building,slight,0,0,96.0493,0,96.0493,0,96.0493,0,96.0493
0+661,building,slight,0,0,96.0493,0,96.0493,0,96.0493,0,96.0493
0+662,building,slight,0,0,96.0493,0,96.0493,0,96.0493,0,96.0493
0+663,building,slight,0,0,96.0493,0,96.0493,0,96.0493,0,96.0493
0+664,building,slight,0,0,96.0493,0,96.0493,0,96.0493,0,96.0493
0+665,building,slight,0,0,96.0493,0,96.0493,0,96.0493,0,96.0493
0+666,building,slight,0,0,96.0493,0,96.0493,0,96.0493,0,96.0493
0+667,building,slight,0,0,96.0493,0,96.0493,0,96.0493,0,96.0493
0+668,building,slight,0,0,96.0493,0,96.0493,0,96.0493,0,96.0493
0+669,building,slight,0,0,96.0493,0,96.0493,0,96.0493,0,96.0493
0+670,building,slight,0,0,96.0493,0,96.0493,0,96.0493,0,96.0493
0+671,building,slight,0,0,96.0493,0,96.0493,0,96.0493,0,96.0493
0+672,building,slight,0,0,96.0493,0,96.0493,0,96.0493,0,96.0493
0+673,building,slight,0,0,96.0493,0,96.0493,0,96.0493,0,96.0493
0+674,building,slight,0,0,96.0493,0,96.0493,0,96.0493,0,96.0493
0+675,building,slight,0,0,96.0493,0,96.0493,0,96.0493,0,96.0493
0+676,building,moderate,1,1,82.2924,1,82.2924,1,82.2924,1,82.2924
0+677,building,moderate,1,1,82.2924,1,82.2924,1,82.2924,1,82.2924
0+678,building,moderate,1,1,82.2924,1,82.2924,1,82.2924,1,82.2924
0+679,building,moderate,1,1,82.2924,1,82.2924,1,82.2924,1,82.2924
0+680,building,moderate,1,1,82.2924,1,82.2924,1,82.2924,1,82.2924
0+681,building,moderate,1,1,82.2924,1,82.2924,1,82.2924,1,82.2924
0+682,building,moderate,1,1,82.2924,1,82.2924,1,82.2924,1,82.2924
0+683,building,moderate,1,1,82.2924,1,82.2924,1,82.2924,1,82.2924
0+684,building,moderate,1,1,82.2924,1,82.2924,1,82.2924,1,82.2924
0+685,building,moderate,1,1,82.2924,1,82.2924,1,82.2924,1,82.2924
0+686,building,moderate,1,1,82.2924,1,82.2924,1,82.2924,1,82.2924
0+687,building,moderate,1,1,82.2924,1,82.2924,1,82.2924,1,82.2924
0+688,building,moderate,1,1,82.2924,1,82.2924,1,82.2924,1,82.2924
0+689,building,moderate,1,1,82.2924,1,82.2924,1,82.2924,1,82.2924
0+690,building,moderate,1,1,82.2924,1,82.2924,1,82.2924,1,82.2924
0+691,building,moderate,1,1,82.2924,1,82.2924,1,82.2924,1,82.2924
0+692,building,moderate,1,1,82.2924,1,82.2924,1,82.2924,1,82.2924
0+693,building,moderate,1,1,82.2924,1,82.2924,1,82.2924,1,82.2924
0+694,building,moderate,1,1,82.2924,1,82.2924,1,82.2924,1,82.2924
0+695,building,moderate,1,1,82.2924,1,82.2924,1,82.2924,1,82.2924
0+696,building,moderate,1,1,82.2924,1,82.2924,1,82.2924,1,82.2924
0+697,building,moderate,1,1,82.2924,1,82.2924,1,82.2924,1,82.2924
0+698,building,moderate,1,1,82.2924,1,82.2924,1,82.2924,1,82.2924
0+699,building,moderate,1,1,82.2924,1,82.2924,1,82.2924,1,82.2924
0+700,building,moderate,1,1,82.2924,1,82.2924,1,82.2924,1,82.2924
0+701,building,severe,2,2,54.1632,2,54.1632,2,54.1632,2,54.1632
0+702,building,severe,2,2,54.1632,2,54.1632,2,54.1632,2,54.1632
0+703,building,severe,2,2,54.1632,2,54.1632,2,54.1632,2,54.1632
0+704,building,severe,2,2,54.1632,2,54.1632,2,54.1632,2,54.1632
0+705,building,severe,2,2,54.1632,2,54.1632,2,54.1632,2,54.1632
0+706,building,severe,2,2,54.1632,2,54.1632,2,54.1632,2,54.1632
0+707,building,severe,2,2,54.1632,2,54.1632,2,54.1632,2,54.1632
0+708,building,severe,2,2,54.1632,2,54.1632,2,54.1632,2,54.1632
0+709,building,severe,2,2,54.1632,2,54.1632,2,54.1632,2,54.1632
0+710,building,severe,2,2,54.1632,2,54.1632,2,54.1632,2,54.1632
0+711,building,severe,2,2,54.1632,2,54.1632,2,54.1632,2,54.1632
0+712,building,severe,2,2,54.1632,2,54.1632,2,54.1632,2,54.1632
0+713,building,severe,2,2,54.1632,2,54.1632,2,54.1632,2,54.1632
0+714,building,severe,2,2,54.1632,2,54.1632,2,54.1632,2,54.1632
0+715,building,severe,2,2,54.1632,2,54.1632,2,54.1632,2,54.1632
0+716,building,severe,2,2,54.1632,2,54.1632,2,54.1632,2,54.1632
0+717,building,severe,2,2,54.1632,2,54.1632,2,54.1632,2,54.1632
0+718,building,severe,2,2,54.1632,2,54.1632,2,54.1632,2,54.1632
0+719,building,severe,2,2,54.1632,2,54.1632,2,54.1632,2,54.1632
0+720,building,severe,2,2,54.1632,2,54.1632,2,54.1632,2,54.1632
0+721,building,severe,2,2,54.1632,2,54.1632,2,54.1632,2,54.1632
0+722,building,severe,2,2,54.1632,2,54.1632,2,54.1632,2,54.1632
0+723,building,severe,2,2,54.1632,2,54.1632,2,54.1632,2,54.1632
0+724,building,severe,2,2,54.1632,2,54.1632,2,54.1632,2,54.1632
0+725,building,severe,2,2,54.1632,2,54.1632,2,54.1632,2,54.1632
0+726,building,critical,2,2,54.1632,2,54.1632,2,54.1632,2,54.1632
0+727,building,critical,2,2,54.1632,2,54.1632,2,54.1632,2,54.1632
0+728,building,critical,2,2,54.1632,2,54.1632,2,54.1632,2,54.1632
0+729,building,critical,2,2,54.1632,2,54.1632,2,54.1632,2,54.1632
0+730,building,critical,2,2,54.1632,2,54.1632,2,54.1632,2,54.1632
0+731,building,critical,2,2,54.1632,2,54.1632,2,54.1632,2,54.1632
0+732,building,critical,2,2,54.1632,2,54.1632,2,54.1632,2,54.1632
0+733,building,critical,2,2,54.1632,2,54.1632,2,54.1632,2,54.1632
0+734,building,critical,2,2,54.1632,2,54.1632,2,54.1632,2,54.1632
0+735,building,critical,2,2,54.1632,2,54.1632,2,54.1632,2,54.1632
0+736,building,critical,2,2,54.1632,2,54.1632,2,54.1632,2,54.1632
0+737,building,critical,2,2,54.1632,2,54.1632,2,54.1632,2,54.1632
0+738,building,critical,2,2,54.1632,2,54.1632,2,54.1632,2,54.1632
0+739,building,critical,2,2,54.1632,2,54.1632,2,54.1632,2,54.1632
0+740,building,critical,2,2,54.1632,2,54.1632,2,54.1632,2,54.1632
0+741,building,critical,2,2,54.1632,2,54.1632,2,54.1632,2,54.1632
0+742,building,critical,2,2,54.1632,2,54.1632,2,54.1632,2,54.1632
0+743,building,critical,2,2,54.1632,2,54.1632,2,54.1632,2,54.1632
0+744,building,critical,2,2,54.1632,2,54.1632,2,54.1632,2,54.1632
0+745,building,critical,2,2,54.1632,2,54.1632,2,54.1632,2,54.1632
0+746,building,critical,2,2,54.1632,2,54.1632,2,54.1632,2,54.1632
0+747,building,critical,2,2,54.1632,2,54.1632,2,54.1632,2,54.1632
0+748,building,critical,2,2,54.1632,2,54.1632,2,54.1632,2,54.1632
0+749,building,critical,2,2,54.1632,2,54.1632,2,54.1632,2,54.1632
0+750,building,critical,2,2,54.1632,2,54.1632,2,54.1632,2,54.1632
0+751,mixed,safe,0,0,85.5471,0,85.5471,0,85.5471,0,85.5471
0+752,mixed,safe,0,0,85.6664,0,85.6664,0,85.6664,0,85.6664
0+753,mixed,safe,0,0,85.4799,0,85.4799,0,85.4799,0,85.4799
0+754,mixed,safe,0,0,85.8,0,85.8,0,85.8,0,85.8
0+755,mixed,safe,0,0,86.222,0,86.222,0,86.222,0,86.222
0+756,mixed,safe,0,0,86.229,0,86.229,0,86.229,0,86.229
0+757,mixed,safe,0,0,85.8915,0,85.8915,0,85.8915,0,85.8915
0+758,mixed,safe,0,0,85.9608,0,85.9608,0,85.9608,0,85.9608
0+759,mixed,safe,0,0,86.1532,0,86.1532,0,86.1532,0,86.1532
0+760,mixed,safe,0,0,86.063,0,86.063,0,86.063,0,86.063
0+761,mixed,safe,0,0,85.7953,0,85.7953,0,85.7953,0,85.7953
0+762,mixed,safe,0,0,85.9133,0,85.9133,0,85.9133,0,85.9133
0+763,mixed,safe,0,0,85.6927,0,85.6927,0,85.6927,0,85.6927
0+764,mixed,safe,0,0,85.8739,0,85.8739,0,85.8739,0,85.8739
0+765,mixed,safe,0,0,86.1085,0,86.1085,0,86.1085,0,86.1085
0+766,mixed,safe,0,0,85.571,0,85.571,0,85.571,0,85.571
0+767,mixed,safe,0,0,85.8302,0,85.8302,0,85.8302,0,85.8302
0+768,mixed,safe,0,0,85.8922,0,85.8922,0,85.8922,0,85.8922
0+769,mixed,safe,0,0,86.0357,0,86.0357,0,86.0357,0,86.0357
0+770,mixed,safe,0,0,85.8201,0,85.8201,0,85.8201,0,85.8201
0+771,mixed,safe,0,0,86.0414,0,86.0414,0,86.0414,0,86.0414
0+772,mixed,safe,0,0,85.7376,0,85.7376,0,85.7376,0,85.7376
0+773,mixed,safe,0,0,85.8744,0,85.8744,0,85.8744,0,85.8744
0+774,mixed,safe,0,0,86.3323,0,86.3323,0,86.3323,0,86.3323
0+775,mixed,safe,0,0,85.7168,0,85.7168,0,85.7168,0,85.7168
0+776,mixed,slight,0,1,69.1587,1,69.1587,1,69.6377,1,69.6377
0+777,mixed,slight,0,1,69.0958,1,69.0958,1,69.5753,1,69.5753
0+778,mixed,slight,0,1,69.5736,1,69.5736,1,70.0533,1,70.0533
0+779,mixed,slight,0,1,68.755,1,68.755,1,69.2339,1,69.2339
0+780,mixed,slight,0,1,69.3566,1,69.3566,1,69.836,1,69.836
0+781,mixed,slight,0,1,69.3662,1,69.3662,1,69.8456,1,69.8456
0+782,mixed,slight,0,1,68.8588,1,68.8588,1,69.338,1,69.338
0+783,mixed,slight,0,1,68.7693,1,68.7693,1,69.2482,1,69.2482
0+784,mixed,slight,0,1,69.6784,1,69.6784,1,70.1583,1,70.1583
0+785,mixed,slight,0,1,69.6444,1,69.6444,1,70.1243,1,70.1243
0+786,mixed,slight,0,1,69.2129,1,69.2129,1,69.6927,1,69.6927
0+787,mixed,slight,0,1,69.3809,1,69.3809,1,69.8604,1,69.8604
0+788,mixed,slight,0,1,69.4187,1,69.4187,1,69.8988,1,69.8988
0+789,mixed,slight,0,1,68.689,1,68.689,1,69.1678,1,69.1678
0+790,mixed,slight,0,1,69.7592,1,69.7592,1,70.2393,1,70.2393
0+791,mixed,slight,0,1,68.9059,1,68.9059,1,69.3851,1,69.3851
0+792,mixed,slight,0,1,68.4883,1,68.4883,1,68.9668,1,68.9668
0+793,mixed,slight,0,1,69.39,1,69.39,1,69.8694,1,69.8694
0+794,mixed,slight,0,1,69.4726,1,69.4726,1,69.9522,1,69.9522
0+795,mixed,slight,0,1,69.1026,1,69.1026,1,69.5816,1,69.5816
0+796,mixed,slight,0,1,69.3698,1,69.3698,1,69.8498,1,69.8498
0+797,mixed,slight,0,1,69.0798,1,69.0798,1,69.5593,1,69.5593
0+798,mixed,slight,0,1,69.716,1,69.716,1,70.196,1,70.196
0+799,mixed,slight,0,1,69.0791,1,69.0791,1,69.5579,1,69.5579
0+800,mixed,slight,0,1,68.8392,1,68.8392,1,69.3182,1,69.3182
0+801,mixed,moderate,1,1,49.8878,1,49.8878,1,50.7919,1,50.7919
0+802,mixed,moderate,1,1,50.7647,1,50.7647,1,51.6732,1,51.6732
0+803,mixed,moderate,1,1,50.2338,1,50.2338,1,51.1401,1,51.1401
0+804,mixed,moderate,1,1,50.452,1,50.452,1,51.3573,1,51.3573
0+805,mixed,moderate,1,1,49.9573,1,49.9573,1,50.8621,1,50.8621
0+806,mixed,moderate,1,1,50.3133,1,50.3133,1,51.2189,1,51.2189
0+807,mixed,moderate,1,1,50.3678,1,50.3678,1,51.2727,1,51.2727
0+808,mixed,moderate,1,1,50.4822,1,50.4822,1,51.3899,1,51.3899
0+809,mixed,moderate,1,1,50.6081,1,50.6081,1,51.5138,1,51.5138
0+810,mixed,moderate,1,1,50.7663,1,50.7663,1,51.6729,1,51.6729
0+811,mixed,moderate,1,1,50.6497,1,50.6497,1,51.556,1,51.556
0+812,mixed,moderate,1,1,50.6937,1,50.6937,1,51.6007,1,51.6007
0+813,mixed,moderate,1,1,50.5601,1,50.5601,1,51.4655,1,51.4655
0+814,mixed,moderate,1,1,50.0504,1,50.0504,1,50.9549,1,50.9549
0+815,mixed,moderate,1,1,50.6674,1,50.6674,1,51.5738,1,51.5738
0+816,mixed,moderate,1,1,51.0378,1,51.0378,1,51.9454,1,51.9454
0+817,mixed,moderate,1,1,50.2605,1,50.2605,1,51.1658,1,51.1658
0+818,mixed,moderate,1,1,50.5872,1,50.5872,1,51.4954,1,51.4954
0+819,mixed,moderate,1,1,50.6688,1,50.6688,1,51.5753,1,51.5753
0+820,mixed,moderate,1,1,50.0561,1,50.0561,1,50.9613,1,50.9613
0+821,mixed,moderate,1,1,50.433,1,50.433,1,51.3398,1,51.3398
0+822,mixed,moderate,1,1,50.8702,1,50.8702,1,51.7769,1,51.7769
0+823,mixed,moderate,1,1,50.3128,1,50.3128,1,51.2171,1,51.2171
0+824,mixed,moderate,1,1,50.5074,1,50.5074,1,51.4134,1,51.4134
0+825,mixed,moderate,1,1,50.0237,1,50.0237,1,50.9284,1,50.9284
0+826,mixed,severe,2,2,13.5467,2,13.5467,2,13.8746,2,13.8746
0+827,mixed,severe,2,2,15.5768,2,15.5768,2,16.1632,2,16.1632
0+828,mixed,severe,2,2,14.0769,2,14.0769,2,14.408,2,14.408
0+829,mixed,severe,2,2,13.9016,2,13.9016,2,14.2322,2,14.2322
0+830,mixed,severe,2,2,13.4423,2,13.4423,2,13.771,2,13.771
0+831,mixed,severe,2,2,16.4528,2,16.4528,2,16.8913,2,16.8913
0+832,mixed,severe,2,2,13.969,2,13.969,2,14.2982,2,14.2982
0+833,mixed,severe,2,2,14.2044,2,14.2044,2,14.5349,2,14.5349
0+834,mixed,severe,2,2,14.0245,2,14.0245,2,14.355,2,14.355
0+835,mixed,severe,2,2,15.6493,2,15.6493,2,16.3352,2,16.3352
0+836,mixed,severe,2,2,16.0234,2,16.0234,2,16.5191,2,16.5191
0+837,mixed,severe,2,2,14.258,2,14.258,2,14.5884,2,14.5884
0+838,mixed,severe,2,2,15.8797,2,15.8797,2,16.4184,2,16.4184
0+839,mixed,severe,2,2,14.392,2,14.392,2,14.7223,2,14.7223
0+840,mixed,severe,2,2,14.2629,2,14.2629,2,14.5921,2,14.5921
0+841,mixed,severe,2,2,14.5342,2,14.5342,2,14.8654,2,14.8654
0+842,mixed,severe,2,2,13.9851,2,13.9851,2,14.3151,2,14.3151
0+843,mixed,severe,2,2,15.7755,2,15.7755,2,16.4173,2,16.4173
0+844,mixed,severe,2,2,13.5512,2,13.5512,2,13.8792,2,13.8792
0+845,mixed,severe,2,2,13.6867,2,13.6867,2,14.0164,2,14.0164
0+846,mixed,severe,2,2,13.9057,2,13.9057,2,14.2372,2,14.2372
0+847,mixed,severe,2,2,15.6181,2,15.6181,2,16.3402,2,16.3402
0+848,mixed,severe,2,2,13.7812,2,13.7812,2,14.1091,2,14.1091
0+849,mixed,severe,2,2,13.6907,2,13.6907,2,14.0191,2,14.0191
0+850,mixed,severe,2,2,15.9315,2,15.9315,2,16.548,2,16.548
0+851,mixed,critical,2,2,5.8542,2,5.8542,2,5.8542,2,5.8542
0+852,mixed,critical,2,2,6.0365,2,6.0365,2,6.0365,2,6.0365
0+853,mixed,critical,2,2,6.0412,2,6.0412,2,6.0412,2,6.0412
0+854,mixed,critical,2,2,6.1096,2,6.1096,2,6.1096,2,6.1096
0+855,mixed,critical,2,2,6.2989,2,6.2989,2,6.2989,2,6.2989
0+856,mixed,critical,2,2,5.8751,2,5.8751,2,5.8751,2,5.8751
0+857,mixed,critical,2,2,6.0012,2,6.0012,2,6.0012,2,6.0012
0+858,mixed,critical,2,2,5.9126,2,5.9126,2,5.9126,2,5.9126
0+859,mixed,critical,2,2,6.0464,2,6.0464,2,6.0464,2,6.0464
0+860,mixed,critical,2,2,6.14,2,6.14,2,6.14,2,6.14
0+861,mixed,critical,2,2,5.9715,2,5.9715,2,5.9715,2,5.9715
0+862,mixed,critical,2,2,6.026,2,6.026,2,6.026,2,6.026
0+863,mixed,critical,2,2,6.1716,2,6.1716,2,6.1716,2,6.1716
0+864,mixed,critical,2,2,6.159,2,6.159,2,6.159,2,6.159
0+865,mixed,critical,2,2,5.8742,2,5.8742,2,5.8742,2,5.8742
0+866,mixed,critical,2,2,6.1419,2,6.1419,2,6.1419,2,6.1419
0+867,mixed,critical,2,2,5.9757,2,5.9757,2,5.9757,2,5.9757
0+868,mixed,critical,2,2,5.8455,2,5.8455,2,5.8455,2,5.8455
0+869,mixed,critical,2,2,6.1694,2,6.1694,2,6.1694,2,6.1694
0+870,mixed,critical,2,2,6.2303,2,6.2303,2,6.2303,2,6.2303
0+871,mixed,critical,2,2,6.0507,2,6.0507,2,6.0507,2,6.0507
0+872,mixed,critical,2,2,6.0436,2,6.0436,2,6.0436,2,6.0436
0+873,mixed,critical,2,2,5.8638,2,5.8638,2,5.8638,2,5.8638
0+874,mixed,critical,2,2,5.9736,2,5.9736,2,5.9736,2,5.9736
0+875,mixed,critical,2,2,5.9515,2,5.9515,2,5.9515,2,5.9515
