t_c,t_b,accuracy,macro_f1,balanced_accuracy,c_recall,c_underestimate,c_to_a,c_to_b,safe_loss,a_overestimate,escalation_rate
0.2,0.2,0.8548571428571429,0.8433599362893611,0.820952380952381,0.8571428571428571,50,50,0,100,16,0.36114285714285715
0.2,0.25,0.8457142857142858,0.8290765825987393,0.8057142857142857,0.8571428571428571,50,50,0,100,16,0.36114285714285715
0.2,0.3,0.8411428571428572,0.8217067066395373,0.7980952380952381,0.8571428571428571,50,50,0,100,16,0.36114285714285715
0.2,0.35,0.84,0.8198392107130807,0.7961904761904762,0.8571428571428571,50,50,0,100,16,0.36114285714285715
0.2,0.4,0.8251428571428572,0.7945814406450838,0.7714285714285715,0.8571428571428571,50,50,0,100,16,0.36114285714285715
0.2,0.45,0.8114285714285714,0.7694664528170839,0.7485714285714286,0.8571428571428571,50,50,0,100,16,0.36114285714285715
0.2,0.5,0.8114285714285714,0.7694664528170839,0.7485714285714286,0.8571428571428571,50,50,0,100,16,0.36114285714285715
0.2,0.55,0.8114285714285714,0.7694664528170839,0.7485714285714286,0.8571428571428571,50,50,0,100,16,0.36114285714285715
0.2,0.6,0.8022857142857143,0.7516213972372866,0.7333333333333334,0.8571428571428571,50,50,0,100,16,0.36114285714285715
0.2,0.65,0.7897142857142857,0.7254392566437248,0.7123809523809523,0.8571428571428571,50,50,0,100,16,0.36114285714285715
0.2,0.7,0.7885714285714286,0.7229559304588613,0.7104761904761904,0.8571428571428571,50,50,0,100,16,0.36114285714285715
0.2,0.75,0.7817142857142857,0.7076645912501559,0.699047619047619,0.8571428571428571,50,50,0,100,16,0.36114285714285715
0.2,0.8,0.7817142857142857,0.7076645912501559,0.699047619047619,0.8571428571428571,50,50,0,100,16,0.36114285714285715
0.2,0.85,0.7817142857142857,0.7076645912501559,0.699047619047619,0.8571428571428571,50,50,0,100,16,0.36114285714285715
0.2,0.9,0.7725714285714286,0.6861568567116061,0.6838095238095239,0.8571428571428571,50,50,0,100,16,0.36114285714285715
0.25,0.2,0.8548571428571429,0.8433599362893611,0.820952380952381,0.8571428571428571,50,50,0,100,16,0.36114285714285715
0.25,0.25,0.8457142857142858,0.8290765825987393,0.8057142857142857,0.8571428571428571,50,50,0,100,16,0.36114285714285715
0.25,0.3,0.8411428571428572,0.8217067066395373,0.7980952380952381,0.8571428571428571,50,50,0,100,16,0.36114285714285715
0.25,0.35,0.84,0.8198392107130807,0.7961904761904762,0.8571428571428571,50,50,0,100,16,0.36114285714285715
0.25,0.4,0.8251428571428572,0.7945814406450838,0.7714285714285715,0.8571428571428571,50,50,0,100,16,0.36114285714285715
0.25,0.45,0.8114285714285714,0.7694664528170839,0.7485714285714286,0.8571428571428571,50,50,0,100,16,0.36114285714285715
0.25,0.5,0.8114285714285714,0.7694664528170839,0.7485714285714286,0.8571428571428571,50,50,0,100,16,0.36114285714285715
0.25,0.55,0.8114285714285714,0.7694664528170839,0.7485714285714286,0.8571428571428571,50,50,0,100,16,0.36114285714285715
0.25,0.6,0.8022857142857143,0.7516213972372866,0.7333333333333334,0.8571428571428571,50,50,0,100,16,0.36114285714285715
0.25,0.65,0.7897142857142857,0.7254392566437248,0.7123809523809523,0.8571428571428571,50,50,0,100,16,0.36114285714285715
0.25,0.7,0.7885714285714286,0.7229559304588613,0.7104761904761904,0.8571428571428571,50,50,0,100,16,0.36114285714285715
0.25,0.75,0.7817142857142857,0.7076645912501559,0.699047619047619,0.8571428571428571,50,50,0,100,16,0.36114285714285715
0.25,0.8,0.7817142857142857,0.7076645912501559,0.699047619047619,0.8571428571428571,50,50,0,100,16,0.36114285714285715
0.25,0.85,0.7817142857142857,0.7076645912501559,0.699047619047619,0.8571428571428571,50,50,0,100,16,0.36114285714285715
0.25,0.9,0.7725714285714286,0.6861568567116061,0.6838095238095239,0.8571428571428571,50,50,0,100,16,0.36114285714285715
0.3,0.2,0.8662857142857143,0.8527399556915899,0.8304761904761905,0.8571428571428571,50,50,0,100,6,0.3497142857142857
0.3,0.25,0.8571428571428571,0.8384436691342002,0.8152380952380952,0.8571428571428571,50,50,0,100,6,0.3497142857142857
0.3,0.3,0.8525714285714285,0.8310671677873914,0.8076190476190477,0.8571428571428571,50,50,0,100,6,0.3497142857142857
0.3,0.35,0.8514285714285714,0.8291979996445016,0.8057142857142857,0.8571428571428571,50,50,0,100,6,0.3497142857142857
0.3,0.4,0.8365714285714285,0.8039179460441569,0.780952380952381,0.8571428571428571,50,50,0,100,6,0.3497142857142857
0.3,0.45,0.8228571428571428,0.7787815648073254,0.7580952380952382,0.8571428571428571,50,50,0,100,6,0.3497142857142857
0.3,0.5,0.8228571428571428,0.7787815648073254,0.7580952380952382,0.8571428571428571,50,50,0,100,6,0.3497142857142857
0.3,0.55,0.8228571428571428,0.7787815648073254,0.7580952380952382,0.8571428571428571,50,50,0,100,6,0.3497142857142857
0.3,0.6,0.8137142857142857,0.7609218542606863,0.7428571428571429,0.8571428571428571,50,50,0,100,6,0.3497142857142857
0.3,0.65,0.8011428571428572,0.7347191027314706,0.7219047619047619,0.8571428571428571,50,50,0,100,6,0.3497142857142857
0.3,0.7,0.8,0.7322338782220646,0.7200000000000001,0.8571428571428571,50,50,0,100,6,0.3497142857142857
0.3,0.75,0.7931428571428571,0.7169310684284441,0.7085714285714286,0.8571428571428571,50,50,0,100,6,0.3497142857142857
0.3,0.8,0.7931428571428571,0.7169310684284441,0.7085714285714286,0.8571428571428571,50,50,0,100,6,0.3497142857142857
0.3,0.85,0.7931428571428571,0.7169310684284441,0.7085714285714286,0.8571428571428571,50,50,0,100,6,0.3497142857142857
0.3,0.9,0.784,0.6954078363014844,0.6933333333333334,0.8571428571428571,50,50,0,100,6,0.3497142857142857
0.35,0.2,0.8731428571428571,0.8583787315328962,0.8361904761904762,0.8571428571428571,50,50,0,100,0,0.34285714285714286
0.35,0.25,0.864,0.8440753921180968,0.820952380952381,0.8571428571428571,50,50,0,100,0,0.34285714285714286
0.35,0.3,0.8594285714285714,0.836695265670881,0.8133333333333334,0.8571428571428571,50,50,0,100,0,0.34285714285714286
0.35,0.35,0.8582857142857143,0.8348251813849111,0.8114285714285714,0.8571428571428571,50,50,0,100,0,0.34285714285714286
0.35,0.4,0.8434285714285714,0.8095328783827904,0.7866666666666666,0.8571428571428571,50,50,0,100,0,0.34285714285714286
0.35,0.45,0.8297142857142857,0.7843846744639333,0.7638095238095238,0.8571428571428571,50,50,0,100,0,0.34285714285714286
0.35,0.5,0.8297142857142857,0.7843846744639333,0.7638095238095238,0.8571428571428571,50,50,0,100,0,0.34285714285714286
0.35,0.55,0.8297142857142857,0.7843846744639333,0.7638095238095238,0.8571428571428571,50,50,0,100,0,0.34285714285714286
0.35,0.6,0.8205714285714286,0.7665168351455572,0.7485714285714286,0.8571428571428571,50,50,0,100,0,0.34285714285714286
0.35,0.65,0.808,0.7403026154416588,0.7276190476190476,0.8571428571428571,50,50,0,100,0,0.34285714285714286
0.35,0.7,0.8068571428571428,0.7378163327530416,0.7257142857142856,0.8571428571428571,50,50,0,100,0,0.34285714285714286
0.35,0.75,0.8,0.7225071225071225,0.7142857142857143,0.8571428571428571,50,50,0,100,0,0.34285714285714286
0.35,0.8,0.8,0.7225071225071225,0.7142857142857143,0.8571428571428571,50,50,0,100,0,0.34285714285714286
0.35,0.85,0.8,0.7225071225071225,0.7142857142857143,0.8571428571428571,50,50,0,100,0,0.34285714285714286
0.35,0.9,0.7908571428571428,0.7009752263834753,0.699047619047619,0.8571428571428571,50,50,0,100,0,0.34285714285714286
0.4,0.2,0.872,0.8574712888809138,0.8352380952380952,0.8542857142857143,51,51,0,102,0,0.3417142857142857
0.4,0.25,0.8628571428571429,0.8431748335490802,0.82,0.8542857142857143,51,51,0,102,0,0.3417142857142857
0.4,0.3,0.8582857142857143,0.8357980741516581,0.8123809523809523,0.8542857142857143,51,51,0,102,0,0.3417142857142857
0.4,0.35,0.8571428571428571,0.8339288239804082,0.8104761904761905,0.8542857142857143,51,51,0,102,0,0.3417142857142857
0.4,0.4,0.8422857142857143,0.808647094033989,0.7857142857142857,0.8542857142857143,51,51,0,102,0,0.3417142857142857
0.4,0.45,0.8285714285714286,0.7835082221643653,0.7628571428571428,0.8542857142857143,51,51,0,102,0,0.3417142857142857
0.4,0.5,0.8285714285714286,0.7835082221643653,0.7628571428571428,0.8542857142857143,51,51,0,102,0,0.3417142857142857
0.4,0.55,0.8285714285714286,0.7835082221643653,0.7628571428571428,0.8542857142857143,51,51,0,102,0,0.3417142857142857
0.4,0.6,0.8194285714285714,0.7656463877430606,0.7476190476190476,0.8542857142857143,51,51,0,102,0,0.3417142857142857
0.4,0.65,0.8068571428571428,0.7394401553879689,0.7266666666666666,0.8542857142857143,51,51,0,102,0,0.3417142857142857
0.4,0.7,0.8057142857142857,0.7369545838277575,0.7247619047619048,0.8542857142857143,51,51,0,102,0,0.3417142857142857
0.4,0.75,0.7988571428571428,0.7216495893068914,0.7133333333333333,0.8542857142857143,51,51,0,102,0,0.3417142857142857
0.4,0.8,0.7988571428571428,0.7216495893068914,0.7133333333333333,0.8542857142857143,51,51,0,102,0,0.3417142857142857
0.4,0.85,0.7988571428571428,0.7216495893068914,0.7133333333333333,0.8542857142857143,51,51,0,102,0,0.3417142857142857
0.4,0.9,0.7897142857142857,0.7001231810996066,0.6980952380952381,0.8542857142857143,51,51,0,102,0,0.3417142857142857
0.45,0.2,0.872,0.8574712888809138,0.8352380952380952,0.8542857142857143,51,51,0,102,0,0.3417142857142857
0.45,0.25,0.8628571428571429,0.8431748335490802,0.82,0.8542857142857143,51,51,0,102,0,0.3417142857142857
0.45,0.3,0.8582857142857143,0.8357980741516581,0.8123809523809523,0.8542857142857143,51,51,0,102,0,0.3417142857142857
0.45,0.35,0.8571428571428571,0.8339288239804082,0.8104761904761905,0.8542857142857143,51,51,0,102,0,0.3417142857142857
0.45,0.4,0.8422857142857143,0.808647094033989,0.7857142857142857,0.8542857142857143,51,51,0,102,0,0.3417142857142857
0.45,0.45,0.8285714285714286,0.7835082221643653,0.7628571428571428,0.8542857142857143,51,51,0,102,0,0.3417142857142857
0.45,0.5,0.8285714285714286,0.7835082221643653,0.7628571428571428,0.8542857142857143,51,51,0,102,0,0.3417142857142857
0.45,0.55,0.8285714285714286,0.7835082221643653,0.7628571428571428,0.8542857142857143,51,51,0,102,0,0.3417142857142857
0.45,0.6,0.8194285714285714,0.7656463877430606,0.7476190476190476,0.8542857142857143,51,51,0,102,0,0.3417142857142857
0.45,0.65,0.8068571428571428,0.7394401553879689,0.7266666666666666,0.8542857142857143,51,51,0,102,0,0.3417142857142857
0.45,0.7,0.8057142857142857,0.7369545838277575,0.7247619047619048,0.8542857142857143,51,51,0,102,0,0.3417142857142857
0.45,0.75,0.7988571428571428,0.7216495893068914,0.7133333333333333,0.8542857142857143,51,51,0,102,0,0.3417142857142857
0.45,0.8,0.7988571428571428,0.7216495893068914,0.7133333333333333,0.8542857142857143,51,51,0,102,0,0.3417142857142857
0.45,0.85,0.7988571428571428,0.7216495893068914,0.7133333333333333,0.8542857142857143,51,51,0,102,0,0.3417142857142857
0.45,0.9,0.7897142857142857,0.7001231810996066,0.6980952380952381,0.8542857142857143,51,51,0,102,0,0.3417142857142857
0.5,0.2,0.872,0.8574712888809138,0.8352380952380952,0.8542857142857143,51,51,0,102,0,0.3417142857142857
0.5,0.25,0.8628571428571429,0.8431748335490802,0.82,0.8542857142857143,51,51,0,102,0,0.3417142857142857
0.5,0.3,0.8582857142857143,0.8357980741516581,0.8123809523809523,0.8542857142857143,51,51,0,102,0,0.3417142857142857
0.5,0.35,0.8571428571428571,0.8339288239804082,0.8104761904761905,0.8542857142857143,51,51,0,102,0,0.3417142857142857
0.5,0.4,0.8422857142857143,0.808647094033989,0.7857142857142857,0.8542857142857143,51,51,0,102,0,0.3417142857142857
0.5,0.45,0.8285714285714286,0.7835082221643653,0.7628571428571428,0.8542857142857143,51,51,0,102,0,0.3417142857142857
0.5,0.5,0.8285714285714286,0.7835082221643653,0.7628571428571428,0.8542857142857143,51,51,0,102,0,0.3417142857142857
0.5,0.55,0.8285714285714286,0.7835082221643653,0.7628571428571428,0.8542857142857143,51,51,0,102,0,0.3417142857142857
0.5,0.6,0.8194285714285714,0.7656463877430606,0.7476190476190476,0.8542857142857143,51,51,0,102,0,0.3417142857142857
0.5,0.65,0.8068571428571428,0.7394401553879689,0.7266666666666666,0.8542857142857143,51,51,0,102,0,0.3417142857142857
0.5,0.7,0.8057142857142857,0.7369545838277575,0.7247619047619048,0.8542857142857143,51,51,0,102,0,0.3417142857142857
0.5,0.75,0.7988571428571428,0.7216495893068914,0.7133333333333333,0.8542857142857143,51,51,0,102,0,0.3417142857142857
0.5,0.8,0.7988571428571428,0.7216495893068914,0.7133333333333333,0.8542857142857143,51,51,0,102,0,0.3417142857142857
0.5,0.85,0.7988571428571428,0.7216495893068914,0.7133333333333333,0.8542857142857143,51,51,0,102,0,0.3417142857142857
0.5,0.9,0.7897142857142857,0.7001231810996066,0.6980952380952381,0.8542857142857143,51,51,0,102,0,0.3417142857142857
0.55,0.2,0.8582857142857143,0.8465135999486119,0.8238095238095239,0.82,63,63,0,126,0,0.328
0.55,0.25,0.8491428571428571,0.8322978178405225,0.8085714285714286,0.82,63,63,0,126,0,0.328
0.55,0.3,0.8445714285714285,0.8249605230414655,0.8009523809523809,0.82,63,63,0,126,0,0.328
0.55,0.35,0.8434285714285714,0.8231010500762722,0.7990476190476191,0.82,63,63,0,126,0,0.328
0.55,0.4,0.8285714285714286,0.7979432779253849,0.7742857142857144,0.82,63,63,0,126,0,0.328
0.55,0.45,0.8148571428571428,0.7729138518463815,0.7514285714285713,0.82,63,63,0,126,0,0.328
0.55,0.5,0.8148571428571428,0.7729138518463815,0.7514285714285713,0.82,63,63,0,126,0,0.328
0.55,0.55,0.8148571428571428,0.7729138518463815,0.7514285714285713,0.82,63,63,0,126,0,0.328
0.55,0.6,0.8057142857142857,0.7551224613804436,0.7361904761904762,0.82,63,63,0,126,0,0.328
0.55,0.65,0.7931428571428571,0.7290099524335698,0.7152380952380951,0.82,63,63,0,126,0,0.328
0.55,0.7,0.792,0.7265327265327266,0.7133333333333334,0.82,63,63,0,126,0,0.328
0.55,0.75,0.7851428571428571,0.7112772112772112,0.7019047619047618,0.82,63,63,0,126,0,0.328
0.55,0.8,0.7851428571428571,0.7112772112772112,0.7019047619047618,0.82,63,63,0,126,0,0.328
0.55,0.85,0.7851428571428571,0.7112772112772112,0.7019047619047618,0.82,63,63,0,126,0,0.328
0.55,0.9,0.776,0.6898152250974832,0.6866666666666666,0.82,63,63,0,126,0,0.328
0.6,0.2,0.8468571428571429,0.8372761468644989,0.8142857142857144,0.7914285714285715,73,73,0,146,0,0.31657142857142856
0.6,0.25,0.8377142857142857,0.8231249618665039,0.7990476190476191,0.7914285714285715,73,73,0,146,0,0.31657142857142856
0.6,0.3,0.8331428571428572,0.8158192764982033,0.7914285714285714,0.7914285714285715,73,73,0,146,0,0.31657142857142856
0.6,0.35,0.832,0.8139676355819482,0.7895238095238096,0.7914285714285715,73,73,0,146,0,0.31657142857142856
0.6,0.4,0.8171428571428572,0.7889091923559116,0.7647619047619049,0.7914285714285715,73,73,0,146,0,0.31657142857142856
0.6,0.45,0.8034285714285714,0.7639675168680347,0.7419047619047618,0.7914285714285715,73,73,0,146,0,0.31657142857142856
0.6,0.5,0.8034285714285714,0.7639675168680347,0.7419047619047618,0.7914285714285715,73,73,0,146,0,0.31657142857142856
0.6,0.55,0.8034285714285714,0.7639675168680347,0.7419047619047618,0.7914285714285715,73,73,0,146,0,0.31657142857142856
0.6,0.6,0.7942857142857143,0.7462326317102147,0.7266666666666667,0.7914285714285715,73,73,0,146,0,0.31657142857142856
0.6,0.65,0.7817142857142857,0.7201953323651247,0.7057142857142856,0.7914285714285715,73,73,0,146,0,0.31657142857142856
0.6,0.7,0.7805714285714286,0.7177248052867595,0.7038095238095239,0.7914285714285715,73,73,0,146,0,0.31657142857142856
0.6,0.75,0.7737142857142857,0.7025090114997513,0.6923809523809523,0.7914285714285715,73,73,0,146,0,0.31657142857142856
0.6,0.8,0.7737142857142857,0.7025090114997513,0.6923809523809523,0.7914285714285715,73,73,0,146,0,0.31657142857142856
0.6,0.85,0.7737142857142857,0.7025090114997513,0.6923809523809523,0.7914285714285715,73,73,0,146,0,0.31657142857142856
0.6,0.9,0.7645714285714286,0.6810987578479906,0.6771428571428572,0.7914285714285715,73,73,0,146,0,0.31657142857142856
0.65,0.2,0.8331428571428572,0.8260463737916725,0.8028571428571428,0.7571428571428571,85,85,0,170,0,0.3028571428571429
0.65,0.25,0.824,0.8119697158700774,0.7876190476190477,0.7571428571428571,85,85,0,170,0,0.3028571428571429
0.65,0.3,0.8194285714285714,0.8047005091999369,0.7799999999999999,0.7571428571428571,85,85,0,170,0,0.3028571428571429
0.65,0.35,0.8182857142857143,0.8028579078623707,0.7780952380952382,0.7571428571428571,85,85,0,170,0,0.3028571428571429
0.65,0.4,0.8034285714285714,0.7779141441255694,0.7533333333333333,0.7571428571428571,85,85,0,170,0,0.3028571428571429
0.65,0.45,0.7897142857142857,0.7530738369163722,0.7304761904761904,0.7571428571428571,85,85,0,170,0,0.3028571428571429
0.65,0.5,0.7897142857142857,0.7530738369163722,0.7304761904761904,0.7571428571428571,85,85,0,170,0,0.3028571428571429
0.65,0.55,0.7897142857142857,0.7530738369163722,0.7304761904761904,0.7571428571428571,85,85,0,170,0,0.3028571428571429
0.65,0.6,0.7805714285714286,0.7354042543359608,0.7152380952380953,0.7571428571428571,85,85,0,170,0,0.3028571428571429
0.65,0.65,0.768,0.7094539088935395,0.6942857142857143,0.7571428571428571,85,85,0,170,0,0.3028571428571429
0.65,0.7,0.7668571428571429,0.7069911286401682,0.6923809523809524,0.7571428571428571,85,85,0,170,0,0.3028571428571429
0.65,0.75,0.76,0.6918212771871309,0.6809523809523809,0.7571428571428571,85,85,0,170,0,0.3028571428571429
0.65,0.8,0.76,0.6918212771871309,0.6809523809523809,0.7571428571428571,85,85,0,170,0,0.3028571428571429
0.65,0.85,0.76,0.6918212771871309,0.6809523809523809,0.7571428571428571,85,85,0,170,0,0.3028571428571429
0.65,0.9,0.7508571428571429,0.6704708750650652,0.6657142857142857,0.7571428571428571,85,85,0,170,0,0.3028571428571429
0.7,0.2,0.8091428571428572,0.8059526444762892,0.7828571428571429,0.6971428571428572,106,106,0,212,0,0.27885714285714286
0.7,0.25,0.8,0.7919990733751113,0.7676190476190476,0.6971428571428572,106,106,0,212,0,0.27885714285714286
0.7,0.3,0.7954285714285714,0.7847901382809365,0.7599999999999999,0.6971428571428572,106,106,0,212,0,0.27885714285714286
0.7,0.35,0.7942857142857143,0.7829624749914604,0.7580952380952382,0.6971428571428572,106,106,0,212,0,0.27885714285714286
0.7,0.4,0.7794285714285715,0.7582083075095195,0.7333333333333334,0.6971428571428572,106,106,0,212,0,0.27885714285714286
0.7,0.45,0.7657142857142857,0.7335357245917583,0.7104761904761904,0.6971428571428572,106,106,0,212,0,0.27885714285714286
0.7,0.5,0.7657142857142857,0.7335357245917583,0.7104761904761904,0.6971428571428572,106,106,0,212,0,0.27885714285714286
0.7,0.55,0.7657142857142857,0.7335357245917583,0.7104761904761904,0.6971428571428572,106,106,0,212,0,0.27885714285714286
0.7,0.6,0.7565714285714286,0.7159742599278521,0.6952380952380953,0.6971428571428572,106,106,0,212,0,0.27885714285714286
0.7,0.65,0.744,0.690167963156469,0.6742857142857143,0.6971428571428572,106,106,0,212,0,0.27885714285714286
0.7,0.7,0.7428571428571429,0.6877180210513544,0.6723809523809524,0.6971428571428572,106,106,0,212,0,0.27885714285714286
0.7,0.75,0.736,0.6726243217471288,0.6609523809523808,0.6971428571428572,106,106,0,212,0,0.27885714285714286
0.7,0.8,0.736,0.6726243217471288,0.6609523809523808,0.6971428571428572,106,106,0,212,0,0.27885714285714286
0.7,0.85,0.736,0.6726243217471288,0.6609523809523808,0.6971428571428572,106,106,0,212,0,0.27885714285714286
0.7,0.9,0.7268571428571429,0.6513731680518585,0.6457142857142858,0.6971428571428572,106,106,0,212,0,0.27885714285714286
0.75,0.2,0.776,0.7770797608475979,0.7552380952380954,0.6142857142857143,135,135,0,270,0,0.24571428571428572
0.75,0.25,0.7668571428571429,0.7632822095550026,0.7400000000000001,0.6142857142857143,135,135,0,270,0,0.24571428571428572
0.75,0.3,0.7622857142857142,0.7561497169658765,0.7323809523809524,0.6142857142857143,135,135,0,270,0,0.24571428571428572
0.75,0.35,0.7611428571428571,0.7543410041914799,0.7304761904761904,0.6142857142857143,135,135,0,270,0,0.24571428571428572
0.75,0.4,0.7462857142857143,0.7298275189174319,0.7057142857142858,0.6142857142857143,135,135,0,270,0,0.24571428571428572
0.75,0.45,0.7325714285714285,0.7053681014133004,0.6828571428571428,0.6142857142857143,135,135,0,270,0,0.24571428571428572
0.75,0.5,0.7325714285714285,0.7053681014133004,0.6828571428571428,0.6142857142857143,135,135,0,270,0,0.24571428571428572
0.75,0.55,0.7325714285714285,0.7053681014133004,0.6828571428571428,0.6142857142857143,135,135,0,270,0,0.24571428571428572
0.75,0.6,0.7234285714285714,0.6879441721604781,0.6676190476190476,0.6142857142857143,135,135,0,270,0,0.24571428571428572
0.75,0.65,0.7108571428571429,0.6623212725277547,0.6466666666666666,0.6142857142857143,135,135,0,270,0,0.24571428571428572
0.75,0.7,0.7097142857142857,0.6598876840987378,0.6447619047619048,0.6142857142857143,135,135,0,270,0,0.24571428571428572
0.75,0.75,0.7028571428571428,0.644891019337922,0.6333333333333333,0.6142857142857143,135,135,0,270,0,0.24571428571428572
0.75,0.8,0.7028571428571428,0.644891019337922,0.6333333333333333,0.6142857142857143,135,135,0,270,0,0.24571428571428572
0.75,0.85,0.7028571428571428,0.644891019337922,0.6333333333333333,0.6142857142857143,135,135,0,270,0,0.24571428571428572
0.75,0.9,0.6937142857142857,0.6237664056546574,0.6180952380952381,0.6142857142857143,135,135,0,270,0,0.24571428571428572
0.8,0.2,0.7668571428571429,0.7688437077714365,0.7476190476190476,0.5914285714285714,143,143,0,286,0,0.23657142857142857
0.8,0.25,0.7577142857142857,0.7550865875713217,0.7323809523809525,0.5914285714285714,143,143,0,286,0,0.23657142857142857
0.8,0.3,0.7531428571428571,0.7479739126963793,0.7247619047619048,0.5914285714285714,143,143,0,286,0,0.23657142857142857
0.8,0.35,0.752,0.7461701136950998,0.7228571428571429,0.5914285714285714,143,143,0,286,0,0.23657142857142857
0.8,0.4,0.7371428571428571,0.7217190658146295,0.6980952380952381,0.5914285714285714,143,143,0,286,0,0.23657142857142857
0.8,0.45,0.7234285714285714,0.697314993805711,0.6752380952380953,0.5914285714285714,143,143,0,286,0,0.23657142857142857
0.8,0.5,0.7234285714285714,0.697314993805711,0.6752380952380953,0.5914285714285714,143,143,0,286,0,0.23657142857142857
0.8,0.55,0.7234285714285714,0.697314993805711,0.6752380952380953,0.5914285714285714,143,143,0,286,0,0.23657142857142857
0.8,0.6,0.7142857142857143,0.6799267972148307,0.66,0.5914285714285714,143,143,0,286,0,0.23657142857142857
0.8,0.65,0.7017142857142857,0.654351574420626,0.639047619047619,0.5914285714285714,143,143,0,286,0,0.23657142857142857
0.8,0.7,0.7005714285714286,0.6519222389958476,0.6371428571428571,0.5914285714285714,143,143,0,286,0,0.23657142857142857
0.8,0.75,0.6937142857142857,0.6369508149335145,0.6257142857142857,0.5914285714285714,143,143,0,286,0,0.23657142857142857
0.8,0.8,0.6937142857142857,0.6369508149335145,0.6257142857142857,0.5914285714285714,143,143,0,286,0,0.23657142857142857
0.8,0.85,0.6937142857142857,0.6369508149335145,0.6257142857142857,0.5914285714285714,143,143,0,286,0,0.23657142857142857
0.8,0.9,0.6845714285714286,0.6158591311453258,0.6104761904761905,0.5914285714285714,143,143,0,286,0,0.23657142857142857
0.85,0.2,0.7588571428571429,0.761528817165613,0.7409523809523809,0.5714285714285714,150,150,0,300,0,0.22857142857142856
0.85,0.25,0.7497142857142857,0.7478062077096306,0.7257142857142856,0.5714285714285714,150,150,0,300,0,0.22857142857142856
0.85,0.3,0.7451428571428571,0.7407104513933213,0.718095238095238,0.5714285714285714,150,150,0,300,0,0.22857142857142856
0.85,0.35,0.744,0.7389108476064997,0.7161904761904762,0.5714285714285714,150,150,0,300,0,0.22857142857142856
0.85,0.4,0.7291428571428571,0.7145131165242272,0.6914285714285714,0.5714285714285714,150,150,0,300,0,0.22857142857142856
0.85,0.45,0.7154285714285714,0.6901563207844932,0.6685714285714285,0.5714285714285714,150,150,0,300,0,0.22857142857142856
0.85,0.5,0.7154285714285714,0.6901563207844932,0.6685714285714285,0.5714285714285714,150,150,0,300,0,0.22857142857142856
0.85,0.55,0.7154285714285714,0.6901563207844932,0.6685714285714285,0.5714285714285714,150,150,0,300,0,0.22857142857142856
0.85,0.6,0.7062857142857143,0.6727986549187062,0.6533333333333333,0.5714285714285714,150,150,0,300,0,0.22857142857142856
0.85,0.65,0.6937142857142857,0.6472641778284413,0.6323809523809524,0.5714285714285714,150,150,0,300,0,0.22857142857142856
0.85,0.7,0.6925714285714286,0.6448384776558151,0.6304761904761905,0.5714285714285714,150,150,0,300,0,0.22857142857142856
0.85,0.75,0.6857142857142857,0.6298886298886299,0.619047619047619,0.5714285714285714,150,150,0,300,0,0.22857142857142856
0.85,0.8,0.6857142857142857,0.6298886298886299,0.619047619047619,0.5714285714285714,150,150,0,300,0,0.22857142857142856
0.85,0.85,0.6857142857142857,0.6298886298886299,0.619047619047619,0.5714285714285714,150,150,0,300,0,0.22857142857142856
0.85,0.9,0.6765714285714286,0.6088251000140213,0.6038095238095238,0.5714285714285714,150,150,0,300,0,0.22857142857142856
0.9,0.2,0.7177142857142857,0.7220786592389664,0.7066666666666667,0.4685714285714286,186,186,0,372,0,0.18742857142857142
0.9,0.25,0.7085714285714285,0.7085216624966914,0.6914285714285714,0.4685714285714286,186,186,0,372,0,0.18742857142857142
0.9,0.3,0.704,0.7015071322939767,0.6838095238095238,0.4685714285714286,186,186,0,372,0,0.18742857142857142
0.9,0.35,0.7028571428571428,0.6997276734525085,0.6819047619047619,0.4685714285714286,186,186,0,372,0,0.18742857142857142
0.9,0.4,0.688,0.6755860923546821,0.6571428571428571,0.4685714285714286,186,186,0,372,0,0.18742857142857142
0.9,0.45,0.6742857142857143,0.6514566278133432,0.6342857142857142,0.4685714285714286,186,186,0,372,0,0.18742857142857142
0.9,0.5,0.6742857142857143,0.6514566278133432,0.6342857142857142,0.4685714285714286,186,186,0,372,0,0.18742857142857142
0.9,0.55,0.6742857142857143,0.6514566278133432,0.6342857142857142,0.4685714285714286,186,186,0,372,0,0.18742857142857142
0.9,0.6,0.6651428571428571,0.634245873135132,0.6190476190476191,0.4685714285714286,186,186,0,372,0,0.18742857142857142
0.9,0.65,0.6525714285714286,0.6089075871477193,0.5980952380952381,0.4685714285714286,186,186,0,372,0,0.18742857142857142
0.9,0.7,0.6514285714285715,0.6064993978345509,0.5961904761904763,0.4685714285714286,186,186,0,372,0,0.18742857142857142
0.9,0.75,0.6445714285714286,0.5916535062004932,0.5847619047619047,0.4685714285714286,186,186,0,372,0,0.18742857142857142
0.9,0.8,0.6445714285714286,0.5916535062004932,0.5847619047619047,0.4685714285714286,186,186,0,372,0,0.18742857142857142
0.9,0.85,0.6445714285714286,0.5916535062004932,0.5847619047619047,0.4685714285714286,186,186,0,372,0,0.18742857142857142
0.9,0.9,0.6354285714285715,0.5707256860457138,0.5695238095238095,0.4685714285714286,186,186,0,372,0,0.18742857142857142