code,name,漫顶失效,渗流破坏,边坡失稳,冲刷破坏,穿堤建筑物失效,barrier_role,basis
A1,堤身断面尺寸达标率,2,0,2,0,0,,堤顶宽度、坡比等断面条件影响堤防挡洪能力和边坡稳定。
A2,填土质量,0,2,2,0,0,,填筑压实度、均匀性和土体质量影响渗流通道形成及土坡抗剪稳定。
A3,穿堤建筑物完好性,0,0,0,0,3,,穿堤建筑物完好性直接反映穿堤结构局部薄弱程度。
A4,护坡完好率,0,0,0,2,0,,护坡破损会降低坡面抗冲刷能力。
A5,软基段沉降,0,1,2,0,0,,软基沉降和差异沉降会引起堤身变形、裂缝和稳定性降低。
A6,内部隐患,0,2,1,0,0,,白蚁、洞穴、裂缝等内部隐患易形成渗流通道，并削弱局部稳定。
A7,堤基不良地质处理,0,2,2,0,0,,不良地质处理效果影响堤基渗透稳定和整体抗滑稳定。
A8,结合部填筑止水质量,0,2,0,0,2,,结合部密实和止水质量影响接触渗漏及穿堤建筑物周边渗流。
A9,跨堤交叉工程质量,0,1,0,0,2,,跨堤交叉工程可能形成局部扰动、接触薄弱面和结构风险。
B1,堤顶高程,3,0,0,0,0,,堤顶高程与设计洪水位及超高直接决定漫顶风险。
B2,防洪标准符合性,2,0,0,0,0,,防洪标准反映工程防洪能力与设防要求的匹配程度。
B3,风浪爬高与越浪量复核,3,0,0,1,0,,越浪量直接对应漫顶或越浪风险，同时可能加剧坡面冲刷。
B4,穿堤建筑物防洪标准,2,0,0,0,2,,穿堤建筑物挡洪高程和防洪标准影响局部防洪安全及建筑物失效风险。
C1,堤基比降,0,3,0,0,0,,堤基水力梯度是渗透破坏和管涌判别的直接控制量。
C2,排水设施有效性,0,2,1,0,0,,排水设施影响渗压消散和背水坡稳定。
C3,管涌隐患,0,2,0,0,0,,管涌历史或隐患反映堤基渗透破坏易发性。
C4,堤身渗流稳定系数,0,3,1,0,0,,堤身浸润线、出逸坡降和孔压影响渗流稳定，也会影响边坡稳定。
C5,堤基接触冲刷安全系数,0,3,0,1,0,,接触面渗流和冲刷是渗透破坏的重要形式，并可能诱发局部冲刷。
C6,穿堤建筑物渗流稳定,0,2,0,0,3,,穿堤建筑物周边渗流、带砂和接触渗漏直接控制建筑物局部失效。
D1,背水坡抗滑稳定系数,0,0,3,0,0,,背水坡抗滑安全系数是边坡失稳的直接控制指标。
D2,临水坡抗滑稳定系数,0,0,3,0,0,,水位骤降或临水侧工况下抗滑安全系数直接控制临水坡失稳风险。
D3,堤岸冲刷稳定性,0,0,0,3,0,,冲刷深度和防护基础埋深直接控制冲刷破坏。
D4,穿堤结构安全系数,0,0,0,0,3,,抗滑、抗倾和承载能力直接控制穿堤结构安全。
D5,堤身不均匀沉降与裂缝,0,1,2,0,1,,差异沉降和裂缝会削弱堤身整体性，诱发渗流、稳定和结构风险。
E1,监测设施完备性,0,0,0,0,0,2,运行管理指标不直接定义物理失效模式，作为安全屏障能力参与风险修正。
E2,管理制度健全性,0,0,0,0,0,2,管理制度影响隐患识别、巡查和处置能力，作为安全屏障能力参与风险修正。
E3,维护记录完整性,0,0,0,0,0,1,维护记录反映运行维护闭环程度，作为安全屏障能力参与风险修正。
E4,应急预案与物资储备,0,0,0,0,0,3,应急预案与物资储备影响险情扩展控制能力，作为安全屏障能力参与风险修正。
E5,隐患巡查与处置率,0,0,0,0,0,3,巡查与处置率反映隐患闭环治理能力，作为安全屏障能力参与风险修正。
