relative_path,bytes,sha256,role
巡检识别\巡检识别资料汇总说明.docx,7019175,2f781896f7fd25c1405eba532b135353d69b3c0835041be53c424d5765854485,package_description
巡检识别\第一批优先资料\01_原始图像及视频\01_匿名堤防红外巡检图像\DJI_20250828094102_0001_T.JPG,1245473,54690626e8833f838f84e3a7c4c8b9bfaf7600de4126697f686a2402c4ea5e83,image
巡检识别\第一批优先资料\01_原始图像及视频\01_匿名堤防红外巡检图像\DJI_20250828094140_0002_T.JPG,1319303,2260fb8d1fa6a2baab4cb6d118b01b28daa9346785db42a63277e87a4d82acd7,image
巡检识别\第一批优先资料\01_原始图像及视频\01_匿名堤防红外巡检图像\DJI_20250828094205_0003_T.JPG,1332883,33614f484cc1d8b237dfb5be12525fe021f2302b66496c47b0bd7b68d5062b4f,image
巡检识别\第一批优先资料\01_原始图像及视频\01_匿名堤防红外巡检图像\DJI_20250828094211_0004_T.JPG,1300972,119dcde1e22c9e5d271fa075b2f2f97303f8a6baef261f7107a63dab91cd9e7f,image
巡检识别\第一批优先资料\01_原始图像及视频\01_匿名堤防红外巡检图像\DJI_20250828094214_0005_T.JPG,1307477,6c3f6e377c8897e4b66be9263ff0aa535b320b55baa8235ca28aaf9cf6b9e7fa,image
巡检识别\第一批优先资料\01_原始图像及视频\01_匿名堤防红外巡检图像\DJI_20250828094219_0006_T.JPG,1324728,d2bb91e855de3ba48273540f574b2a9d88befc2de9fd7f50c3b046fd975c76e8,image
巡检识别\第一批优先资料\01_原始图像及视频\01_匿名堤防红外巡检图像\DJI_20250828094335_0007_T.JPG,1302252,afce50077dae9e06fba42f29998702d4070b3f47fb041f09c911c598c667a610,image
巡检识别\第一批优先资料\01_原始图像及视频\01_匿名堤防红外巡检图像\DJI_20250828094339_0008_T.JPG,1301165,e7799ca4cc47c5fe48201401e52bd88a78bfd6bb71735e44e7179735a7e1b431,image
巡检识别\第一批优先资料\01_原始图像及视频\01_匿名堤防红外巡检图像\DJI_20250828094527_0009_T.JPG,1272638,57f0a97b885470ea2fb89330082cfddcadfdfcd8e06fd105b36a13a8fd119bdb,image
巡检识别\第一批优先资料\01_原始图像及视频\01_匿名堤防红外巡检图像\DJI_20250828094535_0010_T.JPG,1223335,0bf4fb2708eee42c99dc63eb70865b8fc9b938a307a1d52694b30e8d24ace08d,image
巡检识别\第一批优先资料\01_原始图像及视频\01_匿名堤防红外巡检图像\DJI_20250828094537_0011_T.JPG,1210391,ef555c257d31095291dedb8718b8505f784c384ac8ca5eb30d558e7ae02aadfe,image
巡检识别\第一批优先资料\01_原始图像及视频\01_匿名堤防红外巡检图像\DJI_20250828094539_0012_T.JPG,1213876,240191ada394160efed2858fd405038696b4e3a3a26f27b214b2343c1c26045b,image
巡检识别\第一批优先资料\01_原始图像及视频\01_匿名堤防红外巡检图像\DJI_20250828094541_0013_T.JPG,1223620,231414bd9758e092632b1d99708e05e106e827ab52cc2429178c1cbd48d148fe,image
巡检识别\第一批优先资料\01_原始图像及视频\01_匿名堤防红外巡检图像\DJI_20250828094543_0014_T.JPG,1243167,a6c82b1a4f670f0e190534fa9e215a5b83bb2f628cf7875d37c17360a745ba2c,image
巡检识别\第一批优先资料\01_原始图像及视频\01_匿名堤防红外巡检图像\DJI_20250828094547_0015_T.JPG,1259632,e7d5ffe81fccc95f91ac2ad3750f937352d564e7e741eeca249e9c36b8880bf0,image
巡检识别\第一批优先资料\01_原始图像及视频\01_匿名堤防红外巡检图像\DJI_20250828094550_0016_T.JPG,1270976,234707695205da8d5342c46a5c51af96fddbe86a6f21224134468c50488daf36,image
巡检识别\第一批优先资料\01_原始图像及视频\01_匿名堤防红外巡检图像\DJI_20250828094554_0017_T.JPG,1263786,f5807e1678289a28881193b68a23e843cbf38a1d0c0687d94b8ea796e2295e5e,image
巡检识别\第一批优先资料\01_原始图像及视频\01_匿名堤防红外巡检图像\DJI_20250828094556_0018_T.JPG,1258445,70430d43e02dcc4259d346d531304b998b927e870de3776c7d4492ff62988c5e,image
巡检识别\第一批优先资料\01_原始图像及视频\01_匿名堤防红外巡检图像\DJI_20250828094558_0019_T.JPG,1267821,1d9452dae64bfa252581d3da79a63f98cd8ed31529d9268f882b86939fadde28,image
巡检识别\第一批优先资料\01_原始图像及视频\01_匿名堤防红外巡检图像\DJI_20250828094600_0020_T.JPG,1257743,119a5748e3f05d283e1d63f4eea3654edd7b7e5e58319f683ffd0c023a3a5843,image
巡检识别\第一批优先资料\01_原始图像及视频\01_匿名堤防红外巡检图像\DJI_20250828094602_0021_T.JPG,1266293,a9a635ac1b7acafb30c47b8a797ad7fa56e4a720b58cb2962de71fd8dcb03382,image
巡检识别\第一批优先资料\01_原始图像及视频\01_匿名堤防红外巡检图像\DJI_20250828094605_0022_T.JPG,1263738,9f18fe38a3b2d4d88b1e0ba9008cd38d0d4b2de5da3d9b27332781b1b08801f1,image
巡检识别\第一批优先资料\01_原始图像及视频\01_匿名堤防红外巡检图像\DJI_20250828094607_0023_T.JPG,1266241,2c286a54ea5fe901d43d1fe37b3a2e9d7e3680a794ac8033dc0e9ab1ae67d343,image
巡检识别\第一批优先资料\01_原始图像及视频\01_匿名堤防红外巡检图像\DJI_20250828094610_0024_T.JPG,1251535,e283cfb9e266f7f6b560c678fecc8365e7b8ad2cc3a8540d2e096e5dc47f5e88,image
巡检识别\第一批优先资料\01_原始图像及视频\01_匿名堤防红外巡检图像\DJI_20250828094849_0025_T.JPG,1269221,3307cbf8dfbaedb9dea42a20f0df4af2a38a8f0e4b36dec4061084cc614dce8b,image
巡检识别\第一批优先资料\01_原始图像及视频\01_匿名堤防红外巡检图像\DJI_20250828094851_0026_T.JPG,1262146,2848a3ba8e6008a11dd598a8375275d283630d5579fc2dc11c0cb7a8ec228307,image
巡检识别\第一批优先资料\01_原始图像及视频\01_匿名堤防红外巡检图像\DJI_20250828094854_0027_T.JPG,1245114,9285c28fb5898b709cd7ddac6e342fb09af7a626349da5601063444ed2c36930,image
巡检识别\第一批优先资料\01_原始图像及视频\01_匿名堤防红外巡检图像\DJI_20250828094859_0028_T.JPG,1245276,3c40f719e698e23a677dc512d6e325b3ca2b6acd5a9587a3b8fc6dc002983260,image
巡检识别\第一批优先资料\01_原始图像及视频\01_匿名堤防红外巡检图像\DJI_20250828094903_0029_T.JPG,1247029,72c7a0ca4e39d9df998ebe8e6b9cba3fe6a0928b40febcb84afb674d787c4342,image
巡检识别\第一批优先资料\01_原始图像及视频\01_匿名堤防红外巡检图像\DJI_20250828094905_0030_T.JPG,1247752,864181711f0ffd42eb3aef5f004d07413a6aebf5a0c97bc5f0f06dc8bf590ca8,image
巡检识别\第一批优先资料\01_原始图像及视频\01_匿名堤防红外巡检图像\DJI_20250828094908_0031_T.JPG,1244029,65487d76bccd6578e27a7bd2f2b488faaaf3a0b4e15e00008f43ab1cfd617126,image
巡检识别\第一批优先资料\01_原始图像及视频\01_匿名堤防红外巡检图像\DJI_20250828094912_0032_T.JPG,1247303,affa857804f553949e4d2c3cc41cbdeeee1bf5bcca03841f04dbe47c7d06ff17,image
巡检识别\第一批优先资料\01_原始图像及视频\01_匿名堤防红外巡检图像\DJI_20250828094919_0033_T.JPG,1228692,09d262b69da83a736c0b6300e18ad2e868eab72c15d6c15350683347f1d7738c,image
巡检识别\第一批优先资料\01_原始图像及视频\01_匿名堤防红外巡检图像\DJI_20250828094921_0034_T.JPG,1205456,10d9a74721aa251d62d1e629cd123758ce1abe7d7cf27eef3d2394aef21cfd90,image
巡检识别\第一批优先资料\01_原始图像及视频\01_匿名堤防红外巡检图像\DJI_20250828094924_0035_T.JPG,1207218,8a355094fef5057e16b592a7a7f8b0b3d875c248ca8c35ac30f5838b9323b0a3,image
巡检识别\第一批优先资料\01_原始图像及视频\01_匿名堤防红外巡检图像\DJI_20250828094926_0036_T.JPG,1213978,7b13430f057bcb3bdc10b2978cbe8e550695466e349927cf11f51479be546bd5,image
巡检识别\第一批优先资料\01_原始图像及视频\01_匿名堤防红外巡检图像\DJI_20250828094930_0037_T.JPG,1210703,e78080877c02013a428bc85d19f65b381cf2797838a4fe9c24350041ee79ae19,image
巡检识别\第一批优先资料\01_原始图像及视频\01_匿名堤防红外巡检图像\DJI_20250828094933_0038_T.JPG,1187615,0f9fd2e9b4d2e987027cf8c5d0cef21dbfe7defecfd26450c2a27ee86ff26829,image
巡检识别\第一批优先资料\01_原始图像及视频\01_匿名堤防红外巡检图像\DJI_20250828094935_0039_T.JPG,1166341,2ef5d45e0831799d915f023fd469a463932e866f4f5c29152f820713d35a95eb,image
巡检识别\第一批优先资料\01_原始图像及视频\01_匿名堤防红外巡检图像\DJI_20250828094937_0040_T.JPG,1162871,88383cc9ca646e96ac8379dab09fbf370cb1de8fbf8706a16286cd401cd825c3,image
巡检识别\第一批优先资料\01_原始图像及视频\01_匿名堤防红外巡检图像\DJI_20250828094939_0041_T.JPG,1163600,85e505113fe0f3a934f2d1b12a4994260dbe28b07de465542865779821546d2c,image
巡检识别\第一批优先资料\01_原始图像及视频\01_匿名堤防红外巡检图像\DJI_20250828094941_0042_T.JPG,1152280,990ab6d345305d5e35d079cdfef9573e20d61a62435c5ed7bd2ca38043a3d9a9,image
巡检识别\第一批优先资料\01_原始图像及视频\01_匿名堤防红外巡检图像\DJI_20250828094943_0043_T.JPG,1143722,92113f50abb7d2423bedbf19b5a4977247012e3bd5df9abdda6c9d8902919e55,image
巡检识别\第一批优先资料\01_原始图像及视频\01_匿名堤防红外巡检图像\DJI_20250828095100_0044_T.JPG,1150628,3388c425355bf0b2f2e77a0a9a275e2abbd7ae8ffe0b2b711edc99fe4ac7d8b4,image
巡检识别\第一批优先资料\01_原始图像及视频\01_匿名堤防红外巡检图像\DJI_20250828095136_0045_T.JPG,1217309,54e1ddc90cf19f148f4bd1321c9bac7dc232b20acbff9930f563a097bd650e63,image
巡检识别\第一批优先资料\01_原始图像及视频\01_匿名堤防红外巡检图像\DJI_20250828095141_0046_T.JPG,1178567,0a3aec581a7a21547fd6a191ab67ae44f3f5dd960f79336b8600f02df3af465d,image
巡检识别\第一批优先资料\01_原始图像及视频\01_匿名堤防红外巡检图像\DJI_20250828095143_0047_T.JPG,1184008,e54e2bcefaad6b03dff5ec9e36390846d9b7bc5ee885729c50343da92c1e6716,image
巡检识别\第一批优先资料\01_原始图像及视频\01_匿名堤防红外巡检图像\DJI_20250828095144_0048_T.JPG,1207803,164a9e6da92cb1c977f307f1c27819018f72d4a7d31ce24d7af37f162a114efb,image
巡检识别\第一批优先资料\01_原始图像及视频\01_匿名堤防红外巡检图像\DJI_20250828095146_0049_T.JPG,1189106,344837636beeb85224b9f5128b4fc5c66a1b9b37be0ec629418a54a5c8057d23,image
巡检识别\第一批优先资料\01_原始图像及视频\01_匿名堤防红外巡检图像\DJI_20250828095148_0050_T.JPG,1211319,2917237d6b6b0e3113f36e952c293028de844b911ee2843bde09603212a65241,image
巡检识别\第一批优先资料\01_原始图像及视频\01_匿名堤防红外巡检图像\DJI_20250828095151_0051_T.JPG,1169549,245f35692925e0492896333694a2e213e5f808d1e5f78eb51bae7227037007c3,image
巡检识别\第一批优先资料\01_原始图像及视频\01_匿名堤防红外巡检图像\DJI_20250828095153_0052_T.JPG,1154399,212617a2c743b869f073825698c164b0e34ad9836480cf53b94bc5eeacf98fac,image
巡检识别\第一批优先资料\01_原始图像及视频\01_匿名堤防红外巡检图像\DJI_20250828095155_0053_T.JPG,1153789,2bb749e71649da07a2680a91ed210a7215427e3ca689492d8695eebb81183e47,image
巡检识别\第一批优先资料\01_原始图像及视频\01_匿名堤防红外巡检图像\DJI_20250828095158_0054_T.JPG,1142411,8d203ed91f1d58877e2ca33796cea2cb48547730908b6ff3245ba0e8118edff1,image
巡检识别\第一批优先资料\01_原始图像及视频\01_匿名堤防红外巡检图像\DJI_20250828095200_0055_T.JPG,1135903,8d8a71aab6d3b2546bb187931a2903ee5a6f97f6ae73cef938b5bc9430a646b2,image
巡检识别\第一批优先资料\01_原始图像及视频\01_匿名堤防红外巡检图像\DJI_20250828095202_0056_T.JPG,1150699,98f077b91829b560da374944e55fccec65560a079f29ace430dbe77d23cc6b47,image
巡检识别\第一批优先资料\01_原始图像及视频\01_匿名堤防红外巡检图像\DJI_20250828095205_0057_T.JPG,1160655,f10d62459a591951a852312d12a279ddd5de13bd228256d5a8f538399584277a,image
巡检识别\第一批优先资料\01_原始图像及视频\01_匿名堤防红外巡检图像\DJI_20250828095207_0058_T.JPG,1162202,55d924cf3e4d25dfb5c8213a295e2aa18455d015a650f12e0980935a6f428b6e,image
巡检识别\第一批优先资料\01_原始图像及视频\01_匿名堤防红外巡检图像\DJI_20250828095214_0059_T.JPG,1162357,b3359c08a93b7b93a2abc856a3669908c8ee6de25d6b26cbe0c2e7eb353b7f5a,image
巡检识别\第一批优先资料\01_原始图像及视频\01_匿名堤防红外巡检图像\DJI_20250828095221_0060_T.JPG,1197424,52e797d2f67f0fece4b90cc88c27045252ea821a61a81309a50371e54345ac5b,image
巡检识别\第一批优先资料\01_原始图像及视频\01_匿名堤防红外巡检图像\DJI_20250828095314_0061_T.JPG,1248428,a2740c744a97cc2f6833bfab38f79a14f39c7630cfc81fc14d81ce4ab8275e76,image
巡检识别\第一批优先资料\01_原始图像及视频\01_匿名堤防红外巡检图像\DJI_20250828095320_0062_T.JPG,1219717,11f3ba6eccd7402bc73952d18c797640437f2d31e900785f44d025b9d5cac734,image
巡检识别\第一批优先资料\01_原始图像及视频\01_匿名堤防红外巡检图像\DJI_20250828095346_0063_T.JPG,1334636,9a6b06cfd5166afd5614e50c11d006508f00e1cc0555c0c3839b95e1824228c9,image
巡检识别\第一批优先资料\01_原始图像及视频\01_匿名堤防红外巡检图像\DJI_20250828095357_0064_T.JPG,1301203,e60df91b3bf7fdf82808a05aa9044313e73099edcd69a6e1fb8d2972e8f5bad7,image
巡检识别\第一批优先资料\01_原始图像及视频\01_匿名堤防红外巡检图像\DJI_20250828095359_0065_T.JPG,1285910,3f25ef006bb81c29c83071315f7388a473a6cd19ba08320d62c229da12a76bf9,image
巡检识别\第一批优先资料\01_原始图像及视频\01_匿名堤防红外巡检图像\DJI_20250828095402_0066_T.JPG,1299415,81c110e5c0d3aa9be3fc971990d6bda5e84dff7f6ae075ab0ab280e980c2ee8f,image
巡检识别\第一批优先资料\01_原始图像及视频\01_匿名堤防红外巡检图像\DJI_20250828095406_0067_T.JPG,1290120,09c596ab99aeb7343f1b8aff482ba2d9b1779d36c27974ef8aafcb796b604f77,image
巡检识别\第一批优先资料\01_原始图像及视频\01_匿名堤防红外巡检图像\DJI_20250828095419_0068_T.JPG,1244667,4d2ab4e97db4419b207e048c34e7342c313be69a89fec2b8b2867e4fc079f199,image
巡检识别\第一批优先资料\01_原始图像及视频\01_匿名堤防红外巡检图像\DJI_20250828095427_0069_T.JPG,1236268,477c27ff246b4b56b2df7e1bd5afaec13b1a3daf71f29f003374f4b7e123f286,image
巡检识别\第一批优先资料\01_原始图像及视频\01_匿名堤防红外巡检图像\DJI_20250828095430_0070_T.JPG,1247197,ab80b5c7e34619645056352a7561a68156b9220ed09f59d7d211e8dec8a9b6b6,image
巡检识别\第一批优先资料\01_原始图像及视频\01_匿名堤防红外巡检图像\DJI_20250828095434_0071_T.JPG,1272756,e0b39e99cc94d3b619675698abb2c13cb0df5494cfb8c601ec0719a1012970d7,image
巡检识别\第一批优先资料\01_原始图像及视频\01_匿名堤防红外巡检图像\DJI_20250828095626_0072_T.JPG,865940,747ae35185b36c84f0be8a1ba25b9f72935a0140d190111584bc7a4029112f5c,image
巡检识别\第一批优先资料\01_原始图像及视频\01_匿名堤防红外巡检图像\DJI_20250828095659_0073_T.JPG,814199,1cf4a708e23071f9e726635db01536b36bf57f541a21db18f9e5ebd2ab67b73a,image
巡检识别\第一批优先资料\01_原始图像及视频\01_匿名堤防红外巡检图像\DJI_20250828095702_0074_T.JPG,807620,599499c1c89bda9d9963e228973d1d2d4a27a12d2246c72d49f622027711e515,image
巡检识别\第一批优先资料\01_原始图像及视频\01_匿名堤防红外巡检图像\DJI_20250828095733_0075_T.JPG,1471307,6b7bcfd02ea74fd09f494e4a49d84c40801631347ec22f04373d5cae56f17dc5,image
巡检识别\第一批优先资料\01_原始图像及视频\01_匿名堤防红外巡检图像\DJI_20250828095745_0076_T.JPG,1145913,398d1af50ec2ee349198cfe2e169b91ca13d6043f74ad0ff44ae30ec57f4e4dd,image
巡检识别\第一批优先资料\01_原始图像及视频\01_匿名堤防红外巡检图像\DJI_20250828095754_0077_T.JPG,1134901,ed2d3d06879cba0b2eb5a31f72d0acc33fe675b33d03c30e17adcc63faa7c17e,image
巡检识别\第一批优先资料\01_原始图像及视频\01_匿名堤防红外巡检图像\DJI_20250828095848_0078_T.JPG,1344311,3aa89cf1b1c8aac04d24b14e37a10d4ee55666683381ca7da2150a10532ac46a,image
巡检识别\第一批优先资料\01_原始图像及视频\01_匿名堤防红外巡检图像\DJI_20250828095908_0079_T.JPG,1339413,f872b6254b671c7214cff006ff4555cb86e00bca25b7a909a1175f898431d7f0,image
巡检识别\第一批优先资料\01_原始图像及视频\01_匿名堤防红外巡检图像\DJI_20250828095911_0080_T.JPG,1297419,30c366849b4fb81462066e0787d34c5c319d249db0692990629feee22a588847,image
巡检识别\第一批优先资料\01_原始图像及视频\01_匿名堤防红外巡检图像\DJI_20250828095914_0081_T.JPG,1291024,4f4daa2294f2a016c738594fc57b636bdf17210d9911a78d4159267e8b4e0492,image
巡检识别\第一批优先资料\01_原始图像及视频\01_匿名堤防红外巡检图像\DJI_20250828095916_0082_T.JPG,1291747,0a7107097fed1621de88211656ef1d7e19df3bd6c728dd597fb1367eefa3c4e7,image
巡检识别\第一批优先资料\01_原始图像及视频\01_匿名堤防红外巡检图像\DJI_20250828095940_0083_T.JPG,1311124,8c0dbf16a687fdb7c95d95f9d8b01a3eeead6b75959fa87bdfe1bc93f97024b0,image
巡检识别\第一批优先资料\01_原始图像及视频\01_匿名堤防红外巡检图像\DJI_20250828100004_0084_T.JPG,1329461,768105ed6136e8f11e61d977872f3cd87365ff8bcc07d10649287e49118e15d8,image
巡检识别\第一批优先资料\01_原始图像及视频\01_匿名堤防红外巡检图像\DJI_20250828100053_0085_T.JPG,1344455,7100a2092e71312ec27cc908c461edee5dd90b0ef7e25eccc760113cc6ded804,image
巡检识别\第一批优先资料\01_原始图像及视频\01_匿名堤防红外巡检图像\DJI_20250828100114_0086_T.JPG,1365461,29005512e1f1295590268046dc0bdde3f072bd11d58f41c943e3c9867075ae86,image
巡检识别\第一批优先资料\01_原始图像及视频\01_匿名堤防红外巡检图像\DJI_20250828100204_0087_T.JPG,1317723,1809cdfcc3811d5ca71949e0422c6f21d617457da97bb4c089acc66b6ec01fa3,image
巡检识别\第一批优先资料\01_原始图像及视频\01_匿名堤防红外巡检图像\DJI_20250828103837_0001_T.JPG,1226738,5b9061216f4ce3cb98faa238a1670b106c0bbd24f08605fdc04c605dabfd4e24,image
巡检识别\第一批优先资料\01_原始图像及视频\01_匿名堤防红外巡检图像\DJI_20250828103905_0002_T.JPG,1208347,e3dc2b043719b3946f661b9991a61654aae2d46e58337af82ac9859572f71069,image
巡检识别\第一批优先资料\01_原始图像及视频\01_匿名堤防红外巡检图像\DJI_20250828104036_0004_T.JPG,1220713,aa9b68ac33e691322a676e4154dd214a80c71717fdb1461c13d942d5d4b34c42,image
巡检识别\第一批优先资料\01_原始图像及视频\01_匿名堤防红外巡检图像\DJI_20250828104041_0005_T.JPG,1198480,3a8df5f70e1af2bdf850debbdbd515091d5ee6f692c96ee935e68746df36899a,image
巡检识别\第一批优先资料\01_原始图像及视频\01_匿名堤防红外巡检图像\DJI_20250828104333_0006_T.JPG,1388286,88badd02bfc10258c545debe57c9c2a9f367a02c65fec0f2fcc85678ef5c26d9,image
巡检识别\第一批优先资料\01_原始图像及视频\01_匿名堤防红外巡检图像\DJI_20250828104817_0010_T.JPG,1299278,f20891f3d120610497fd6f5ab6ab2407311c44e008cca08b99b85da2e04d5058,image
巡检识别\第一批优先资料\01_原始图像及视频\01_匿名堤防红外巡检图像\DJI_20250828105118_0011_T.JPG,1212804,b8ce914e01086c9d7387d96891ae73b5846e68510e7625716038f5116bc1da19,image
巡检识别\第一批优先资料\01_原始图像及视频\01_匿名堤防红外巡检图像\DJI_20250828105123_0012_T.JPG,1207326,a93867b405ab449d2d90d7b03a4ffe3bc8132f3acb00ad02223b23a1a2f68b53,image
巡检识别\第一批优先资料\01_原始图像及视频\01_匿名堤防红外巡检图像\DJI_20250828105139_0013_T.JPG,1306338,e28fce1876b6bda0198a44db6d9f28c7ffc9f0f88b9439adb40d6ce15167eadd,image
巡检识别\第一批优先资料\01_原始图像及视频\01_匿名堤防红外巡检图像\DJI_20250828105159_0014_T.JPG,1354249,212a892bf997d79b1a565355d698e9291d24d0a604151647776dafed82770215,image
巡检识别\第一批优先资料\01_原始图像及视频\01_匿名堤防红外巡检图像\DJI_20250828105229_0015_T.JPG,1383689,790761bf3b6f2ec6407d899992b2f4156f901e95f95109f83d65d939b617d455,image
巡检识别\第一批优先资料\01_原始图像及视频\01_匿名堤防红外巡检图像\DJI_20250828105239_0016_T.JPG,1387678,6a96f1e4a9fffa6f83c8ea11e23437bcb4f0380d2959188a518a66c33a9a1a9d,image
巡检识别\第一批优先资料\01_原始图像及视频\01_匿名堤防红外巡检图像\DJI_20250828105853_0020_T.JPG,1050984,25360a33fcfdedb31f2772eb52620f0d7ea53264b41ba890641b044f3663f68e,image
巡检识别\第一批优先资料\01_原始图像及视频\01_匿名堤防红外巡检图像\DJI_20250828105859_0021_T.JPG,1050480,cfa1755215970f5a8b2522dbad251dd3f51e5aa10edcd4e5ec5f1441c9389b9d,image
巡检识别\第一批优先资料\01_原始图像及视频\01_匿名堤防红外巡检图像\DJI_20250828110128_0023_T.JPG,1205524,9af08adacc81a1c81927f8933607abd71956783fdb8e9296635f4c6f78f151e5,image
巡检识别\第一批优先资料\01_原始图像及视频\01_匿名堤防红外巡检图像\DJI_20250828110229_0024_T.JPG,1373454,67b62c729edd4bcca0dbab1b0ad7e4bd7c1d241734d83472e04d98392e0d31aa,image
巡检识别\第一批优先资料\01_原始图像及视频\01_匿名堤防红外巡检图像\DJI_20250828110510_0026_T.JPG,1243029,c0eba3cb2820c982b460db095beee168a0cb17437541ccb4b430afe74c4c5e28,image
巡检识别\第一批优先资料\01_原始图像及视频\01_匿名堤防红外巡检图像\DJI_20250828111341_0029_T.JPG,1362616,92985f5ee1a781b13831c02698015481fee7d93e5b43ac427b51db2bebba564a,image
巡检识别\第一批优先资料\01_原始图像及视频\01_匿名堤防红外巡检图像\DJI_20250828111347_0030_T.JPG,1370675,f86752fc76918c9e99f87feacfb94def76955e6053211fa54a81fa3cffc69049,image
巡检识别\第一批优先资料\01_原始图像及视频\01_匿名堤防红外巡检图像\DJI_20250828111402_0031_T.JPG,1311587,e6da92f1ad8e4d2ec0e1ddd3dac0525edd927819b4e63f726ce8cc782137aa7c,image
巡检识别\第一批优先资料\01_原始图像及视频\01_匿名堤防红外巡检图像\DJI_20250828111520_0032_T.JPG,1279914,4b5b75f60eb02d0cfa7d2acbe4e0a0e031404530f94c6ec086744961fa8927e4,image
巡检识别\第一批优先资料\01_原始图像及视频\01_匿名堤防红外巡检图像\DJI_20250828111533_0033_T.JPG,1294046,50e270d0f2ccd0c736a892b07489c331bd136d4a9fabfccd05837d871e78618f,image
巡检识别\第一批优先资料\01_原始图像及视频\01_匿名堤防红外巡检图像\DJI_20250828111545_0034_T.JPG,1366073,da66965956f73c2d3bd73c4e79938ceededcb753ad0d5e428d2dff3741314834,image
巡检识别\第一批优先资料\01_原始图像及视频\01_匿名堤防红外巡检图像\DJI_20250828111554_0035_T.JPG,1374305,6413850295ba9e2b8175b30f23da4bc45e358bb5f7e6010b56e2b3d5cc09f97d,image
巡检识别\第一批优先资料\01_原始图像及视频\01_匿名堤防红外巡检图像\DJI_20250828150201_0002_S.JPG,389150,bf81d5b20f01ac1e707a650c282f3e10a4b88b5fa8b52c04529645c196637741,image
巡检识别\第一批优先资料\01_原始图像及视频\01_匿名堤防红外巡检图像\DJI_20250828150201_0002_T.JPG,896179,6f4ca90f433f7969a3dac1c4dbd6e8ee4fc14642330b9534c2d64ae342fde7d7,image
巡检识别\第一批优先资料\01_原始图像及视频\01_匿名堤防红外巡检图像\DJI_20250828150304_0004_T.JPG,842473,016c8d76c1b6105ce407353f9777f5a9181ac51e3e698f1919c69cb5d5544fc1,image
巡检识别\第一批优先资料\01_原始图像及视频\02_人造管涌渗漏点红外图像（验证）\164_P_HH230525_P_R_T_10_A_P_0_N_01.jpg,171508,b3afc2cbe47624c75f6ce973f78e6cab3f7d5398c2cb944b0f2035bfe1230ecf,image
巡检识别\第一批优先资料\01_原始图像及视频\02_人造管涌渗漏点红外图像（验证）\179_P_HH230527_A_S_T_20_B_B_0_N_28.jpg,147372,ec04a5b01a245aca42476474e302533dea9ab2cba9d227423adb6555f1fa5761,image
巡检识别\第一批优先资料\01_原始图像及视频\02_人造管涌渗漏点红外图像（验证）\199_P_HH230530_A_R_T_10_A_G_0_D1_28.jpg,173700,182aa7c93425e058a87a734719787e750a577e20521999e6e8d93f3be9f01677,image
巡检识别\第一批优先资料\01_原始图像及视频\02_人造管涌渗漏点红外图像（验证）\207_P_HH230530_P_C_T_10_A_P_0_V2W1_03.jpg,131103,2631078c5bfd307e9a4c6374d1118dc31c9db4de7341028ad0be88570dceadfe,image
巡检识别\第一批优先资料\01_原始图像及视频\02_人造管涌渗漏点红外图像（验证）\210_P_HH230530_P_C_T_10_A_P_0_V2W2_04.jpg,143971,979cab3dc21c905871475ba06a2466a49cecc60da6d021cefa68713234d0c6ec,image
巡检识别\第一批优先资料\01_原始图像及视频\02_人造管涌渗漏点红外图像（验证）\286_P_JP230612_B_S_T_10_B_C_0_P1_31.jpg,63017,950e60e36efdbfd4e3a4cbba49beac49e52388b58550c51350e321febd4d2f57,image
巡检识别\第一批优先资料\01_原始图像及视频\02_人造管涌渗漏点红外图像（验证）\P_AH230620_A_S_T_10_B_P_0_D1_02.jpg,112369,129c5279c25244597b07a0d598a92e631e8b2e232c9d6ac17c4222b60557a114,image
巡检识别\第一批优先资料\01_原始图像及视频\02_人造管涌渗漏点红外图像（验证）\P_AH230620_A_S_T_10_B_P_0_D1_04.jpg,107796,38c69b12feba5f5f3d95ba67e2f39e06d2b2a82640d23c9f39d4eff865a340bd,image
巡检识别\第一批优先资料\01_原始图像及视频\02_人造管涌渗漏点红外图像（验证）\P_AH230620_A_S_T_10_B_P_0_D1_48.jpg,124621,1dbaba19b87f70d13fd93e4f7380a7bb1710fc7bbe53c2cb77449e597feb312e,image
巡检识别\第一批优先资料\01_原始图像及视频\02_人造管涌渗漏点红外图像（验证）\P_AH230620_A_S_T_20_B_P_0_D1_04.jpg,122964,e5022023860ab9ec797458787c237f71b65be10777f72f792f54055d047ffa2e,image
巡检识别\第一批优先资料\01_原始图像及视频\02_人造管涌渗漏点红外图像（验证）\P_AH230620_A_S_T_20_B_P_0_D1_20.jpg,112487,81fce319f81ec494112784b7a07a6bd2febd8e882b89e4a26d2469ccb0cf2ebd,image
巡检识别\第一批优先资料\01_原始图像及视频\02_人造管涌渗漏点红外图像（验证）\P_AH230620_A_S_T_20_B_P_0_D1_27.jpg,100245,68119470bcadbf2609e8c6c114ce3e30c3b9fc876d77a5efbf089bff88c520b9,image
巡检识别\第一批优先资料\01_原始图像及视频\02_人造管涌渗漏点红外图像（验证）\tu0196.jpg,43166,227a3ebafc437d0fc578627d69bb326dc44d1647bed85e1660f7225e6d922480,image
巡检识别\第一批优先资料\02_检测框与置信度输出\01_匿名堤防红外巡检图像检测结果\detections\DJI_20250828094102_0001_T.jpg,200996,0393f073c1248c88d09b654b4d374bde2a5e80065a6c5c09f6edfdaa2a1967fa,image
巡检识别\第一批优先资料\02_检测框与置信度输出\01_匿名堤防红外巡检图像检测结果\detections\DJI_20250828094140_0002_T.jpg,229030,6f937db1c7a6360ddf47b65db547e393e0aba64cc8bc0826b583d8048a099d38,image
巡检识别\第一批优先资料\02_检测框与置信度输出\01_匿名堤防红外巡检图像检测结果\detections\DJI_20250828094205_0003_T.jpg,234449,1691d084e8e947308d61a3cbd125484e13a5570cc7ffa94a77f63fb806618368,image
巡检识别\第一批优先资料\02_检测框与置信度输出\01_匿名堤防红外巡检图像检测结果\detections\DJI_20250828094211_0004_T.jpg,222734,6b116d1e272088edf1251e78a26c1b95992a4fccdf37ee172ec5bac4dd417e5c,image
巡检识别\第一批优先资料\02_检测框与置信度输出\01_匿名堤防红外巡检图像检测结果\detections\DJI_20250828094214_0005_T.jpg,224861,079d83777c69706abcfd3222f88df526a65f49e46c9ebd5ba01dcee660887623,image
巡检识别\第一批优先资料\02_检测框与置信度输出\01_匿名堤防红外巡检图像检测结果\detections\DJI_20250828094219_0006_T.jpg,231131,506a0d75cb30ff495e4a39a71eb6a67d41a8f5af8d1d9f84e4c2ac9da6db9eb4,image
巡检识别\第一批优先资料\02_检测框与置信度输出\01_匿名堤防红外巡检图像检测结果\detections\DJI_20250828094335_0007_T.jpg,222977,322a77f95e28aba2f9e783f98f6ec7cd3117f98f81d2aeca5d773fc9d0cc2e04,image
巡检识别\第一批优先资料\02_检测框与置信度输出\01_匿名堤防红外巡检图像检测结果\detections\DJI_20250828094339_0008_T.jpg,221678,c5e1b18bf27d5823afbd68e8e743a4abecacaec1e0a80706eddadda429f20de4,image
巡检识别\第一批优先资料\02_检测框与置信度输出\01_匿名堤防红外巡检图像检测结果\detections\DJI_20250828094527_0009_T.jpg,210729,ec542362fa7eac81702af67a89b4367f69846c3aa64a193021f64dc449273348,image
巡检识别\第一批优先资料\02_检测框与置信度输出\01_匿名堤防红外巡检图像检测结果\detections\DJI_20250828094535_0010_T.jpg,192918,9be726d084f8139d528411a41527fd3693a55d0776caa7018a5ac06e16a031df,image
巡检识别\第一批优先资料\02_检测框与置信度输出\01_匿名堤防红外巡检图像检测结果\detections\DJI_20250828094537_0011_T.jpg,188397,3d586061a6cc4792140dec599ee046a5099d441bc45a0318a7c06ad4ced98236,image
巡检识别\第一批优先资料\02_检测框与置信度输出\01_匿名堤防红外巡检图像检测结果\detections\DJI_20250828094539_0012_T.jpg,189998,646d2f5ac8598d4728d420d8e76b3d700a0fcd09869779f57299b7643d1dd1d1,image
巡检识别\第一批优先资料\02_检测框与置信度输出\01_匿名堤防红外巡检图像检测结果\detections\DJI_20250828094541_0013_T.jpg,193872,8257a4d384b12da1072c8e60fc3b829040342c9e672d37d5b9af72f250f2af06,image
巡检识别\第一批优先资料\02_检测框与置信度输出\01_匿名堤防红外巡检图像检测结果\detections\DJI_20250828094543_0014_T.jpg,200488,70232f30be050209bc1becb47bd3c7a5786c7ba6e47948bb2627421cdf25c317,image
巡检识别\第一批优先资料\02_检测框与置信度输出\01_匿名堤防红外巡检图像检测结果\detections\DJI_20250828094547_0015_T.jpg,207297,0748cdd723c21f5613f8e7c25519d12dd23bcfb38c4e6f5fa1d8c875eb08d9e9,image
巡检识别\第一批优先资料\02_检测框与置信度输出\01_匿名堤防红外巡检图像检测结果\detections\DJI_20250828094550_0016_T.jpg,211203,191d5499dd0a577b47e89a24cd4136bc8ab61ed5f2042c7bf7a500844f531f4f,image
巡检识别\第一批优先资料\02_检测框与置信度输出\01_匿名堤防红外巡检图像检测结果\detections\DJI_20250828094554_0017_T.jpg,209166,ce908523fcd3881d3eabe1b91a80c8b839249f09434bf869c6e802f3f564c80f,image
巡检识别\第一批优先资料\02_检测框与置信度输出\01_匿名堤防红外巡检图像检测结果\detections\DJI_20250828094556_0018_T.jpg,207271,2f0beb5aa1d2bfc4f642eb6fe3bdce119ba4617bdd09a9e8d6f1d0af2be1ffb3,image
巡检识别\第一批优先资料\02_检测框与置信度输出\01_匿名堤防红外巡检图像检测结果\detections\DJI_20250828094558_0019_T.jpg,210593,762b05539915ab7197480b388f24bbc23633ca92c2b902cf7e295ee663c6e7ce,image
巡检识别\第一批优先资料\02_检测框与置信度输出\01_匿名堤防红外巡检图像检测结果\detections\DJI_20250828094600_0020_T.jpg,207697,d40361aaaf8ffe483aa53e50c471967593f747bedc934df2e4a35780bd0bc76d,image
巡检识别\第一批优先资料\02_检测框与置信度输出\01_匿名堤防红外巡检图像检测结果\detections\DJI_20250828094602_0021_T.jpg,209500,504fe5ecb2aec8224ba015c668864a9eb7d8fdc80a8ba0a101921454da6bd6a2,image
巡检识别\第一批优先资料\02_检测框与置信度输出\01_匿名堤防红外巡检图像检测结果\detections\DJI_20250828094605_0022_T.jpg,208411,2220e4e7739407adbc0fadec95c161a5f4322bc05ea023ec5dcf442c41eed147,image
巡检识别\第一批优先资料\02_检测框与置信度输出\01_匿名堤防红外巡检图像检测结果\detections\DJI_20250828094607_0023_T.jpg,209066,826c58bf79cc6c2b7241225f2ef5c442aa1264bcf53c5af7bc7bda8738521cfd,image
巡检识别\第一批优先资料\02_检测框与置信度输出\01_匿名堤防红外巡检图像检测结果\detections\DJI_20250828094610_0024_T.jpg,203916,f1c89e2c795934da3f3a759974e107996ba39e508498f9830294ecb4c79c9759,image
巡检识别\第一批优先资料\02_检测框与置信度输出\01_匿名堤防红外巡检图像检测结果\detections\DJI_20250828094849_0025_T.jpg,211198,e532dabeea6e303328f072fb6827cab28e66d6ffcc01570008a76d9155c187a8,image
巡检识别\第一批优先资料\02_检测框与置信度输出\01_匿名堤防红外巡检图像检测结果\detections\DJI_20250828094851_0026_T.jpg,208161,62338f06ea6640d7ba1c196e40a2158b4d424aadc828d1649cb8d83667e700b7,image
巡检识别\第一批优先资料\02_检测框与置信度输出\01_匿名堤防红外巡检图像检测结果\detections\DJI_20250828094854_0027_T.jpg,201902,c2ba29704b5b6b832ae94f105d5f8d042966b06ba203b90a06810914246ac304,image
巡检识别\第一批优先资料\02_检测框与置信度输出\01_匿名堤防红外巡检图像检测结果\detections\DJI_20250828094859_0028_T.jpg,201600,6cd337f91aba449689fae5438e31f1baf232bb941ea41758c613ca1dec103be8,image
巡检识别\第一批优先资料\02_检测框与置信度输出\01_匿名堤防红外巡检图像检测结果\detections\DJI_20250828094903_0029_T.jpg,202039,64ac793fc16eddbaf270ef12db61a56dbad78f86b5a6f67af11dcb6386c87a2a,image
巡检识别\第一批优先资料\02_检测框与置信度输出\01_匿名堤防红外巡检图像检测结果\detections\DJI_20250828094905_0030_T.jpg,202524,4f7e837338c9d412c9a05fc062468ace492f41868bfa7c08c02c77a8caa2068f,image
巡检识别\第一批优先资料\02_检测框与置信度输出\01_匿名堤防红外巡检图像检测结果\detections\DJI_20250828094908_0031_T.jpg,200819,b47eb58fed106b9d2d79111e061421d4408b1268cbd141fef087e0cfe5d2cb12,image
巡检识别\第一批优先资料\02_检测框与置信度输出\01_匿名堤防红外巡检图像检测结果\detections\DJI_20250828094912_0032_T.jpg,202237,38f9dcc8fa203d9875165c96fa1d5192d4e81abc65a90bac673faed571007d7c,image
巡检识别\第一批优先资料\02_检测框与置信度输出\01_匿名堤防红外巡检图像检测结果\detections\DJI_20250828094919_0033_T.jpg,195005,ce070c0472a6f7d0c48a1830eaf0b9ee51a962690ad8240778e9a6565a406a4a,image
巡检识别\第一批优先资料\02_检测框与置信度输出\01_匿名堤防红外巡检图像检测结果\detections\DJI_20250828094921_0034_T.jpg,186141,a605ab4620d34ee4fe2cea88362caa7ec863c0a38fa1c2da02a215bb9dad4b89,image
巡检识别\第一批优先资料\02_检测框与置信度输出\01_匿名堤防红外巡检图像检测结果\detections\DJI_20250828094924_0035_T.jpg,186316,2ab745cacfff5d6c2dedf4f5773db8e26b042f180cc5f92274065e800ee209af,image
巡检识别\第一批优先资料\02_检测框与置信度输出\01_匿名堤防红外巡检图像检测结果\detections\DJI_20250828094926_0036_T.jpg,188657,1ee514f4ede87b1f1e28b78ce9225c10ca6c02b30bc49c58b086a530c94cef9e,image
巡检识别\第一批优先资料\02_检测框与置信度输出\01_匿名堤防红外巡检图像检测结果\detections\DJI_20250828094930_0037_T.jpg,187156,a88b0614d62f951d2c56a3fac3feeb8d89d1ba68e295d08a7aea54d42ad45ded,image
巡检识别\第一批优先资料\02_检测框与置信度输出\01_匿名堤防红外巡检图像检测结果\detections\DJI_20250828094933_0038_T.jpg,178393,8aaa8a997ada878d3b821f72963a5e12d76687cf38974e6e904fe40f56541df2,image
巡检识别\第一批优先资料\02_检测框与置信度输出\01_匿名堤防红外巡检图像检测结果\detections\DJI_20250828094935_0039_T.jpg,170439,47d9763551cf06f85fb55e12655431253c98ec2b2bde02ea429c4f84bbae7b23,image
巡检识别\第一批优先资料\02_检测框与置信度输出\01_匿名堤防红外巡检图像检测结果\detections\DJI_20250828094937_0040_T.jpg,169089,6a3877cdb5f58263faf33c3dcf2ee33e07b4a0983aca34ba0702de4b0d038957,image
巡检识别\第一批优先资料\02_检测框与置信度输出\01_匿名堤防红外巡检图像检测结果\detections\DJI_20250828094939_0041_T.jpg,169575,d640ba014fa26871d13ea42e8b125b9e1dfdfa5f11b9e69f2e03e601f05b28c5,image
巡检识别\第一批优先资料\02_检测框与置信度输出\01_匿名堤防红外巡检图像检测结果\detections\DJI_20250828094941_0042_T.jpg,165979,1631c6f7ea0bc4131c24ea9e71bd38630ee61bd16ec911f8300cca5ed7c01ae1,image
巡检识别\第一批优先资料\02_检测框与置信度输出\01_匿名堤防红外巡检图像检测结果\detections\DJI_20250828094943_0043_T.jpg,162526,5d88bd5700a4f9e49198e573c1ead4901768eec13d7221e464e1e3a1fddb5f09,image
巡检识别\第一批优先资料\02_检测框与置信度输出\01_匿名堤防红外巡检图像检测结果\detections\DJI_20250828095100_0044_T.jpg,164643,4bd5e0a32282f41dce334632bcbcf6235c6f7f1ae6ae8833fea5a180ff940bcb,image
巡检识别\第一批优先资料\02_检测框与置信度输出\01_匿名堤防红外巡检图像检测结果\detections\DJI_20250828095136_0045_T.jpg,190662,d77db6091bb033e687ffc6634b7d2cf76d827c1dbb8e91c2a71fe4f12d1c308a,image
巡检识别\第一批优先资料\02_检测框与置信度输出\01_匿名堤防红外巡检图像检测结果\detections\DJI_20250828095141_0046_T.jpg,176353,624b76245a5cecd35756cd87c349ba5cc5083296c80e00d86dde3cdd23b84013,image
巡检识别\第一批优先资料\02_检测框与置信度输出\01_匿名堤防红外巡检图像检测结果\detections\DJI_20250828095143_0047_T.jpg,178494,d23ca987a3bf1a1215dfc0f38f1a149d704b0eab7c3399d6c84a51e40c42c1c8,image
巡检识别\第一批优先资料\02_检测框与置信度输出\01_匿名堤防红外巡检图像检测结果\detections\DJI_20250828095144_0048_T.jpg,186836,03e04968d72e550c90315ad29e94aa7d141befaabc62835a6933dcfa89e7b740,image
巡检识别\第一批优先资料\02_检测框与置信度输出\01_匿名堤防红外巡检图像检测结果\detections\DJI_20250828095146_0049_T.jpg,180251,47122f823c066a93ee45bf0dc5dab10b337fb265767d281da9da1748e59ce2f3,image
巡检识别\第一批优先资料\02_检测框与置信度输出\01_匿名堤防红外巡检图像检测结果\detections\DJI_20250828095148_0050_T.jpg,188023,e17df5a1755f237d2142dcd6968dd0d1fcf8d996c557e320e4d0aa32ac74cf43,image
巡检识别\第一批优先资料\02_检测框与置信度输出\01_匿名堤防红外巡检图像检测结果\detections\DJI_20250828095151_0051_T.jpg,173142,85f28cfff02ffb92ea86fc9ef7fb111b06ddfe973c2a9430a5159d0c312ad01e,image
巡检识别\第一批优先资料\02_检测框与置信度输出\01_匿名堤防红外巡检图像检测结果\detections\DJI_20250828095153_0052_T.jpg,166862,018b234ed74eb55f0ae2fe0cc105fc09a594c289882c3be3ae8a96b675aefacd,image
巡检识别\第一批优先资料\02_检测框与置信度输出\01_匿名堤防红外巡检图像检测结果\detections\DJI_20250828095155_0053_T.jpg,166597,ae313c724ace0995e6c85ea5a23afb17409a0d537527b75fde023fad0b40c85b,image
巡检识别\第一批优先资料\02_检测框与置信度输出\01_匿名堤防红外巡检图像检测结果\detections\DJI_20250828095158_0054_T.jpg,162067,6a350ed769549bba92d753920d718ebe875472076c60d6b40b981286d78fda59,image
巡检识别\第一批优先资料\02_检测框与置信度输出\01_匿名堤防红外巡检图像检测结果\detections\DJI_20250828095200_0055_T.jpg,159489,b92676674b7b40e5595f94e3b0dadaa0c5721a1a93b99f7d88bfec7049177567,image
巡检识别\第一批优先资料\02_检测框与置信度输出\01_匿名堤防红外巡检图像检测结果\detections\DJI_20250828095202_0056_T.jpg,165966,964a44014d2d1d77e05e8ab0dd5e4fad023b5c6c698684ced0b6f4fa79734059,image
巡检识别\第一批优先资料\02_检测框与置信度输出\01_匿名堤防红外巡检图像检测结果\detections\DJI_20250828095205_0057_T.jpg,169989,46ff88dde6f337e99fa043ecb4cb63202a6efea49ab1c8c5e9beab43516e5a09,image
巡检识别\第一批优先资料\02_检测框与置信度输出\01_匿名堤防红外巡检图像检测结果\detections\DJI_20250828095207_0058_T.jpg,170963,c045864ecd936555a694c236dd301f214a6e7021ad51c0a797fde1696646cdbf,image
巡检识别\第一批优先资料\02_检测框与置信度输出\01_匿名堤防红外巡检图像检测结果\detections\DJI_20250828095214_0059_T.jpg,171494,8bbf305524de8da11e421089cfe3824be1a7119737a9a694775bb0c8a8671b72,image
巡检识别\第一批优先资料\02_检测框与置信度输出\01_匿名堤防红外巡检图像检测结果\detections\DJI_20250828095221_0060_T.jpg,183987,5f8d685de8d2723d7d6e3d3f8061fb6e5daa97de58675fec3b3adf24d849a78f,image
巡检识别\第一批优先资料\02_检测框与置信度输出\01_匿名堤防红外巡检图像检测结果\detections\DJI_20250828095314_0061_T.jpg,202424,46db6d13ab2e557643445e80acff810ee19cc7a3edb29f1167bee2cae384fcea,image
巡检识别\第一批优先资料\02_检测框与置信度输出\01_匿名堤防红外巡检图像检测结果\detections\DJI_20250828095320_0062_T.jpg,192919,95260d4d254394acae5888c87aa5e9a8e807b566697154a4cd453b6fcd030703,image
巡检识别\第一批优先资料\02_检测框与置信度输出\01_匿名堤防红外巡检图像检测结果\detections\DJI_20250828095346_0063_T.jpg,234118,22222c2787546a6f758da2f6d931e408a7eb88429a52d10da939fdee59db186d,image
巡检识别\第一批优先资料\02_检测框与置信度输出\01_匿名堤防红外巡检图像检测结果\detections\DJI_20250828095357_0064_T.jpg,222291,7670e082246b9d01012e9a0dd5585b2bf91fe8e995ebba7312b0271c480fbbb9,image
巡检识别\第一批优先资料\02_检测框与置信度输出\01_匿名堤防红外巡检图像检测结果\detections\DJI_20250828095359_0065_T.jpg,216529,053b54601833f1a1dfd2f0dffb6118b2ff21f6abb55c0d305b3408a419216af3,image
巡检识别\第一批优先资料\02_检测框与置信度输出\01_匿名堤防红外巡检图像检测结果\detections\DJI_20250828095402_0066_T.jpg,221451,2fbc10fe12e297782628d602635f3c3cf9532954aad230c5b32f42b49e9a21dd,image
巡检识别\第一批优先资料\02_检测框与置信度输出\01_匿名堤防红外巡检图像检测结果\detections\DJI_20250828095406_0067_T.jpg,217164,40daeccdb5dfee1a74c1d1370563a65464ddeeec03301da40b3e38eeab6add33,image
巡检识别\第一批优先资料\02_检测框与置信度输出\01_匿名堤防红外巡检图像检测结果\detections\DJI_20250828095419_0068_T.jpg,200991,2e273ce7ab3ae56dc28b70df5570aa3b43079d4328f934ab3827e3983e9775fc,image
巡检识别\第一批优先资料\02_检测框与置信度输出\01_匿名堤防红外巡检图像检测结果\detections\DJI_20250828095427_0069_T.jpg,198144,fc28b2f9292ec068ddc25691cde92f9ed30f53967d1d874ecc001b96c57fe548,image
巡检识别\第一批优先资料\02_检测框与置信度输出\01_匿名堤防红外巡检图像检测结果\detections\DJI_20250828095430_0070_T.jpg,202589,7e60264df5a6229313f3356d7c1e127b38c4633ab7b6ef5af00b5dbfed3cf2c2,image
巡检识别\第一批优先资料\02_检测框与置信度输出\01_匿名堤防红外巡检图像检测结果\detections\DJI_20250828095434_0071_T.jpg,212443,db31aa46a559c5209be970f38dcfff0c50c6c56161b212366d0ae22a817c012d,image
巡检识别\第一批优先资料\02_检测框与置信度输出\01_匿名堤防红外巡检图像检测结果\detections\DJI_20250828095626_0072_T.jpg,55755,c37a2c2f8739ec92075e58e7a5ddb356a6375970cf0824d210b1f42dce86174c,image
巡检识别\第一批优先资料\02_检测框与置信度输出\01_匿名堤防红外巡检图像检测结果\detections\DJI_20250828095659_0073_T.jpg,39305,1643e57c7765c36936433c9641cfc2cf7f2252bccb330837818ef941f9afab1d,image
巡检识别\第一批优先资料\02_检测框与置信度输出\01_匿名堤防红外巡检图像检测结果\detections\DJI_20250828095702_0074_T.jpg,37092,9efe4fce46637cf2432635dcfe829456f09071c53686fcd8222791e4ab772f72,image
巡检识别\第一批优先资料\02_检测框与置信度输出\01_匿名堤防红外巡检图像检测结果\detections\DJI_20250828095733_0075_T.jpg,294014,a0257c32bef103e85bc2e5ae964414c5711fba5caa5144a93b1510a585e24396,image
巡检识别\第一批优先资料\02_检测框与置信度输出\01_匿名堤防红外巡检图像检测结果\detections\DJI_20250828095745_0076_T.jpg,171823,54994e08b6361b2974180df541eedae6d0be9d9e5340dee5e78ff04f06c88018,image
巡检识别\第一批优先资料\02_检测框与置信度输出\01_匿名堤防红外巡检图像检测结果\detections\DJI_20250828095754_0077_T.jpg,167472,c8fb9a38a5e5bf10317ff2773eb85fe1eb6c6741d2a0e9f4feda50d41040cba1,image
巡检识别\第一批优先资料\02_检测框与置信度输出\01_匿名堤防红外巡检图像检测结果\detections\DJI_20250828095848_0078_T.jpg,243656,86156b9ed9fb77127bda0e5ba36515793a8510816d3af53cb7fa0031d67138d6,image
巡检识别\第一批优先资料\02_检测框与置信度输出\01_匿名堤防红外巡检图像检测结果\detections\DJI_20250828095908_0079_T.jpg,241250,d2411f85d8ca1abb97023a6d1bfd5b561f145c8a51c3afd661ea600b319f9409,image
巡检识别\第一批优先资料\02_检测框与置信度输出\01_匿名堤防红外巡检图像检测结果\detections\DJI_20250828095911_0080_T.jpg,224955,62840a72a674b1088f4dafaeb03f92375ea7814b754e7b8ab9f06ff12ed355f3,image
巡检识别\第一批优先资料\02_检测框与置信度输出\01_匿名堤防红外巡检图像检测结果\detections\DJI_20250828095914_0081_T.jpg,222469,eed9168e1cf23da1ac658c58d8068debe0b28892f74feab4af88ad7ff86c464e,image
巡检识别\第一批优先资料\02_检测框与置信度输出\01_匿名堤防红外巡检图像检测结果\detections\DJI_20250828095916_0082_T.jpg,222291,1a45a2df9c2ab59aabd40b441b373242fb5b9f7193907c9147a5a70a3a0cce2d,image
巡检识别\第一批优先资料\02_检测框与置信度输出\01_匿名堤防红外巡检图像检测结果\detections\DJI_20250828095940_0083_T.jpg,231384,8735ecc75556c721a990b0a4dc6ae0451b076608cb78859249fc66a81eaf7d32,image
巡检识别\第一批优先资料\02_检测框与置信度输出\01_匿名堤防红外巡检图像检测结果\detections\DJI_20250828100004_0084_T.jpg,237710,1c1af3b5cd248a2a363255e5d156d7bb31be325353b123620bd03f09ef331a81,image
巡检识别\第一批优先资料\02_检测框与置信度输出\01_匿名堤防红外巡检图像检测结果\detections\DJI_20250828100053_0085_T.jpg,237307,337c98aca3ce05d81d131bc5899a60e97a0c255563036ea973389d5f49a4bbab,image
巡检识别\第一批优先资料\02_检测框与置信度输出\01_匿名堤防红外巡检图像检测结果\detections\DJI_20250828100114_0086_T.jpg,246072,f3788f3d2662914306432858d5fa1b9f9006e6dc555b4651da0a1857b51dcb0a,image
巡检识别\第一批优先资料\02_检测框与置信度输出\01_匿名堤防红外巡检图像检测结果\detections\DJI_20250828100204_0087_T.jpg,227382,9f986ddf5035e4ae897f2c80b82da967b901bc5f3236ddf903c81c72c8f8f17e,image
巡检识别\第一批优先资料\02_检测框与置信度输出\01_匿名堤防红外巡检图像检测结果\detections\DJI_20250828103837_0001_T.jpg,193493,93644d5cb484a8951c73cec824d89cf1cdbc0c52be3f74c89baecbee2c60dc70,image
巡检识别\第一批优先资料\02_检测框与置信度输出\01_匿名堤防红外巡检图像检测结果\detections\DJI_20250828103905_0002_T.jpg,192076,c1394f43bdb70e4f55a3693cb02f86b853fb47d03a225cd84a7e6853d8f80132,image
巡检识别\第一批优先资料\02_检测框与置信度输出\01_匿名堤防红外巡检图像检测结果\detections\DJI_20250828104036_0004_T.jpg,167407,0313497a16d567f2e3cb5ead5e7aa68c91063b40f0e0f78706707bd23209ebd0,image
巡检识别\第一批优先资料\02_检测框与置信度输出\01_匿名堤防红外巡检图像检测结果\detections\DJI_20250828104041_0005_T.jpg,157713,9a5b29919a3828f210c28c28405b9794e3a9b7802b45f9fa2409ccb646247a08,image
巡检识别\第一批优先资料\02_检测框与置信度输出\01_匿名堤防红外巡检图像检测结果\detections\DJI_20250828104333_0006_T.jpg,255055,f5462a13c6b6c57d67d4103fba117127cfb608792ca77ca95b98a939ae19481c,image
巡检识别\第一批优先资料\02_检测框与置信度输出\01_匿名堤防红外巡检图像检测结果\detections\DJI_20250828104817_0010_T.jpg,218732,88218ec0cd767172bd3540a0e8089fda2f748536865146bdcae71557985f87b0,image
巡检识别\第一批优先资料\02_检测框与置信度输出\01_匿名堤防红外巡检图像检测结果\detections\DJI_20250828105118_0011_T.jpg,185914,31c1040ed5a25b1bbfaab553e8f1e695a383a8b3f55f56b0eaa1a3e97b2e5e12,image
巡检识别\第一批优先资料\02_检测框与置信度输出\01_匿名堤防红外巡检图像检测结果\detections\DJI_20250828105123_0012_T.jpg,183843,e40b48c0d7cb20571b4f56adfc9796ee0a1fc69465b703367ad0c35d1e05597f,image
巡检识别\第一批优先资料\02_检测框与置信度输出\01_匿名堤防红外巡检图像检测结果\detections\DJI_20250828105139_0013_T.jpg,222032,a1008454eb4894a42505a214f2887d273142e28271ca06ae7e4474c955014a98,image
巡检识别\第一批优先资料\02_检测框与置信度输出\01_匿名堤防红外巡检图像检测结果\detections\DJI_20250828105159_0014_T.jpg,240204,0f993f8d22117c1cc25629c19a3e1d2566ce781d092313eee881170c759f5ab7,image
巡检识别\第一批优先资料\02_检测框与置信度输出\01_匿名堤防红外巡检图像检测结果\detections\DJI_20250828105229_0015_T.jpg,251141,858960d55377436b60f9aae37ef668fdb3f2b09d93321f4579ed49b737dfe1c3,image
巡检识别\第一批优先资料\02_检测框与置信度输出\01_匿名堤防红外巡检图像检测结果\detections\DJI_20250828105239_0016_T.jpg,252858,8a0b323a4d89685ee8384033694594f9894ac19684f5dc1bf70ba5cf758da89d,image
巡检识别\第一批优先资料\02_检测框与置信度输出\01_匿名堤防红外巡检图像检测结果\detections\DJI_20250828105853_0020_T.jpg,126084,0ec0e5d9224878847b8ceda4e025ee134b6557ad96e9cee6ae085213e7619c69,image
巡检识别\第一批优先资料\02_检测框与置信度输出\01_匿名堤防红外巡检图像检测结果\detections\DJI_20250828105859_0021_T.jpg,127774,c31289bbf135e9401ee0f05ee81f9270aa2aa4ba10b7f52e3cdbacb93c0dd4ea,image
巡检识别\第一批优先资料\02_检测框与置信度输出\01_匿名堤防红外巡检图像检测结果\detections\DJI_20250828110128_0023_T.jpg,171672,b37e74cd5af37b9cb1e627ac54c44138b0954cc1b483338609e9194bc9f7e41a,image
巡检识别\第一批优先资料\02_检测框与置信度输出\01_匿名堤防红外巡检图像检测结果\detections\DJI_20250828110229_0024_T.jpg,247105,46fd995ff03923a54725b720d8e0fc1f15564a1a4d6e7f77f9a25fb07b20a5b6,image
巡检识别\第一批优先资料\02_检测框与置信度输出\01_匿名堤防红外巡检图像检测结果\detections\DJI_20250828110510_0026_T.jpg,175426,7a7de91dd300529be84612cade16f321ec3114e1f671d2a8a426407a61915d47,image
巡检识别\第一批优先资料\02_检测框与置信度输出\01_匿名堤防红外巡检图像检测结果\detections\DJI_20250828111341_0029_T.jpg,223456,630bdb10598bad87708a1da2726dd7691e0f0bac16f00128aae954e05ad6c326,image
巡检识别\第一批优先资料\02_检测框与置信度输出\01_匿名堤防红外巡检图像检测结果\detections\DJI_20250828111347_0030_T.jpg,225990,b537c6029cffc0b0f595f610181687f8329892966d09f8ab106cb810bb259952,image
巡检识别\第一批优先资料\02_检测框与置信度输出\01_匿名堤防红外巡检图像检测结果\detections\DJI_20250828111402_0031_T.jpg,200672,9003fb633257237c4e5ad490a17720ef18cecb48bf75a96ae70881799269539b,image
巡检识别\第一批优先资料\02_检测框与置信度输出\01_匿名堤防红外巡检图像检测结果\detections\DJI_20250828111520_0032_T.jpg,183937,13024e7888b19ad61e1818a92b71a62885068142303543c7c897c4c9769e3561,image
巡检识别\第一批优先资料\02_检测框与置信度输出\01_匿名堤防红外巡检图像检测结果\detections\DJI_20250828111533_0033_T.jpg,188343,5f29e681fed1d2c4dd5f4e264a4fb3d6f6f76c549b96bb8078b7b49107fe30df,image
巡检识别\第一批优先资料\02_检测框与置信度输出\01_匿名堤防红外巡检图像检测结果\detections\DJI_20250828111545_0034_T.jpg,217075,a83f4443d778c97022efa13d46ee91a819a99fb6dccd3c629527ea4c5320b515,image
巡检识别\第一批优先资料\02_检测框与置信度输出\01_匿名堤防红外巡检图像检测结果\detections\DJI_20250828111554_0035_T.jpg,219352,19101045435c3ee215a3c6a3b30eaae83edfc3b2e783953634298390f7d4600b,image
巡检识别\第一批优先资料\02_检测框与置信度输出\01_匿名堤防红外巡检图像检测结果\detections\DJI_20250828150201_0002_S.jpg,192531,bc8dc810fe16165d04f76f7c1ce090c09131bb9cf36af9cdfccbf26a4556227c,image
巡检识别\第一批优先资料\02_检测框与置信度输出\01_匿名堤防红外巡检图像检测结果\detections\DJI_20250828150201_0002_T.jpg,45805,89b78c74a1fed4665129a3e8459ab8ccd8e1fb428b7fd76671edd74909dfa965,image
巡检识别\第一批优先资料\02_检测框与置信度输出\01_匿名堤防红外巡检图像检测结果\detections\DJI_20250828150304_0004_T.jpg,30211,2234db4f76e15a7b778b102db33068c4e691f319faa6caca63d443c75fca7a0e,image
巡检识别\第一批优先资料\02_检测框与置信度输出\01_匿名堤防红外巡检图像检测结果\detections\labels\DJI_20250828095151_0051_T.txt,49,c59073b03a7078718f8ba4a3a6e022d2b733643484bb281f051cb3dc1d5740db,detection_label
巡检识别\第一批优先资料\02_检测框与置信度输出\01_匿名堤防红外巡检图像检测结果\detections\labels\DJI_20250828103905_0002_T.txt,36,b3d401ce9824e8c2e9623af7fa2f6f6dba2ed82b12864aaf7f6d0a454375d41e,detection_label
巡检识别\第一批优先资料\02_检测框与置信度输出\01_匿名堤防红外巡检图像检测结果\detections\labels\DJI_20250828104036_0004_T.txt,48,9d7b113a3372c6c0bb71253dff739d7810b53acac19b71984a3c0f64959065a4,detection_label
巡检识别\第一批优先资料\02_检测框与置信度输出\01_匿名堤防红外巡检图像检测结果\detections\labels\DJI_20250828104333_0006_T.txt,49,026a86ca38711d874da9fb17d4d850266a1dc77a76370ee669b8dd9a67d8f538,detection_label
巡检识别\第一批优先资料\02_检测框与置信度输出\01_匿名堤防红外巡检图像检测结果\detections\labels\DJI_20250828105139_0013_T.txt,50,d3188359f6a82f5546e95709535fe5423fd57b78d141f4e0b8d36ace9f98f29a,detection_label
巡检识别\第一批优先资料\02_检测框与置信度输出\01_匿名堤防红外巡检图像检测结果\detections\labels\DJI_20250828105859_0021_T.txt,50,ac612c325919037cd0427ea875485ff0c0fe41ad51c1c2b8ca65f75cf789b182,detection_label
巡检识别\第一批优先资料\02_检测框与置信度输出\01_匿名堤防红外巡检图像检测结果\detections\labels\DJI_20250828110128_0023_T.txt,47,7d9e2ad3d94aef74b48968ab4cab980258e3b472a919c395f6403a364868f5c9,detection_label
巡检识别\第一批优先资料\02_检测框与置信度输出\01_匿名堤防红外巡检图像检测结果\detections\labels\DJI_20250828111341_0029_T.txt,49,10470660fea951083c8acafa9bf7f35f484f6bad81f8e23f2e8dda6681078314,detection_label
巡检识别\第一批优先资料\02_检测框与置信度输出\01_匿名堤防红外巡检图像检测结果\detections\labels\DJI_20250828111347_0030_T.txt,49,9310e7c634efd4a8f37a15ecd9995bcdcb4dc75c347054ff9f4e6dc1f2f920ee,detection_label
巡检识别\第一批优先资料\02_检测框与置信度输出\02_人造管涌渗漏点红外图像（验证）检测结果\detections\164_P_HH230525_P_R_T_10_A_P_0_N_01.jpg,175968,fa1202181a27334f373a31370de732749da3c7e895a52ab3e50c53c60790ae99,image
巡检识别\第一批优先资料\02_检测框与置信度输出\02_人造管涌渗漏点红外图像（验证）检测结果\detections\179_P_HH230527_A_S_T_20_B_B_0_N_28.jpg,149339,48b2df3e0d05313757d2973f9931439f28a12c4f1bed75003bd94781411b5131,image
巡检识别\第一批优先资料\02_检测框与置信度输出\02_人造管涌渗漏点红外图像（验证）检测结果\detections\199_P_HH230530_A_R_T_10_A_G_0_D1_28.jpg,174896,754c218cce86a0d56aaa68e84198b502d33069519ef77ea42198e5b5a8eb91ec,image
巡检识别\第一批优先资料\02_检测框与置信度输出\02_人造管涌渗漏点红外图像（验证）检测结果\detections\207_P_HH230530_P_C_T_10_A_P_0_V2W1_03.jpg,133832,26427f980f6634860bfffb56f2c80dfcb892fe359f97a6a8a7686a54b654e073,image
巡检识别\第一批优先资料\02_检测框与置信度输出\02_人造管涌渗漏点红外图像（验证）检测结果\detections\210_P_HH230530_P_C_T_10_A_P_0_V2W2_04.jpg,146702,38aea9f209c4266b80c6a4e77082343520fb61f484cc8119dc79cf534ba453f4,image
巡检识别\第一批优先资料\02_检测框与置信度输出\02_人造管涌渗漏点红外图像（验证）检测结果\detections\286_P_JP230612_B_S_T_10_B_C_0_P1_31.jpg,67265,8916ec00b1935ebd1975bd34043683f5bb76c865966c9aa6efd7ad4999a1e136,image
巡检识别\第一批优先资料\02_检测框与置信度输出\02_人造管涌渗漏点红外图像（验证）检测结果\detections\labels\164_P_HH230525_P_R_T_10_A_P_0_N_01.txt,47,8449d1dc43bebe0fc686808508c54f89907b67f0eeb3ebf9e8321189c58f563b,detection_label
巡检识别\第一批优先资料\02_检测框与置信度输出\02_人造管涌渗漏点红外图像（验证）检测结果\detections\labels\179_P_HH230527_A_S_T_20_B_B_0_N_28.txt,47,facefbf61fc123a792711893e7bde6007249613b24e9110c2c6d61950c87846e,detection_label
巡检识别\第一批优先资料\02_检测框与置信度输出\02_人造管涌渗漏点红外图像（验证）检测结果\detections\labels\199_P_HH230530_A_R_T_10_A_G_0_D1_28.txt,47,d1bdf58fdcd7fa19463e7f69c8b09d9250e6f120ebcd2196e79d23cacd6dcb08,detection_label
巡检识别\第一批优先资料\02_检测框与置信度输出\02_人造管涌渗漏点红外图像（验证）检测结果\detections\labels\207_P_HH230530_P_C_T_10_A_P_0_V2W1_03.txt,47,754092043ff90907980946628649bad44e6a2dbcd6cefd7ac1d641447129b2d0,detection_label
巡检识别\第一批优先资料\02_检测框与置信度输出\02_人造管涌渗漏点红外图像（验证）检测结果\detections\labels\210_P_HH230530_P_C_T_10_A_P_0_V2W2_04.txt,47,8596ef69082bbe276410aaa2f355715b02de26390d809a9ee2c552a95ebafa69,detection_label
巡检识别\第一批优先资料\02_检测框与置信度输出\02_人造管涌渗漏点红外图像（验证）检测结果\detections\labels\286_P_JP230612_B_S_T_10_B_C_0_P1_31.txt,48,b7e6d0ddac435a017015fc561b39d91129c3adfa6c4778fbe3d96de6bbef7658,detection_label
巡检识别\第一批优先资料\02_检测框与置信度输出\02_人造管涌渗漏点红外图像（验证）检测结果\detections\labels\P_AH230620_A_S_T_10_B_P_0_D1_02.txt,46,2689eca65771eb5f5a58812ea7cb03b755d0d05085b4e4ce58cbb5a8d19627cd,detection_label
巡检识别\第一批优先资料\02_检测框与置信度输出\02_人造管涌渗漏点红外图像（验证）检测结果\detections\labels\P_AH230620_A_S_T_10_B_P_0_D1_04.txt,48,6915f18f83aa5ac61720979ecf5a40e2f33bd15093725875317d0317a009cb8c,detection_label
巡检识别\第一批优先资料\02_检测框与置信度输出\02_人造管涌渗漏点红外图像（验证）检测结果\detections\labels\P_AH230620_A_S_T_10_B_P_0_D1_48.txt,48,5dde37955d563b4d70f0c78daca80d9f7bb6a7390f601f2bf8ef0d7c5a174809,detection_label
巡检识别\第一批优先资料\02_检测框与置信度输出\02_人造管涌渗漏点红外图像（验证）检测结果\detections\labels\P_AH230620_A_S_T_20_B_P_0_D1_04.txt,47,0a4f26d83763226ab273ef123c04a638a0d95e6ce86365186b5fc623e7bf9920,detection_label
巡检识别\第一批优先资料\02_检测框与置信度输出\02_人造管涌渗漏点红外图像（验证）检测结果\detections\labels\P_AH230620_A_S_T_20_B_P_0_D1_20.txt,48,42378120d98a92024b423840a60780f5f064f5ba1e389e393823afbe18e6f7b3,detection_label
巡检识别\第一批优先资料\02_检测框与置信度输出\02_人造管涌渗漏点红外图像（验证）检测结果\detections\labels\P_AH230620_A_S_T_20_B_P_0_D1_27.txt,47,e0ff726df4fce0ab083e21a5461c85215f45844e550cf5fdad5a39502d62920a,detection_label
巡检识别\第一批优先资料\02_检测框与置信度输出\02_人造管涌渗漏点红外图像（验证）检测结果\detections\labels\tu0196.txt,95,abe741f4b51f250e75f48035309c0e9bdb0eacdc623b75df3297ee663fc59f69,detection_label
巡检识别\第一批优先资料\02_检测框与置信度输出\02_人造管涌渗漏点红外图像（验证）检测结果\detections\P_AH230620_A_S_T_10_B_P_0_D1_02.jpg,115604,00fda6143549add89f70d79c556a04d8b9372a75ee54bdb6c9e0c7f1b06a5ae8,image
巡检识别\第一批优先资料\02_检测框与置信度输出\02_人造管涌渗漏点红外图像（验证）检测结果\detections\P_AH230620_A_S_T_10_B_P_0_D1_04.jpg,111907,27a232d480158d724367edddb516d3ba821328c988cfb443fd0375360206461b,image
巡检识别\第一批优先资料\02_检测框与置信度输出\02_人造管涌渗漏点红外图像（验证）检测结果\detections\P_AH230620_A_S_T_10_B_P_0_D1_48.jpg,127894,0c16d099c77eb131812f73ad1036f76aeea7123244d14423e2d5d9aea15a7365,image
巡检识别\第一批优先资料\02_检测框与置信度输出\02_人造管涌渗漏点红外图像（验证）检测结果\detections\P_AH230620_A_S_T_20_B_P_0_D1_04.jpg,125481,8eff5fd9fd8d9f8ed763292cf8a5bce0d1e20a4def993406308e6a146db27c88,image
巡检识别\第一批优先资料\02_检测框与置信度输出\02_人造管涌渗漏点红外图像（验证）检测结果\detections\P_AH230620_A_S_T_20_B_P_0_D1_20.jpg,115085,59b530e15f45de3da7d53fd2c460ebabd6ba6468bb1731f3eef3ac37836d63be,image
巡检识别\第一批优先资料\02_检测框与置信度输出\02_人造管涌渗漏点红外图像（验证）检测结果\detections\P_AH230620_A_S_T_20_B_P_0_D1_27.jpg,103196,a3333aa4fd645aedf1633350a28af75f463ff686048a306d4c2904bcc0cd12aa,image
巡检识别\第一批优先资料\02_检测框与置信度输出\02_人造管涌渗漏点红外图像（验证）检测结果\detections\tu0196.jpg,87571,cf2aa4f249210000fc108e9d71faf5153b0c3a6de50ecc717b2cbfc47decc7bf,image
巡检识别\第一批优先资料\03_飞行轨迹与时间戳\20260927-153909.png,1595526,e0ba0636f57dcfaa3d1638337575f86cef9177f93b46047d0fe4525c1135b82f,image
巡检识别\第一批优先资料\03_飞行轨迹与时间戳\20260927-153959.png,2171023,a20e092ba6b7ed542be45f290f26d15f3548570e57ff72e6f327576685f019f6,image
巡检识别\第一批优先资料\03_飞行轨迹与时间戳\20260927-154030.png,1921821,1fe6e2aa5a617b5079403291543adeb3c115d5a9a967e0fd09aea0fcfb189373,image
巡检识别\第一批优先资料\03_飞行轨迹与时间戳\20260927-154037.png,2099501,748f1aab82eb9118636bacd417388301f38f81e283a1627b7fd826f889fab80a,image
巡检识别\第一批优先资料\03_飞行轨迹与时间戳\20260927-154139.png,1384457,f46da7cc7f28106542ba4405b0ad82b4048732b5df04ea80aa32ff8cd99ffb3e,image
巡检识别\第一批优先资料\03_飞行轨迹与时间戳\20260927-154148.png,1460442,c1af326b08f864900de7c033f869aeb18d94ef913ed4f9e150f0ce54bdfb4a1a,image
巡检识别\第一批优先资料\03_飞行轨迹与时间戳\20260927-154220.png,1464015,3eaa6c40922ee07a8aa0c9a061eb698b66bad103d693629b825d24251ac8aec2,image
巡检识别\第一批优先资料\03_飞行轨迹与时间戳\20260927-154229.png,1545355,125ee074cda60972d29b78c2fa9a87f64981dba8e6e551fd036fa9a127f10d19,image
巡检识别\第一批优先资料\03_飞行轨迹与时间戳\20260927-154308.png,1825496,3071a49358caf28517b4634e27d87e554250bd1b402de9c258f4c05a9509bc1b,image
巡检识别\第一批优先资料\03_飞行轨迹与时间戳\20260927-154315.png,1894616,bb77c3a9ef0ec1cf8a952a702d1879485173d23280b6562408581c85a083d52d,image
巡检识别\第一批优先资料\03_飞行轨迹与时间戳\20260927-154417.png,1865711,d221823e6e2f0d13038fd65b8460770c0809fd6b8140686eb7809a1ba9edc015,image
巡检识别\第一批优先资料\03_飞行轨迹与时间戳\20260927-154907.png,1585250,834e27fd171fd59f09b2f25c8fee91f9918c367161131f274198734ba104eeff,image
巡检识别\第一批优先资料\03_飞行轨迹与时间戳\20260927-154427.png,2016035,21f802b2b0a98f655edd44cf25c6e9e725c7b6b04a57789ed3640369c60f9798,image
巡检识别\第一批优先资料\04_可疑点复核记录\DJI_20250828095151_0051_T.jpg,173142,85f28cfff02ffb92ea86fc9ef7fb111b06ddfe973c2a9430a5159d0c312ad01e,image
巡检识别\第一批优先资料\04_可疑点复核记录\DJI_20250828103905_0002_T.jpg,192076,c1394f43bdb70e4f55a3693cb02f86b853fb47d03a225cd84a7e6853d8f80132,image
巡检识别\第一批优先资料\04_可疑点复核记录\DJI_20250828104036_0004_T.jpg,167407,0313497a16d567f2e3cb5ead5e7aa68c91063b40f0e0f78706707bd23209ebd0,image
巡检识别\第一批优先资料\04_可疑点复核记录\DJI_20250828104333_0006_T.jpg,255055,f5462a13c6b6c57d67d4103fba117127cfb608792ca77ca95b98a939ae19481c,image
巡检识别\第一批优先资料\04_可疑点复核记录\DJI_20250828105139_0013_T.jpg,222032,a1008454eb4894a42505a214f2887d273142e28271ca06ae7e4474c955014a98,image
巡检识别\第一批优先资料\04_可疑点复核记录\DJI_20250828105859_0021_T.jpg,127774,c31289bbf135e9401ee0f05ee81f9270aa2aa4ba10b7f52e3cdbacb93c0dd4ea,image
巡检识别\第一批优先资料\04_可疑点复核记录\DJI_20250828110128_0023_T.jpg,171672,b37e74cd5af37b9cb1e627ac54c44138b0954cc1b483338609e9194bc9f7e41a,image
巡检识别\第一批优先资料\04_可疑点复核记录\DJI_20250828111341_0029_T.jpg,223456,630bdb10598bad87708a1da2726dd7691e0f0bac16f00128aae954e05ad6c326,image
巡检识别\第一批优先资料\04_可疑点复核记录\DJI_20250828111347_0030_T.jpg,225990,b537c6029cffc0b0f595f610181687f8329892966d09f8ab106cb810bb259952,image
巡检识别\第一批优先资料\04_可疑点复核记录\可疑点复核记录表.xlsx,3625853,16c666df753bf685fc2eb668a5870dddc56df361bc22c076f58f5437032c85a0,review_table
巡检识别\第二批补充资料\01_原始辐射温度\原始图像辐射温度报告.pdf,50916096,f7e3ec2607a2254c810cd0b241976be5aa1f2ef1c56ba0cc52277e2dea903851,radiometric_report
巡检识别\第二批补充资料\01_原始辐射温度\原始辐射温度图像\DJI_20250828094102_0001_T_JPG__2026_09_27_19_27_17.jpg,668113,4fde9d4426ee67be780330b94717d95960b3226bd5ec6b2bf439e24e0a67ad11,image
巡检识别\第二批补充资料\01_原始辐射温度\原始辐射温度图像\DJI_20250828094140_0002_T_JPG__2026_09_27_19_27_18.jpg,707000,150976bb6c9d34864dc5cd9e0de58fe2964043d95c846f0839e167e996d47ae8,image
巡检识别\第二批补充资料\01_原始辐射温度\原始辐射温度图像\DJI_20250828094205_0003_T_JPG__2026_09_27_19_27_18.jpg,715068,b94a5efbe2a88e9710f425924e6f1426c30805ed99aa5002c2c7c93985ae5ae9,image
巡检识别\第二批补充资料\01_原始辐射温度\原始辐射温度图像\DJI_20250828094211_0004_T_JPG__2026_09_27_19_27_18.jpg,708811,d872bcc9d2a9edb1ad90944e81521f7185f47eedb483057f4f8345397eabb9c2,image
巡检识别\第二批补充资料\01_原始辐射温度\原始辐射温度图像\DJI_20250828094214_0005_T_JPG__2026_09_27_19_27_19.jpg,718748,f575ce67f13ab780ef522c1271335bc9fa669a6b9656ec499134039b9effb37e,image
巡检识别\第二批补充资料\01_原始辐射温度\原始辐射温度图像\DJI_20250828094219_0006_T_JPG__2026_09_27_19_27_19.jpg,726256,be2ee2c6ec57ecebf453fd5abbc16b3d6468de41e659b83b52b938233990a0aa,image
巡检识别\第二批补充资料\01_原始辐射温度\原始辐射温度图像\DJI_20250828094335_0007_T_JPG__2026_09_27_19_27_19.jpg,718055,8eb58a14e71dbea915c7c8e4d3cf32bb47f9ca7534f56ef7d2abd2043c407862,image
巡检识别\第二批补充资料\01_原始辐射温度\原始辐射温度图像\DJI_20250828094339_0008_T_JPG__2026_09_27_19_27_20.jpg,716771,92b8f9e63edb06ee3664e2ee5c66386ab929bca6c048e59a04532921dee407c8,image
巡检识别\第二批补充资料\01_原始辐射温度\原始辐射温度图像\DJI_20250828094527_0009_T_JPG__2026_09_27_19_27_20.jpg,701337,eb19690dadb36cb215588531d9ebf0f174d9f9ca4d80730771a6a64bd9daa2ca,image
巡检识别\第二批补充资料\01_原始辐射温度\原始辐射温度图像\DJI_20250828094535_0010_T_JPG__2026_09_27_19_27_20.jpg,676039,6693abc40a82811a1ea11f1742994dbc1cb2825b46d0037d70a9ce80887d006c,image
巡检识别\第二批补充资料\01_原始辐射温度\原始辐射温度图像\DJI_20250828094537_0011_T_JPG__2026_09_27_19_27_20.jpg,666663,a305cdc0a58571a81e2888bd4d70c3ec2579a9347f5630125928136dc4a75937,image
巡检识别\第二批补充资料\01_原始辐射温度\原始辐射温度图像\DJI_20250828094539_0012_T_JPG__2026_09_27_19_27_21.jpg,667346,4241936aca88b8b4d2654c02a323183060fccd1b2c2608661c2b9597cbb0a164,image
巡检识别\第二批补充资料\01_原始辐射温度\原始辐射温度图像\DJI_20250828094541_0013_T_JPG__2026_09_27_19_27_21.jpg,668085,04b847ed3b49dc465b5bc78d7ba9bcaa99317b1a161996395bf35af09c1ddb67,image
巡检识别\第二批补充资料\01_原始辐射温度\原始辐射温度图像\DJI_20250828094543_0014_T_JPG__2026_09_27_19_27_21.jpg,690340,09a1c4ecef5f2749b7209829044880cd947c000d5ffca6e46be4f42d3adb8bdc,image
巡检识别\第二批补充资料\01_原始辐射温度\原始辐射温度图像\DJI_20250828094547_0015_T_JPG__2026_09_27_19_27_22.jpg,708451,92cdbfc1f84f97fd89c84f4b4d6633749b8940c4ff3880c8fbe04dc58b047426,image
巡检识别\第二批补充资料\01_原始辐射温度\原始辐射温度图像\DJI_20250828094550_0016_T_JPG__2026_09_27_19_27_22.jpg,709452,2eef09f0325148aa8e6c99e885227623eba207a516e116fbd315d482b892381e,image
巡检识别\第二批补充资料\01_原始辐射温度\原始辐射温度图像\DJI_20250828094554_0017_T_JPG__2026_09_27_19_27_22.jpg,704191,d342a2b4bc93f87c42226cebf7a7ee247fb035eee84bd05f1086f4fa76cdf713,image
巡检识别\第二批补充资料\01_原始辐射温度\原始辐射温度图像\DJI_20250828094556_0018_T_JPG__2026_09_27_19_27_22.jpg,700762,4f96c4ef3d5c66a893c6abdc72c91e6ca85dbc2c13a7f2ed69f703a3f09f8360,image
巡检识别\第二批补充资料\01_原始辐射温度\原始辐射温度图像\DJI_20250828094558_0019_T_JPG__2026_09_27_19_27_23.jpg,709450,351abcf380c464e4eb38d817174dbf9f3102f24c0bdd4ee10b6dae6325e7c1e6,image
巡检识别\第二批补充资料\01_原始辐射温度\原始辐射温度图像\DJI_20250828094600_0020_T_JPG__2026_09_27_19_27_23.jpg,693591,fd44484035cbb322b5fb511d2faa23d595c32638b0a10bc84aa89436fd696d05,image
巡检识别\第二批补充资料\01_原始辐射温度\原始辐射温度图像\DJI_20250828094602_0021_T_JPG__2026_09_27_19_27_23.jpg,707301,199740f8734d23cd417b9432118b527c97ae11675d2b8fc57f3ca3f0dad51f5f,image
巡检识别\第二批补充资料\01_原始辐射温度\原始辐射温度图像\DJI_20250828094605_0022_T_JPG__2026_09_27_19_27_24.jpg,704686,3b4043d74c45114ef06bf5537dc4c1377676764904fd47ff1e13cf998205f26f,image
巡检识别\第二批补充资料\01_原始辐射温度\原始辐射温度图像\DJI_20250828094607_0023_T_JPG__2026_09_27_19_27_24.jpg,704420,690755eb2f9cbe70548415f81cc7cb66b3991ebd40f19a4779626991f09e547a,image
巡检识别\第二批补充资料\01_原始辐射温度\原始辐射温度图像\DJI_20250828094610_0024_T_JPG__2026_09_27_19_27_24.jpg,698226,646a789d3767a733baa6066fa4e961d5f94d062bd8faaf979eccf1ed85aa4005,image
巡检识别\第二批补充资料\01_原始辐射温度\原始辐射温度图像\DJI_20250828094849_0025_T_JPG__2026_09_27_19_27_25.jpg,706865,bd90824f9af2e0dd0ba89c5b1c4093dffda13ff3e3180584a1f1a91169f94c6c,image
巡检识别\第二批补充资料\01_原始辐射温度\原始辐射温度图像\DJI_20250828094851_0026_T_JPG__2026_09_27_19_27_25.jpg,709631,8a517e633ceb59dc05506e14ec460f91630ab30c632e5df570b8d97ba47f0753,image
巡检识别\第二批补充资料\01_原始辐射温度\原始辐射温度图像\DJI_20250828094854_0027_T_JPG__2026_09_27_19_27_25.jpg,706642,9b721bc1bf0bd9bc7e956b61394efb75d0db3eaf5710920dd23d0bdcbe7c8bb5,image
巡检识别\第二批补充资料\01_原始辐射温度\原始辐射温度图像\DJI_20250828094859_0028_T_JPG__2026_09_27_19_27_25.jpg,698747,b117e7a98112c5039b80b9ec441ff7610c99ad1cd51fe7d86fd79df9f68f26d7,image
巡检识别\第二批补充资料\01_原始辐射温度\原始辐射温度图像\DJI_20250828094903_0029_T_JPG__2026_09_27_19_27_26.jpg,699121,8a2d216bc801efea7d5b265c2c1aa13722a1be494276b61fa565534e0fef1a1a,image
巡检识别\第二批补充资料\01_原始辐射温度\原始辐射温度图像\DJI_20250828094905_0030_T_JPG__2026_09_27_19_27_26.jpg,700130,40c7b460df2ffb2de1b88d808bc3f400d859a8da1298bcdf9bb0a72726b6fc09,image
巡检识别\第二批补充资料\01_原始辐射温度\原始辐射温度图像\DJI_20250828094908_0031_T_JPG__2026_09_27_19_27_26.jpg,698817,66d48865b909a11c4f835ebe11d4252fb022bd006586c708ce5c6d78996fdc6b,image
巡检识别\第二批补充资料\01_原始辐射温度\原始辐射温度图像\DJI_20250828094912_0032_T_JPG__2026_09_27_19_27_27.jpg,699691,030484339891b4c6786d6ea0c6cc539016ec05341dde0be9b501830e5baf2cc6,image
巡检识别\第二批补充资料\01_原始辐射温度\原始辐射温度图像\DJI_20250828094919_0033_T_JPG__2026_09_27_19_27_27.jpg,694144,d54c35ca7a71a9e4d275482de72675b22901b3ba3975f932a2dd3c32c0d8ab72,image
巡检识别\第二批补充资料\01_原始辐射温度\原始辐射温度图像\DJI_20250828094921_0034_T_JPG__2026_09_27_19_27_27.jpg,679482,7060d66f8b88af4896b515c647e78ed19e7c58a06e80e05f178d1f21543f6bf3,image
巡检识别\第二批补充资料\01_原始辐射温度\原始辐射温度图像\DJI_20250828094924_0035_T_JPG__2026_09_27_19_27_28.jpg,681624,f3fe7d3c622db35337503b24a30fc3a29728be7447c2a67a94d57e229b9f2330,image
巡检识别\第二批补充资料\01_原始辐射温度\原始辐射温度图像\DJI_20250828094926_0036_T_JPG__2026_09_27_19_27_28.jpg,672866,7234daa63d564d3f5d8f39c84c6151e522bf505475cd44e6e828d0393eae6a43,image
巡检识别\第二批补充资料\01_原始辐射温度\原始辐射温度图像\DJI_20250828094930_0037_T_JPG__2026_09_27_19_27_28.jpg,665222,bb2af1e26faf9e3f29a96fed0fc9b1369a025d5b4eaac61b1e82ccce95de5a60,image
巡检识别\第二批补充资料\01_原始辐射温度\原始辐射温度图像\DJI_20250828094933_0038_T_JPG__2026_09_27_19_27_29.jpg,652950,1b1e9ab3b868e432245ed8f23a7447e1e22150c278909bcca86f7a9c48b4c2c3,image
巡检识别\第二批补充资料\01_原始辐射温度\原始辐射温度图像\DJI_20250828094935_0039_T_JPG__2026_09_27_19_27_29.jpg,633917,05d08fbe325a2e5305dad223d64b26ab10e0e3ec9935f801d6f0e244709dc08b,image
巡检识别\第二批补充资料\01_原始辐射温度\原始辐射温度图像\DJI_20250828094937_0040_T_JPG__2026_09_27_19_27_29.jpg,625133,9620e93b49fb28c3ca45c637a34c2c54fcf0f0c26f7610bee95fea6b41629c20,image
巡检识别\第二批补充资料\01_原始辐射温度\原始辐射温度图像\DJI_20250828094939_0041_T_JPG__2026_09_27_19_27_29.jpg,640650,5a6fcab25c06ce896f2ecc8e411387c74aef08167e0bc94e7699ebf2fdc2c756,image
巡检识别\第二批补充资料\01_原始辐射温度\原始辐射温度图像\DJI_20250828094941_0042_T_JPG__2026_09_27_19_27_30.jpg,641427,6734a7b76992e001d49c2a13a4dd2653016e6b9b94eff959cb672d5cd9b089ed,image
巡检识别\第二批补充资料\01_原始辐射温度\原始辐射温度图像\DJI_20250828094943_0043_T_JPG__2026_09_27_19_27_30.jpg,651512,93f953834553b7a4bf3196623ea47d03b816f1bf64f5c141c252af92f4960ee5,image
巡检识别\第二批补充资料\01_原始辐射温度\原始辐射温度图像\DJI_20250828095100_0044_T_JPG__2026_09_27_19_27_30.jpg,641748,1c721911eb50146e97d2c0449f3c368f7ec89e87b38aa6d1a1744c0ac9bbed00,image
巡检识别\第二批补充资料\01_原始辐射温度\原始辐射温度图像\DJI_20250828095136_0045_T_JPG__2026_09_27_19_27_31.jpg,656843,e4771af0971ae8f61dc0c24142394b14fffd5989c1cabb39aec9dc481872e823,image
巡检识别\第二批补充资料\01_原始辐射温度\原始辐射温度图像\DJI_20250828095141_0046_T_JPG__2026_09_27_19_27_31.jpg,643152,42f732897179617885911e7777f00154586203208ac2d3891200ba5a379ea141,image
巡检识别\第二批补充资料\01_原始辐射温度\原始辐射温度图像\DJI_20250828095143_0047_T_JPG__2026_09_27_19_27_31.jpg,644207,351b61c22fd071f76f75907ab2bca33718ff11c6666a2afcd0d7c265a6201deb,image
巡检识别\第二批补充资料\01_原始辐射温度\原始辐射温度图像\DJI_20250828095144_0048_T_JPG__2026_09_27_19_27_32.jpg,659610,1b02f13e7c90e354151ce31e66ab5f3903b3ff3f4f140696c281ca58a76bb476,image
巡检识别\第二批补充资料\01_原始辐射温度\原始辐射温度图像\DJI_20250828095146_0049_T_JPG__2026_09_27_19_27_32.jpg,642701,e90bc3150011bf3e774af5aa31ee1f471a2179ce8e52f8fd2c4f5ad5539cee6b,image
巡检识别\第二批补充资料\01_原始辐射温度\原始辐射温度图像\DJI_20250828095148_0050_T_JPG__2026_09_27_19_27_32.jpg,663989,553f28721db16f319c7e246ce74cb8a652df2df0ded0ed74df8bfa38e71bb52d,image
巡检识别\第二批补充资料\01_原始辐射温度\原始辐射温度图像\DJI_20250828095151_0051_T_JPG__2026_09_27_19_27_32.jpg,669485,001dbb2908835387d0c9a748866ba5eab10af42ee91952a86023b0f273d37a05,image
巡检识别\第二批补充资料\01_原始辐射温度\原始辐射温度图像\DJI_20250828095153_0052_T_JPG__2026_09_27_19_27_33.jpg,665845,0093220c4ca3c43f3260b34bb655b44507d63619a96b3a117c123695f1c1dbbc,image
巡检识别\第二批补充资料\01_原始辐射温度\原始辐射温度图像\DJI_20250828095155_0053_T_JPG__2026_09_27_19_27_33.jpg,647840,7ae634308817d206ccbaa1701d4f694ca83080a0c4165eac5f8df833b39a76b3,image
巡检识别\第二批补充资料\01_原始辐射温度\原始辐射温度图像\DJI_20250828095158_0054_T_JPG__2026_09_27_19_27_33.jpg,613823,fbbfb028e5c1af8b4f12263ac63fa4448d1bfb939f2fdb2e750c66f745c4060b,image
巡检识别\第二批补充资料\01_原始辐射温度\原始辐射温度图像\DJI_20250828095200_0055_T_JPG__2026_09_27_19_27_34.jpg,609137,e891685fcd7e413523af62a7755b2d4f28b4d52cb58293daaad621847db2cde1,image
巡检识别\第二批补充资料\01_原始辐射温度\原始辐射温度图像\DJI_20250828095202_0056_T_JPG__2026_09_27_19_27_34.jpg,631961,9303db564d437fa94debb0690919d1c13069770f22e69bb26cd74233cc574e32,image
巡检识别\第二批补充资料\01_原始辐射温度\原始辐射温度图像\DJI_20250828095205_0057_T_JPG__2026_09_27_19_27_34.jpg,643199,570dbc577937335d4f9beb9507d87241e58324bdd824de6d00e8239516b940da,image
巡检识别\第二批补充资料\01_原始辐射温度\原始辐射温度图像\DJI_20250828095207_0058_T_JPG__2026_09_27_19_27_35.jpg,642942,220c62d537e4a99153b276f75f9139e6c84d6703a5602cdf2d6748f20b072dcc,image
巡检识别\第二批补充资料\01_原始辐射温度\原始辐射温度图像\DJI_20250828095214_0059_T_JPG__2026_09_27_19_27_35.jpg,639250,2f1a21178752469500c5e6de0492fde5c4c48b5fa5d23043bab4cb71d101a7a5,image
巡检识别\第二批补充资料\01_原始辐射温度\原始辐射温度图像\DJI_20250828095221_0060_T_JPG__2026_09_27_19_27_35.jpg,645773,bae75e3f07e544e633ae6a09372ebb4cc1f7b1ce215c606fc1161114661e75bc,image
巡检识别\第二批补充资料\01_原始辐射温度\原始辐射温度图像\DJI_20250828095314_0061_T_JPG__2026_09_27_19_27_35.jpg,673619,b67615c8b456371d6cb881122fa3e1ef79d920a662243a5f787335f02cba5e37,image
巡检识别\第二批补充资料\01_原始辐射温度\原始辐射温度图像\DJI_20250828095320_0062_T_JPG__2026_09_27_19_27_36.jpg,650347,84c3ba37c60092d287675726cb4f5daa29eb7ca055855bad6c5af85825b11ed9,image
巡检识别\第二批补充资料\01_原始辐射温度\原始辐射温度图像\DJI_20250828095346_0063_T_JPG__2026_09_27_19_27_36.jpg,723361,4d5370487bf1c1e05dd312349535fcf5f2b72d00ca3dc989c905bc04f30224a0,image
巡检识别\第二批补充资料\01_原始辐射温度\原始辐射温度图像\DJI_20250828095357_0064_T_JPG__2026_09_27_19_27_36.jpg,706451,39ef97ae3e9634a18016d338405fa741a18fa54cb2ad040efa1c7833df0c6385,image
巡检识别\第二批补充资料\01_原始辐射温度\原始辐射温度图像\DJI_20250828095359_0065_T_JPG__2026_09_27_19_27_37.jpg,701545,045f2ef123114a9977c4b79f75d24ebbf4d2ffd5adc863857bcb7c3a1d7d3f26,image
巡检识别\第二批补充资料\01_原始辐射温度\原始辐射温度图像\DJI_20250828095402_0066_T_JPG__2026_09_27_19_27_37.jpg,702709,0f3ae64fa76703d971e1a7b26155d3bce555d792feb8e86a528cd19307f6d9d7,image
巡检识别\第二批补充资料\01_原始辐射温度\原始辐射温度图像\DJI_20250828095406_0067_T_JPG__2026_09_27_19_27_37.jpg,707104,35232b2dbeedfb4530a3aba01dc175680f825d8cc9280b1e89ad061160d56ee8,image
巡检识别\第二批补充资料\01_原始辐射温度\原始辐射温度图像\DJI_20250828095419_0068_T_JPG__2026_09_27_19_27_37.jpg,684034,0433288906e8caa5b6f4a5d564b9013978d68db7321eefebeb9049611b4fc55d,image
巡检识别\第二批补充资料\01_原始辐射温度\原始辐射温度图像\DJI_20250828095427_0069_T_JPG__2026_09_27_19_27_38.jpg,686128,d1f7833ba44fe77ede74e40039de8f255e7091b0d48fe0845c73c1fefc30046f,image
巡检识别\第二批补充资料\01_原始辐射温度\原始辐射温度图像\DJI_20250828095430_0070_T_JPG__2026_09_27_19_27_38.jpg,693653,a48036d247ae0dadb84f7ad690500467e031a1cd44329cdcd2b561a0b3afc361,image
巡检识别\第二批补充资料\01_原始辐射温度\原始辐射温度图像\DJI_20250828095434_0071_T_JPG__2026_09_27_19_27_38.jpg,715920,f1ce5fc5167350c12bb54dd225ec546299ff8c41f8686bb2c0381491ab7efabf,image
巡检识别\第二批补充资料\01_原始辐射温度\原始辐射温度图像\DJI_20250828095626_0072_T_JPG__2026_09_27_19_27_39.jpg,684507,92dacbd48a6e5be39442bb0dfd487ec83dfe67de211c00ff442fe342138eeb7a,image
巡检识别\第二批补充资料\01_原始辐射温度\原始辐射温度图像\DJI_20250828095659_0073_T_JPG__2026_09_27_19_27_39.jpg,663052,0fc3af67504cd10c168ffe8395d299860918f01b6bb9df611c2430c6d5977b20,image
巡检识别\第二批补充资料\01_原始辐射温度\原始辐射温度图像\DJI_20250828095702_0074_T_JPG__2026_09_27_19_27_39.jpg,655047,0219cbab829ef09c29621eb83d1f1fcf21cdcdc76a9e6b4edd1797df86bf6881,image
巡检识别\第二批补充资料\01_原始辐射温度\原始辐射温度图像\DJI_20250828095733_0075_T_JPG__2026_09_27_19_27_39.jpg,801395,c2b4006e94e9fce61204e3e33a3bbd89fdecfa58e301dc387192a0fc21622bcf,image
巡检识别\第二批补充资料\01_原始辐射温度\原始辐射温度图像\DJI_20250828095745_0076_T_JPG__2026_09_27_19_27_40.jpg,637389,45ee3d65eb94301a5f8c5ae56f859c79b71956c3eb2c4c1cfa4b2265e061cf69,image
巡检识别\第二批补充资料\01_原始辐射温度\原始辐射温度图像\DJI_20250828095754_0077_T_JPG__2026_09_27_19_27_40.jpg,633806,3907cccdb85e61502e25d239a2b8232c736c670ec74e04572ed815694c905b21,image
巡检识别\第二批补充资料\01_原始辐射温度\原始辐射温度图像\DJI_20250828095848_0078_T_JPG__2026_09_27_19_27_40.jpg,565026,481b8c85a3ab8e5f42c563b0672f5b6f2abacd9a8b26dd11b95487169e4cbc99,image
巡检识别\第二批补充资料\01_原始辐射温度\原始辐射温度图像\DJI_20250828095908_0079_T_JPG__2026_09_27_19_27_41.jpg,662844,6ccce2bb77703ef8a33fb6da1e847e4e3dd5506d1b29ff017116642d0d11472a,image
巡检识别\第二批补充资料\01_原始辐射温度\原始辐射温度图像\DJI_20250828095911_0080_T_JPG__2026_09_27_19_27_41.jpg,639185,5aa9e391d79e4ce59f9520c07d15c427346c2c93b6be547624809e5546658f76,image
巡检识别\第二批补充资料\01_原始辐射温度\原始辐射温度图像\DJI_20250828095914_0081_T_JPG__2026_09_27_19_27_41.jpg,546572,2b0b93bfa6d683606a14debab53d7f954bdafb81c4f5666c3c1bf252d50a93fc,image
巡检识别\第二批补充资料\01_原始辐射温度\原始辐射温度图像\DJI_20250828095916_0082_T_JPG__2026_09_27_19_27_41.jpg,550547,f7b61d193d607993990c0e37fa3b0f584608c6541b97b9bef82bcca87568a1eb,image
巡检识别\第二批补充资料\01_原始辐射温度\原始辐射温度图像\DJI_20250828095940_0083_T_JPG__2026_09_27_19_27_42.jpg,661596,63cd79eab3f355ce1ec36970e31f7314e6426db2a14dd629a46edfc37aa2296e,image
巡检识别\第二批补充资料\01_原始辐射温度\原始辐射温度图像\DJI_20250828100004_0084_T_JPG__2026_09_27_19_27_42.jpg,694326,3aa69bf72634fe7f74876250d3ba7fdb3fd1116a0aa0b7e81440b206cd49a3f5,image
巡检识别\第二批补充资料\01_原始辐射温度\原始辐射温度图像\DJI_20250828100053_0085_T_JPG__2026_09_27_19_27_42.jpg,716101,b98af1c9315beb0dfe32fcd906f758c66d32ee53a6190e4737c4b5c40ee74163,image
巡检识别\第二批补充资料\01_原始辐射温度\原始辐射温度图像\DJI_20250828100114_0086_T_JPG__2026_09_27_19_27_43.jpg,719778,876501358f6a3219cf3bd9c59cf8c3b4505fca0d7c6e9590a2eea664cc976f96,image
巡检识别\第二批补充资料\01_原始辐射温度\原始辐射温度图像\DJI_20250828100204_0087_T_JPG__2026_09_27_19_27_43.jpg,660260,8fc75bf3fe23f09fa40f6dd8803d1a42f5eea2b9b0c97b4eacb790aa7e54b3c5,image
巡检识别\第二批补充资料\01_原始辐射温度\原始辐射温度图像\DJI_20250828103837_0001_T_JPG__2026_09_27_19_27_43.jpg,636845,3334e86632206c61d7bd823ff8ac2437f43a60b58bbefb1d769689a9efc7f580,image
巡检识别\第二批补充资料\01_原始辐射温度\原始辐射温度图像\DJI_20250828103905_0002_T_JPG__2026_09_27_19_27_44.jpg,649489,db6e2d6be2cd8c5fbdd28e09803c2b2470169a6a8977c4fba74322b67b592313,image
巡检识别\第二批补充资料\01_原始辐射温度\原始辐射温度图像\DJI_20250828104036_0004_T_JPG__2026_09_27_19_27_44.jpg,651831,d69ef06746a623394cc1233320b8a33f2fda005749f95cb07057196db49c4e93,image
巡检识别\第二批补充资料\01_原始辐射温度\原始辐射温度图像\DJI_20250828104041_0005_T_JPG__2026_09_27_19_27_45.jpg,633760,1255782c58cfc7c6b414da12dd7798f2181eb236749b83b163cab922ca5da6b7,image
巡检识别\第二批补充资料\01_原始辐射温度\原始辐射温度图像\DJI_20250828104333_0006_T_JPG__2026_09_27_19_27_45.jpg,724265,feb5839ea91d2206502aa944749eed9e11744949e8708be7cbb50701c12098ae,image
巡检识别\第二批补充资料\01_原始辐射温度\原始辐射温度图像\DJI_20250828104817_0010_T_JPG__2026_09_27_19_27_45.jpg,595293,b265ddfa76f8f224486b87fabb2326f36f3830d8d0bd65e6f9fbd94ff8c4e377,image
巡检识别\第二批补充资料\01_原始辐射温度\原始辐射温度图像\DJI_20250828105118_0011_T_JPG__2026_09_27_19_27_46.jpg,580707,4ad4014c3c6b0d28d3c1b28d9f2e3479e8a1ecbbfb594e2cc9906b044fb6805d,image
巡检识别\第二批补充资料\01_原始辐射温度\原始辐射温度图像\DJI_20250828105123_0012_T_JPG__2026_09_27_19_27_46.jpg,574011,9e2ffe60846835ff9ddddf9900aeea7f68fdfb65e47cdf5c312eeb0c20ea67f0,image
巡检识别\第二批补充资料\01_原始辐射温度\原始辐射温度图像\DJI_20250828105139_0013_T_JPG__2026_09_27_19_27_47.jpg,656067,0a806796be3fe7f2b11c0c628bcef6b9c7d62e2eb7d97f66116147fb6a2a3bc8,image
巡检识别\第二批补充资料\01_原始辐射温度\原始辐射温度图像\DJI_20250828105159_0014_T_JPG__2026_09_27_19_27_47.jpg,697384,32f7e997d507938fd84abc6094035cde022ea579e3d5ee8a998315e663d198f4,image
巡检识别\第二批补充资料\01_原始辐射温度\原始辐射温度图像\DJI_20250828105229_0015_T_JPG__2026_09_27_19_27_48.jpg,735373,43e86c71ba76c044f1a23daf3c6ffa16c7b1cb10d2f4818456b4231c388e6e3e,image
巡检识别\第二批补充资料\01_原始辐射温度\原始辐射温度图像\DJI_20250828105239_0016_T_JPG__2026_09_27_19_27_48.jpg,735430,5c5f41dcb0aca3e6003df676ef6106266bb935818622380c284d26df0e510a16,image
巡检识别\第二批补充资料\01_原始辐射温度\原始辐射温度图像\DJI_20250828105853_0020_T_JPG__2026_09_27_19_27_49.jpg,446453,b0d698b63417c526b9f5862705b4724f29097c9550798b4f5935b77dce7e475a,image
巡检识别\第二批补充资料\01_原始辐射温度\原始辐射温度图像\DJI_20250828105859_0021_T_JPG__2026_09_27_19_27_49.jpg,451117,a1a707ab89c7540e38d339fc228e6c0f27ef90bf62eabcd4744d43cc073a968d,image
巡检识别\第二批补充资料\01_原始辐射温度\原始辐射温度图像\DJI_20250828110128_0023_T_JPG__2026_09_27_19_27_49.jpg,659165,b20801fafbb004d563ce8adda414a66281a12a4b756376a2cc097d27bf2ac14e,image
巡检识别\第二批补充资料\01_原始辐射温度\原始辐射温度图像\DJI_20250828110229_0024_T_JPG__2026_09_27_19_27_50.jpg,678958,9329532c7146a28ebb5e14645bd55036ae4014c1db93a492a2cdc2093ba2ce3f,image
巡检识别\第二批补充资料\01_原始辐射温度\原始辐射温度图像\DJI_20250828110510_0026_T_JPG__2026_09_27_19_27_50.jpg,704164,ece9c46cf5afe972ad85e7ff21fc9e19ddbdeceb1e7a807ad16b08df4b19c327,image
巡检识别\第二批补充资料\01_原始辐射温度\原始辐射温度图像\DJI_20250828111341_0029_T_JPG__2026_09_27_19_27_51.jpg,781563,5f3016ad267ad0ad00b66d29c333782b82b3986352893f8e08125aafbff20822,image
巡检识别\第二批补充资料\01_原始辐射温度\原始辐射温度图像\DJI_20250828111347_0030_T_JPG__2026_09_27_19_27_51.jpg,793351,98da38639ae97688e73b8992236cf250505e7337bf4b7841f27ecc0c08668e5c,image
巡检识别\第二批补充资料\01_原始辐射温度\原始辐射温度图像\DJI_20250828111402_0031_T_JPG__2026_09_27_19_27_52.jpg,721520,5ef461260041121c8aa178bb458e8686954b8ddef1f25a8b232da60a5fcdbbe6,image
巡检识别\第二批补充资料\01_原始辐射温度\原始辐射温度图像\DJI_20250828111520_0032_T_JPG__2026_09_27_19_27_52.jpg,563205,5b87fd9ad89d2da8cfc620773678bcc0a4a89e48a73fdff274afb78851aa7706,image
巡检识别\第二批补充资料\01_原始辐射温度\原始辐射温度图像\DJI_20250828111533_0033_T_JPG__2026_09_27_19_27_52.jpg,591784,e056fa6fb8626c810d7e30a8706fb53ecc2cbc29367c060b80381467910eca08,image
巡检识别\第二批补充资料\01_原始辐射温度\原始辐射温度图像\DJI_20250828111545_0034_T_JPG__2026_09_27_19_27_53.jpg,746908,be00d5f8fc401cc257346f99c3545a6c45cab3cb017e07b78cbb70e4ed8456e7,image
巡检识别\第二批补充资料\01_原始辐射温度\原始辐射温度图像\DJI_20250828111554_0035_T_JPG__2026_09_27_19_27_53.jpg,772345,7950f14a935a596a433ef3bb91690c820e4e346daa8742c3acf53aa42ae085f7,image
巡检识别\第二批补充资料\01_原始辐射温度\原始辐射温度图像\DJI_20250828150201_0002_T_JPG__2026_09_27_19_27_54.jpg,553026,8e577ec8194d07a1ec31c066b5ecfb0ce007df8b858d2a6c296ade229aa08dc1,image
巡检识别\第二批补充资料\01_原始辐射温度\原始辐射温度图像\DJI_20250828150304_0004_T_JPG__2026_09_27_19_27_54.jpg,643685,0ad0869675ba7fbcd1e93cd897b3dd427090e39597543896dfcd06ee6088862c,image
