stake,management_scenario,management_input_score,alpha,barrier_lambda,score,grade,rho,dominant_mode,barrier_ability
45+500,no_management_input,,0.0,0.0,78.0942,B级_基本安全,0.219058,渗流破坏,
45+500,no_management_input,,0.0,0.25,78.0942,B级_基本安全,0.219058,渗流破坏,
45+500,no_management_input,,0.0,0.5,78.0942,B级_基本安全,0.219058,渗流破坏,
45+500,no_management_input,,0.0,0.75,78.0942,B级_基本安全,0.219058,渗流破坏,
45+500,no_management_input,,0.0,1.0,78.0942,B级_基本安全,0.219058,渗流破坏,
45+500,no_management_input,,0.1,0.0,76.9322,B级_基本安全,0.230678,渗流破坏,
45+500,no_management_input,,0.1,0.25,76.9322,B级_基本安全,0.230678,渗流破坏,
45+500,no_management_input,,0.1,0.5,76.9322,B级_基本安全,0.230678,渗流破坏,
45+500,no_management_input,,0.1,0.75,76.9322,B级_基本安全,0.230678,渗流破坏,
45+500,no_management_input,,0.1,1.0,76.9322,B级_基本安全,0.230678,渗流破坏,
45+500,no_management_input,,0.2,0.0,75.7702,B级_基本安全,0.242298,渗流破坏,
45+500,no_management_input,,0.2,0.25,75.7702,B级_基本安全,0.242298,渗流破坏,
45+500,no_management_input,,0.2,0.5,75.7702,B级_基本安全,0.242298,渗流破坏,
45+500,no_management_input,,0.2,0.75,75.7702,B级_基本安全,0.242298,渗流破坏,
45+500,no_management_input,,0.2,1.0,75.7702,B级_基本安全,0.242298,渗流破坏,
45+500,no_management_input,,0.3,0.0,74.6082,B级_基本安全,0.253918,渗流破坏,
45+500,no_management_input,,0.3,0.25,74.6082,B级_基本安全,0.253918,渗流破坏,
45+500,no_management_input,,0.3,0.5,74.6082,B级_基本安全,0.253918,渗流破坏,
45+500,no_management_input,,0.3,0.75,74.6082,B级_基本安全,0.253918,渗流破坏,
45+500,no_management_input,,0.3,1.0,74.6082,B级_基本安全,0.253918,渗流破坏,
45+500,no_management_input,,0.4,0.0,73.4462,B级_基本安全,0.265538,渗流破坏,
45+500,no_management_input,,0.4,0.25,73.4462,B级_基本安全,0.265538,渗流破坏,
45+500,no_management_input,,0.4,0.5,73.4462,B级_基本安全,0.265538,渗流破坏,
45+500,no_management_input,,0.4,0.75,73.4462,B级_基本安全,0.265538,渗流破坏,
45+500,no_management_input,,0.4,1.0,73.4462,B级_基本安全,0.265538,渗流破坏,
45+500,no_management_input,,0.45,0.0,72.8652,B级_基本安全,0.271348,渗流破坏,
45+500,no_management_input,,0.45,0.25,72.8652,B级_基本安全,0.271348,渗流破坏,
45+500,no_management_input,,0.45,0.5,72.8652,B级_基本安全,0.271348,渗流破坏,
45+500,no_management_input,,0.45,0.75,72.8652,B级_基本安全,0.271348,渗流破坏,
45+500,no_management_input,,0.45,1.0,72.8652,B级_基本安全,0.271348,渗流破坏,
45+500,no_management_input,,0.5,0.0,72.2842,B级_基本安全,0.277158,渗流破坏,
45+500,no_management_input,,0.5,0.25,72.2842,B级_基本安全,0.277158,渗流破坏,
45+500,no_management_input,,0.5,0.5,72.2842,B级_基本安全,0.277158,渗流破坏,
45+500,no_management_input,,0.5,0.75,72.2842,B级_基本安全,0.277158,渗流破坏,
45+500,no_management_input,,0.5,1.0,72.2842,B级_基本安全,0.277158,渗流破坏,
45+500,no_management_input,,0.6,0.0,71.1222,B级_基本安全,0.288778,渗流破坏,
45+500,no_management_input,,0.6,0.25,71.1222,B级_基本安全,0.288778,渗流破坏,
45+500,no_management_input,,0.6,0.5,71.1222,B级_基本安全,0.288778,渗流破坏,
45+500,no_management_input,,0.6,0.75,71.1222,B级_基本安全,0.288778,渗流破坏,
45+500,no_management_input,,0.6,1.0,71.1222,B级_基本安全,0.288778,渗流破坏,
45+500,no_management_input,,0.7,0.0,69.9603,B级_基本安全,0.300397,渗流破坏,
45+500,no_management_input,,0.7,0.25,69.9603,B级_基本安全,0.300397,渗流破坏,
45+500,no_management_input,,0.7,0.5,69.9603,B级_基本安全,0.300397,渗流破坏,
45+500,no_management_input,,0.7,0.75,69.9603,B级_基本安全,0.300397,渗流破坏,
45+500,no_management_input,,0.7,1.0,69.9603,B级_基本安全,0.300397,渗流破坏,
45+500,no_management_input,,0.8,0.0,68.7983,B级_基本安全,0.312017,渗流破坏,
45+500,no_management_input,,0.8,0.25,68.7983,B级_基本安全,0.312017,渗流破坏,
45+500,no_management_input,,0.8,0.5,68.7983,B级_基本安全,0.312017,渗流破坏,
45+500,no_management_input,,0.8,0.75,68.7983,B级_基本安全,0.312017,渗流破坏,
45+500,no_management_input,,0.8,1.0,68.7983,B级_基本安全,0.312017,渗流破坏,
45+500,no_management_input,,0.9,0.0,67.6363,B级_基本安全,0.323637,渗流破坏,
45+500,no_management_input,,0.9,0.25,67.6363,B级_基本安全,0.323637,渗流破坏,
45+500,no_management_input,,0.9,0.5,67.6363,B级_基本安全,0.323637,渗流破坏,
45+500,no_management_input,,0.9,0.75,67.6363,B级_基本安全,0.323637,渗流破坏,
45+500,no_management_input,,0.9,1.0,67.6363,B级_基本安全,0.323637,渗流破坏,
45+500,no_management_input,,1.0,0.0,66.4743,B级_基本安全,0.335257,渗流破坏,
45+500,no_management_input,,1.0,0.25,66.4743,B级_基本安全,0.335257,渗流破坏,
45+500,no_management_input,,1.0,0.5,66.4743,B级_基本安全,0.335257,渗流破坏,
45+500,no_management_input,,1.0,0.75,66.4743,B级_基本安全,0.335257,渗流破坏,
45+500,no_management_input,,1.0,1.0,66.4743,B级_基本安全,0.335257,渗流破坏,
45+500,strong_management_100,100,0.0,0.0,78.0942,B级_基本安全,0.219058,渗流破坏,1.0
45+500,strong_management_100,100,0.0,0.25,78.0942,B级_基本安全,0.219058,渗流破坏,1.0
45+500,strong_management_100,100,0.0,0.5,78.0942,B级_基本安全,0.219058,渗流破坏,1.0
45+500,strong_management_100,100,0.0,0.75,78.0942,B级_基本安全,0.219058,渗流破坏,1.0
45+500,strong_management_100,100,0.0,1.0,78.0942,B级_基本安全,0.219058,渗流破坏,1.0
45+500,strong_management_100,100,0.1,0.0,76.9322,B级_基本安全,0.230678,渗流破坏,1.0
45+500,strong_management_100,100,0.1,0.25,76.9322,B级_基本安全,0.230678,渗流破坏,1.0
45+500,strong_management_100,100,0.1,0.5,76.9322,B级_基本安全,0.230678,渗流破坏,1.0
45+500,strong_management_100,100,0.1,0.75,76.9322,B级_基本安全,0.230678,渗流破坏,1.0
45+500,strong_management_100,100,0.1,1.0,76.9322,B级_基本安全,0.230678,渗流破坏,1.0
45+500,strong_management_100,100,0.2,0.0,75.7702,B级_基本安全,0.242298,渗流破坏,1.0
45+500,strong_management_100,100,0.2,0.25,75.7702,B级_基本安全,0.242298,渗流破坏,1.0
45+500,strong_management_100,100,0.2,0.5,75.7702,B级_基本安全,0.242298,渗流破坏,1.0
45+500,strong_management_100,100,0.2,0.75,75.7702,B级_基本安全,0.242298,渗流破坏,1.0
45+500,strong_management_100,100,0.2,1.0,75.7702,B级_基本安全,0.242298,渗流破坏,1.0
45+500,strong_management_100,100,0.3,0.0,74.6082,B级_基本安全,0.253918,渗流破坏,1.0
45+500,strong_management_100,100,0.3,0.25,74.6082,B级_基本安全,0.253918,渗流破坏,1.0
45+500,strong_management_100,100,0.3,0.5,74.6082,B级_基本安全,0.253918,渗流破坏,1.0
45+500,strong_management_100,100,0.3,0.75,74.6082,B级_基本安全,0.253918,渗流破坏,1.0
45+500,strong_management_100,100,0.3,1.0,74.6082,B级_基本安全,0.253918,渗流破坏,1.0
45+500,strong_management_100,100,0.4,0.0,73.4462,B级_基本安全,0.265538,渗流破坏,1.0
45+500,strong_management_100,100,0.4,0.25,73.4462,B级_基本安全,0.265538,渗流破坏,1.0
45+500,strong_management_100,100,0.4,0.5,73.4462,B级_基本安全,0.265538,渗流破坏,1.0
45+500,strong_management_100,100,0.4,0.75,73.4462,B级_基本安全,0.265538,渗流破坏,1.0
45+500,strong_management_100,100,0.4,1.0,73.4462,B级_基本安全,0.265538,渗流破坏,1.0
45+500,strong_management_100,100,0.45,0.0,72.8652,B级_基本安全,0.271348,渗流破坏,1.0
45+500,strong_management_100,100,0.45,0.25,72.8652,B级_基本安全,0.271348,渗流破坏,1.0
45+500,strong_management_100,100,0.45,0.5,72.8652,B级_基本安全,0.271348,渗流破坏,1.0
45+500,strong_management_100,100,0.45,0.75,72.8652,B级_基本安全,0.271348,渗流破坏,1.0
45+500,strong_management_100,100,0.45,1.0,72.8652,B级_基本安全,0.271348,渗流破坏,1.0
45+500,strong_management_100,100,0.5,0.0,72.2842,B级_基本安全,0.277158,渗流破坏,1.0
45+500,strong_management_100,100,0.5,0.25,72.2842,B级_基本安全,0.277158,渗流破坏,1.0
45+500,strong_management_100,100,0.5,0.5,72.2842,B级_基本安全,0.277158,渗流破坏,1.0
45+500,strong_management_100,100,0.5,0.75,72.2842,B级_基本安全,0.277158,渗流破坏,1.0
45+500,strong_management_100,100,0.5,1.0,72.2842,B级_基本安全,0.277158,渗流破坏,1.0
45+500,strong_management_100,100,0.6,0.0,71.1222,B级_基本安全,0.288778,渗流破坏,1.0
45+500,strong_management_100,100,0.6,0.25,71.1222,B级_基本安全,0.288778,渗流破坏,1.0
45+500,strong_management_100,100,0.6,0.5,71.1222,B级_基本安全,0.288778,渗流破坏,1.0
45+500,strong_management_100,100,0.6,0.75,71.1222,B级_基本安全,0.288778,渗流破坏,1.0
45+500,strong_management_100,100,0.6,1.0,71.1222,B级_基本安全,0.288778,渗流破坏,1.0
45+500,strong_management_100,100,0.7,0.0,69.9603,B级_基本安全,0.300397,渗流破坏,1.0
45+500,strong_management_100,100,0.7,0.25,69.9603,B级_基本安全,0.300397,渗流破坏,1.0
45+500,strong_management_100,100,0.7,0.5,69.9603,B级_基本安全,0.300397,渗流破坏,1.0
45+500,strong_management_100,100,0.7,0.75,69.9603,B级_基本安全,0.300397,渗流破坏,1.0
45+500,strong_management_100,100,0.7,1.0,69.9603,B级_基本安全,0.300397,渗流破坏,1.0
45+500,strong_management_100,100,0.8,0.0,68.7983,B级_基本安全,0.312017,渗流破坏,1.0
45+500,strong_management_100,100,0.8,0.25,68.7983,B级_基本安全,0.312017,渗流破坏,1.0
45+500,strong_management_100,100,0.8,0.5,68.7983,B级_基本安全,0.312017,渗流破坏,1.0
45+500,strong_management_100,100,0.8,0.75,68.7983,B级_基本安全,0.312017,渗流破坏,1.0
45+500,strong_management_100,100,0.8,1.0,68.7983,B级_基本安全,0.312017,渗流破坏,1.0
45+500,strong_management_100,100,0.9,0.0,67.6363,B级_基本安全,0.323637,渗流破坏,1.0
45+500,strong_management_100,100,0.9,0.25,67.6363,B级_基本安全,0.323637,渗流破坏,1.0
45+500,strong_management_100,100,0.9,0.5,67.6363,B级_基本安全,0.323637,渗流破坏,1.0
45+500,strong_management_100,100,0.9,0.75,67.6363,B级_基本安全,0.323637,渗流破坏,1.0
45+500,strong_management_100,100,0.9,1.0,67.6363,B级_基本安全,0.323637,渗流破坏,1.0
45+500,strong_management_100,100,1.0,0.0,66.4743,B级_基本安全,0.335257,渗流破坏,1.0
45+500,strong_management_100,100,1.0,0.25,66.4743,B级_基本安全,0.335257,渗流破坏,1.0
45+500,strong_management_100,100,1.0,0.5,66.4743,B级_基本安全,0.335257,渗流破坏,1.0
45+500,strong_management_100,100,1.0,0.75,66.4743,B级_基本安全,0.335257,渗流破坏,1.0
45+500,strong_management_100,100,1.0,1.0,66.4743,B级_基本安全,0.335257,渗流破坏,1.0
45+500,medium_management_60,60,0.0,0.0,78.0942,B级_基本安全,0.219058,渗流破坏,0.6
45+500,medium_management_60,60,0.0,0.25,76.51,B级_基本安全,0.2349,渗流破坏,0.6
45+500,medium_management_60,60,0.0,0.5,74.9257,B级_基本安全,0.250743,渗流破坏,0.6
45+500,medium_management_60,60,0.0,0.75,73.3415,B级_基本安全,0.266585,渗流破坏,0.6
45+500,medium_management_60,60,0.0,1.0,71.7573,B级_基本安全,0.282427,渗流破坏,0.6
45+500,medium_management_60,60,0.1,0.0,76.9322,B级_基本安全,0.230678,渗流破坏,0.6
45+500,medium_management_60,60,0.1,0.25,75.2835,B级_基本安全,0.247165,渗流破坏,0.6
45+500,medium_management_60,60,0.1,0.5,73.6349,B级_基本安全,0.263651,渗流破坏,0.6
45+500,medium_management_60,60,0.1,0.75,71.9862,B级_基本安全,0.280138,渗流破坏,0.6
45+500,medium_management_60,60,0.1,1.0,70.3375,B级_基本安全,0.296625,渗流破坏,0.6
45+500,medium_management_60,60,0.2,0.0,75.7702,B级_基本安全,0.242298,渗流破坏,0.6
45+500,medium_management_60,60,0.2,0.25,74.0571,B级_基本安全,0.259429,渗流破坏,0.6
45+500,medium_management_60,60,0.2,0.5,72.344,B级_基本安全,0.27656,渗流破坏,0.6
45+500,medium_management_60,60,0.2,0.75,70.6309,B级_基本安全,0.293691,渗流破坏,0.6
45+500,medium_management_60,60,0.2,1.0,68.9178,B级_基本安全,0.310822,渗流破坏,0.6
45+500,medium_management_60,60,0.3,0.0,74.6082,B级_基本安全,0.253918,渗流破坏,0.6
45+500,medium_management_60,60,0.3,0.25,72.8307,B级_基本安全,0.271693,渗流破坏,0.6
45+500,medium_management_60,60,0.3,0.5,71.0531,B级_基本安全,0.289469,渗流破坏,0.6
45+500,medium_management_60,60,0.3,0.75,69.2756,B级_基本安全,0.307244,渗流破坏,0.6
45+500,medium_management_60,60,0.3,1.0,67.498,B级_基本安全,0.32502,渗流破坏,0.6
45+500,medium_management_60,60,0.4,0.0,73.4462,B级_基本安全,0.265538,渗流破坏,0.6
45+500,medium_management_60,60,0.4,0.25,71.6043,B级_基本安全,0.283957,渗流破坏,0.6
45+500,medium_management_60,60,0.4,0.5,69.7623,B级_基本安全,0.302377,渗流破坏,0.6
45+500,medium_management_60,60,0.4,0.75,67.9203,B级_基本安全,0.320797,渗流破坏,0.6
45+500,medium_management_60,60,0.4,1.0,66.0783,B级_基本安全,0.339217,渗流破坏,0.6
45+500,medium_management_60,60,0.45,0.0,72.8652,B级_基本安全,0.271348,渗流破坏,0.6
45+500,medium_management_60,60,0.45,0.25,70.991,B级_基本安全,0.29009,渗流破坏,0.6
45+500,medium_management_60,60,0.45,0.5,69.1168,B级_基本安全,0.308832,渗流破坏,0.6
45+500,medium_management_60,60,0.45,0.75,67.2426,B级_基本安全,0.327574,渗流破坏,0.6
45+500,medium_management_60,60,0.45,1.0,65.3684,B级_基本安全,0.346316,渗流破坏,0.6
45+500,medium_management_60,60,0.5,0.0,72.2842,B级_基本安全,0.277158,渗流破坏,0.6
45+500,medium_management_60,60,0.5,0.25,70.3778,B级_基本安全,0.296222,渗流破坏,0.6
45+500,medium_management_60,60,0.5,0.5,68.4714,B级_基本安全,0.315286,渗流破坏,0.6
45+500,medium_management_60,60,0.5,0.75,66.565,B级_基本安全,0.33435,渗流破坏,0.6
45+500,medium_management_60,60,0.5,1.0,64.6586,B级_基本安全,0.353414,渗流破坏,0.6
45+500,medium_management_60,60,0.6,0.0,71.1222,B级_基本安全,0.288778,渗流破坏,0.6
45+500,medium_management_60,60,0.6,0.25,69.1514,B级_基本安全,0.308486,渗流破坏,0.6
45+500,medium_management_60,60,0.6,0.5,67.1805,B级_基本安全,0.328195,渗流破坏,0.6
45+500,medium_management_60,60,0.6,0.75,65.2097,B级_基本安全,0.347903,渗流破坏,0.6
45+500,medium_management_60,60,0.6,1.0,63.2388,B级_基本安全,0.367612,渗流破坏,0.6
45+500,medium_management_60,60,0.7,0.0,69.9603,B级_基本安全,0.300397,渗流破坏,0.6
45+500,medium_management_60,60,0.7,0.25,67.925,B级_基本安全,0.32075,渗流破坏,0.6
45+500,medium_management_60,60,0.7,0.5,65.8897,B级_基本安全,0.341103,渗流破坏,0.6
45+500,medium_management_60,60,0.7,0.75,63.8544,B级_基本安全,0.361456,渗流破坏,0.6
45+500,medium_management_60,60,0.7,1.0,61.8191,B级_基本安全,0.381809,渗流破坏,0.6
45+500,medium_management_60,60,0.8,0.0,68.7983,B级_基本安全,0.312017,渗流破坏,0.6
45+500,medium_management_60,60,0.8,0.25,66.6985,B级_基本安全,0.333015,渗流破坏,0.6
45+500,medium_management_60,60,0.8,0.5,64.5988,B级_基本安全,0.354012,渗流破坏,0.6
45+500,medium_management_60,60,0.8,0.75,62.4991,B级_基本安全,0.375009,渗流破坏,0.6
45+500,medium_management_60,60,0.8,1.0,60.3993,B级_基本安全,0.396007,渗流破坏,0.6
45+500,medium_management_60,60,0.9,0.0,67.6363,B级_基本安全,0.323637,渗流破坏,0.6
45+500,medium_management_60,60,0.9,0.25,65.4721,B级_基本安全,0.345279,渗流破坏,0.6
45+500,medium_management_60,60,0.9,0.5,63.3079,B级_基本安全,0.366921,渗流破坏,0.6
45+500,medium_management_60,60,0.9,0.75,61.1438,B级_基本安全,0.388562,渗流破坏,0.6
45+500,medium_management_60,60,0.9,1.0,58.9796,B级_基本安全,0.410204,渗流破坏,0.6
45+500,medium_management_60,60,1.0,0.0,66.4743,B级_基本安全,0.335257,渗流破坏,0.6
45+500,medium_management_60,60,1.0,0.25,64.2457,B级_基本安全,0.357543,渗流破坏,0.6
45+500,medium_management_60,60,1.0,0.5,62.0171,B级_基本安全,0.379829,渗流破坏,0.6
45+500,medium_management_60,60,1.0,0.75,59.7885,B级_基本安全,0.402115,渗流破坏,0.6
45+500,medium_management_60,60,1.0,1.0,57.5599,B级_基本安全,0.424401,渗流破坏,0.6
45+500,weak_management_0,0,0.0,0.0,78.0942,B级_基本安全,0.219058,渗流破坏,0.0
45+500,weak_management_0,0,0.0,0.25,74.1336,B级_基本安全,0.258664,渗流破坏,0.0
45+500,weak_management_0,0,0.0,0.5,70.173,B级_基本安全,0.29827,渗流破坏,0.0
45+500,weak_management_0,0,0.0,0.75,66.2124,B级_基本安全,0.337876,渗流破坏,0.0
45+500,weak_management_0,0,0.0,1.0,62.2518,B级_基本安全,0.377482,渗流破坏,0.0
45+500,weak_management_0,0,0.1,0.0,76.9322,B级_基本安全,0.230678,渗流破坏,0.0
45+500,weak_management_0,0,0.1,0.25,72.8105,B级_基本安全,0.271895,渗流破坏,0.0
45+500,weak_management_0,0,0.1,0.5,68.6888,B级_基本安全,0.313112,渗流破坏,0.0
45+500,weak_management_0,0,0.1,0.75,64.5672,B级_基本安全,0.354328,渗流破坏,0.0
45+500,weak_management_0,0,0.1,1.0,60.4455,B级_基本安全,0.395545,渗流破坏,0.0
45+500,weak_management_0,0,0.2,0.0,75.7702,B级_基本安全,0.242298,渗流破坏,0.0
45+500,weak_management_0,0,0.2,0.25,71.4874,B级_基本安全,0.285126,渗流破坏,0.0
45+500,weak_management_0,0,0.2,0.5,67.2047,B级_基本安全,0.327953,渗流破坏,0.0
45+500,weak_management_0,0,0.2,0.75,62.9219,B级_基本安全,0.370781,渗流破坏,0.0
45+500,weak_management_0,0,0.2,1.0,58.6391,B级_基本安全,0.413609,渗流破坏,0.0
45+500,weak_management_0,0,0.3,0.0,74.6082,B级_基本安全,0.253918,渗流破坏,0.0
45+500,weak_management_0,0,0.3,0.25,70.1644,B级_基本安全,0.298356,渗流破坏,0.0
45+500,weak_management_0,0,0.3,0.5,65.7205,B级_基本安全,0.342795,渗流破坏,0.0
45+500,weak_management_0,0,0.3,0.75,61.2766,B级_基本安全,0.387234,渗流破坏,0.0
45+500,weak_management_0,0,0.3,1.0,56.8328,B级_基本安全,0.431672,渗流破坏,0.0
45+500,weak_management_0,0,0.4,0.0,73.4462,B级_基本安全,0.265538,渗流破坏,0.0
45+500,weak_management_0,0,0.4,0.25,68.8413,B级_基本安全,0.311587,渗流破坏,0.0
45+500,weak_management_0,0,0.4,0.5,64.2363,B级_基本安全,0.357637,渗流破坏,0.0
45+500,weak_management_0,0,0.4,0.75,59.6314,B级_基本安全,0.403686,渗流破坏,0.0
45+500,weak_management_0,0,0.4,1.0,55.0264,B级_基本安全,0.449736,渗流破坏,0.0
45+500,weak_management_0,0,0.45,0.0,72.8652,B级_基本安全,0.271348,渗流破坏,0.0
45+500,weak_management_0,0,0.45,0.25,68.1797,B级_基本安全,0.318203,渗流破坏,0.0
45+500,weak_management_0,0,0.45,0.5,63.4942,B级_基本安全,0.365058,渗流破坏,0.0
45+500,weak_management_0,0,0.45,0.75,58.8087,B级_基本安全,0.411913,渗流破坏,0.0
45+500,weak_management_0,0,0.45,1.0,54.1232,B级_基本安全,0.458768,渗流破坏,0.0
45+500,weak_management_0,0,0.5,0.0,72.2842,B级_基本安全,0.277158,渗流破坏,0.0
45+500,weak_management_0,0,0.5,0.25,67.5182,B级_基本安全,0.324818,渗流破坏,0.0
45+500,weak_management_0,0,0.5,0.5,62.7521,B级_基本安全,0.372479,渗流破坏,0.0
45+500,weak_management_0,0,0.5,0.75,57.9861,B级_基本安全,0.420139,渗流破坏,0.0
45+500,weak_management_0,0,0.5,1.0,53.2201,B级_基本安全,0.467799,渗流破坏,0.0
45+500,weak_management_0,0,0.6,0.0,71.1222,B级_基本安全,0.288778,渗流破坏,0.0
45+500,weak_management_0,0,0.6,0.25,66.1951,B级_基本安全,0.338049,渗流破坏,0.0
45+500,weak_management_0,0,0.6,0.5,61.268,B级_基本安全,0.38732,渗流破坏,0.0
45+500,weak_management_0,0,0.6,0.75,56.3408,B级_基本安全,0.436592,渗流破坏,0.0
45+500,weak_management_0,0,0.6,1.0,51.4137,B级_基本安全,0.485863,渗流破坏,0.0
45+500,weak_management_0,0,0.7,0.0,69.9603,B级_基本安全,0.300397,渗流破坏,0.0
45+500,weak_management_0,0,0.7,0.25,64.872,B级_基本安全,0.35128,渗流破坏,0.0
45+500,weak_management_0,0,0.7,0.5,59.7838,B级_基本安全,0.402162,渗流破坏,0.0
45+500,weak_management_0,0,0.7,0.75,54.6956,B级_基本安全,0.453044,渗流破坏,0.0
45+500,weak_management_0,0,0.7,1.0,49.6073,B级_基本安全,0.503927,渗流破坏,0.0
45+500,weak_management_0,0,0.8,0.0,68.7983,B级_基本安全,0.312017,渗流破坏,0.0
45+500,weak_management_0,0,0.8,0.25,63.5489,B级_基本安全,0.364511,渗流破坏,0.0
45+500,weak_management_0,0,0.8,0.5,58.2996,B级_基本安全,0.417004,渗流破坏,0.0
45+500,weak_management_0,0,0.8,0.75,53.0503,B级_基本安全,0.469497,渗流破坏,0.0
45+500,weak_management_0,0,0.8,1.0,47.801,B级_基本安全,0.52199,渗流破坏,0.0
45+500,weak_management_0,0,0.9,0.0,67.6363,B级_基本安全,0.323637,渗流破坏,0.0
45+500,weak_management_0,0,0.9,0.25,62.2259,B级_基本安全,0.377741,渗流破坏,0.0
45+500,weak_management_0,0,0.9,0.5,56.8154,B级_基本安全,0.431846,渗流破坏,0.0
45+500,weak_management_0,0,0.9,0.75,51.405,B级_基本安全,0.48595,渗流破坏,0.0
45+500,weak_management_0,0,0.9,1.0,45.9946,B级_基本安全,0.540054,渗流破坏,0.0
45+500,weak_management_0,0,1.0,0.0,66.4743,B级_基本安全,0.335257,渗流破坏,0.0
45+500,weak_management_0,0,1.0,0.25,60.9028,B级_基本安全,0.390972,渗流破坏,0.0
45+500,weak_management_0,0,1.0,0.5,55.3313,B级_基本安全,0.446687,渗流破坏,0.0
45+500,weak_management_0,0,1.0,0.75,49.7598,B级_基本安全,0.502402,渗流破坏,0.0
45+500,weak_management_0,0,1.0,1.0,44.1883,B级_基本安全,0.558117,渗流破坏,0.0
45+600,no_management_input,,0.0,0.0,68.4326,B级_基本安全,0.315674,渗流破坏,
45+600,no_management_input,,0.0,0.25,68.4326,B级_基本安全,0.315674,渗流破坏,
45+600,no_management_input,,0.0,0.5,68.4326,B级_基本安全,0.315674,渗流破坏,
45+600,no_management_input,,0.0,0.75,68.4326,B级_基本安全,0.315674,渗流破坏,
45+600,no_management_input,,0.0,1.0,68.4326,B级_基本安全,0.315674,渗流破坏,
45+600,no_management_input,,0.1,0.0,67.4423,B级_基本安全,0.325577,渗流破坏,
45+600,no_management_input,,0.1,0.25,67.4423,B级_基本安全,0.325577,渗流破坏,
45+600,no_management_input,,0.1,0.5,67.4423,B级_基本安全,0.325577,渗流破坏,
45+600,no_management_input,,0.1,0.75,67.4423,B级_基本安全,0.325577,渗流破坏,
45+600,no_management_input,,0.1,1.0,67.4423,B级_基本安全,0.325577,渗流破坏,
45+600,no_management_input,,0.2,0.0,66.4519,B级_基本安全,0.335481,渗流破坏,
45+600,no_management_input,,0.2,0.25,66.4519,B级_基本安全,0.335481,渗流破坏,
45+600,no_management_input,,0.2,0.5,66.4519,B级_基本安全,0.335481,渗流破坏,
45+600,no_management_input,,0.2,0.75,66.4519,B级_基本安全,0.335481,渗流破坏,
45+600,no_management_input,,0.2,1.0,66.4519,B级_基本安全,0.335481,渗流破坏,
45+600,no_management_input,,0.3,0.0,65.4616,B级_基本安全,0.345384,渗流破坏,
45+600,no_management_input,,0.3,0.25,65.4616,B级_基本安全,0.345384,渗流破坏,
45+600,no_management_input,,0.3,0.5,65.4616,B级_基本安全,0.345384,渗流破坏,
45+600,no_management_input,,0.3,0.75,65.4616,B级_基本安全,0.345384,渗流破坏,
45+600,no_management_input,,0.3,1.0,65.4616,B级_基本安全,0.345384,渗流破坏,
45+600,no_management_input,,0.4,0.0,64.4713,B级_基本安全,0.355287,渗流破坏,
45+600,no_management_input,,0.4,0.25,64.4713,B级_基本安全,0.355287,渗流破坏,
45+600,no_management_input,,0.4,0.5,64.4713,B级_基本安全,0.355287,渗流破坏,
45+600,no_management_input,,0.4,0.75,64.4713,B级_基本安全,0.355287,渗流破坏,
45+600,no_management_input,,0.4,1.0,64.4713,B级_基本安全,0.355287,渗流破坏,
45+600,no_management_input,,0.45,0.0,63.9761,B级_基本安全,0.360239,渗流破坏,
45+600,no_management_input,,0.45,0.25,63.9761,B级_基本安全,0.360239,渗流破坏,
45+600,no_management_input,,0.45,0.5,63.9761,B级_基本安全,0.360239,渗流破坏,
45+600,no_management_input,,0.45,0.75,63.9761,B级_基本安全,0.360239,渗流破坏,
45+600,no_management_input,,0.45,1.0,63.9761,B级_基本安全,0.360239,渗流破坏,
45+600,no_management_input,,0.5,0.0,63.481,B级_基本安全,0.36519,渗流破坏,
45+600,no_management_input,,0.5,0.25,63.481,B级_基本安全,0.36519,渗流破坏,
45+600,no_management_input,,0.5,0.5,63.481,B级_基本安全,0.36519,渗流破坏,
45+600,no_management_input,,0.5,0.75,63.481,B级_基本安全,0.36519,渗流破坏,
45+600,no_management_input,,0.5,1.0,63.481,B级_基本安全,0.36519,渗流破坏,
45+600,no_management_input,,0.6,0.0,62.4906,B级_基本安全,0.375094,渗流破坏,
45+600,no_management_input,,0.6,0.25,62.4906,B级_基本安全,0.375094,渗流破坏,
45+600,no_management_input,,0.6,0.5,62.4906,B级_基本安全,0.375094,渗流破坏,
45+600,no_management_input,,0.6,0.75,62.4906,B级_基本安全,0.375094,渗流破坏,
45+600,no_management_input,,0.6,1.0,62.4906,B级_基本安全,0.375094,渗流破坏,
45+600,no_management_input,,0.7,0.0,61.5003,B级_基本安全,0.384997,渗流破坏,
45+600,no_management_input,,0.7,0.25,61.5003,B级_基本安全,0.384997,渗流破坏,
45+600,no_management_input,,0.7,0.5,61.5003,B级_基本安全,0.384997,渗流破坏,
45+600,no_management_input,,0.7,0.75,61.5003,B级_基本安全,0.384997,渗流破坏,
45+600,no_management_input,,0.7,1.0,61.5003,B级_基本安全,0.384997,渗流破坏,
45+600,no_management_input,,0.8,0.0,60.51,B级_基本安全,0.3949,渗流破坏,
45+600,no_management_input,,0.8,0.25,60.51,B级_基本安全,0.3949,渗流破坏,
45+600,no_management_input,,0.8,0.5,60.51,B级_基本安全,0.3949,渗流破坏,
45+600,no_management_input,,0.8,0.75,60.51,B级_基本安全,0.3949,渗流破坏,
45+600,no_management_input,,0.8,1.0,60.51,B级_基本安全,0.3949,渗流破坏,
45+600,no_management_input,,0.9,0.0,59.5196,B级_基本安全,0.404804,渗流破坏,
45+600,no_management_input,,0.9,0.25,59.5196,B级_基本安全,0.404804,渗流破坏,
45+600,no_management_input,,0.9,0.5,59.5196,B级_基本安全,0.404804,渗流破坏,
45+600,no_management_input,,0.9,0.75,59.5196,B级_基本安全,0.404804,渗流破坏,
45+600,no_management_input,,0.9,1.0,59.5196,B级_基本安全,0.404804,渗流破坏,
45+600,no_management_input,,1.0,0.0,58.5293,B级_基本安全,0.414707,渗流破坏,
45+600,no_management_input,,1.0,0.25,58.5293,B级_基本安全,0.414707,渗流破坏,
45+600,no_management_input,,1.0,0.5,58.5293,B级_基本安全,0.414707,渗流破坏,
45+600,no_management_input,,1.0,0.75,58.5293,B级_基本安全,0.414707,渗流破坏,
45+600,no_management_input,,1.0,1.0,58.5293,B级_基本安全,0.414707,渗流破坏,
45+600,strong_management_100,100,0.0,0.0,68.4326,B级_基本安全,0.315674,渗流破坏,1.0
45+600,strong_management_100,100,0.0,0.25,68.4326,B级_基本安全,0.315674,渗流破坏,1.0
45+600,strong_management_100,100,0.0,0.5,68.4326,B级_基本安全,0.315674,渗流破坏,1.0
45+600,strong_management_100,100,0.0,0.75,68.4326,B级_基本安全,0.315674,渗流破坏,1.0
45+600,strong_management_100,100,0.0,1.0,68.4326,B级_基本安全,0.315674,渗流破坏,1.0
45+600,strong_management_100,100,0.1,0.0,67.4423,B级_基本安全,0.325577,渗流破坏,1.0
45+600,strong_management_100,100,0.1,0.25,67.4423,B级_基本安全,0.325577,渗流破坏,1.0
45+600,strong_management_100,100,0.1,0.5,67.4423,B级_基本安全,0.325577,渗流破坏,1.0
45+600,strong_management_100,100,0.1,0.75,67.4423,B级_基本安全,0.325577,渗流破坏,1.0
45+600,strong_management_100,100,0.1,1.0,67.4423,B级_基本安全,0.325577,渗流破坏,1.0
45+600,strong_management_100,100,0.2,0.0,66.4519,B级_基本安全,0.335481,渗流破坏,1.0
45+600,strong_management_100,100,0.2,0.25,66.4519,B级_基本安全,0.335481,渗流破坏,1.0
45+600,strong_management_100,100,0.2,0.5,66.4519,B级_基本安全,0.335481,渗流破坏,1.0
45+600,strong_management_100,100,0.2,0.75,66.4519,B级_基本安全,0.335481,渗流破坏,1.0
45+600,strong_management_100,100,0.2,1.0,66.4519,B级_基本安全,0.335481,渗流破坏,1.0
45+600,strong_management_100,100,0.3,0.0,65.4616,B级_基本安全,0.345384,渗流破坏,1.0
45+600,strong_management_100,100,0.3,0.25,65.4616,B级_基本安全,0.345384,渗流破坏,1.0
45+600,strong_management_100,100,0.3,0.5,65.4616,B级_基本安全,0.345384,渗流破坏,1.0
45+600,strong_management_100,100,0.3,0.75,65.4616,B级_基本安全,0.345384,渗流破坏,1.0
45+600,strong_management_100,100,0.3,1.0,65.4616,B级_基本安全,0.345384,渗流破坏,1.0
45+600,strong_management_100,100,0.4,0.0,64.4713,B级_基本安全,0.355287,渗流破坏,1.0
45+600,strong_management_100,100,0.4,0.25,64.4713,B级_基本安全,0.355287,渗流破坏,1.0
45+600,strong_management_100,100,0.4,0.5,64.4713,B级_基本安全,0.355287,渗流破坏,1.0
45+600,strong_management_100,100,0.4,0.75,64.4713,B级_基本安全,0.355287,渗流破坏,1.0
45+600,strong_management_100,100,0.4,1.0,64.4713,B级_基本安全,0.355287,渗流破坏,1.0
45+600,strong_management_100,100,0.45,0.0,63.9761,B级_基本安全,0.360239,渗流破坏,1.0
45+600,strong_management_100,100,0.45,0.25,63.9761,B级_基本安全,0.360239,渗流破坏,1.0
45+600,strong_management_100,100,0.45,0.5,63.9761,B级_基本安全,0.360239,渗流破坏,1.0
45+600,strong_management_100,100,0.45,0.75,63.9761,B级_基本安全,0.360239,渗流破坏,1.0
45+600,strong_management_100,100,0.45,1.0,63.9761,B级_基本安全,0.360239,渗流破坏,1.0
45+600,strong_management_100,100,0.5,0.0,63.481,B级_基本安全,0.36519,渗流破坏,1.0
45+600,strong_management_100,100,0.5,0.25,63.481,B级_基本安全,0.36519,渗流破坏,1.0
45+600,strong_management_100,100,0.5,0.5,63.481,B级_基本安全,0.36519,渗流破坏,1.0
45+600,strong_management_100,100,0.5,0.75,63.481,B级_基本安全,0.36519,渗流破坏,1.0
45+600,strong_management_100,100,0.5,1.0,63.481,B级_基本安全,0.36519,渗流破坏,1.0
45+600,strong_management_100,100,0.6,0.0,62.4906,B级_基本安全,0.375094,渗流破坏,1.0
45+600,strong_management_100,100,0.6,0.25,62.4906,B级_基本安全,0.375094,渗流破坏,1.0
45+600,strong_management_100,100,0.6,0.5,62.4906,B级_基本安全,0.375094,渗流破坏,1.0
45+600,strong_management_100,100,0.6,0.75,62.4906,B级_基本安全,0.375094,渗流破坏,1.0
45+600,strong_management_100,100,0.6,1.0,62.4906,B级_基本安全,0.375094,渗流破坏,1.0
45+600,strong_management_100,100,0.7,0.0,61.5003,B级_基本安全,0.384997,渗流破坏,1.0
45+600,strong_management_100,100,0.7,0.25,61.5003,B级_基本安全,0.384997,渗流破坏,1.0
45+600,strong_management_100,100,0.7,0.5,61.5003,B级_基本安全,0.384997,渗流破坏,1.0
45+600,strong_management_100,100,0.7,0.75,61.5003,B级_基本安全,0.384997,渗流破坏,1.0
45+600,strong_management_100,100,0.7,1.0,61.5003,B级_基本安全,0.384997,渗流破坏,1.0
45+600,strong_management_100,100,0.8,0.0,60.51,B级_基本安全,0.3949,渗流破坏,1.0
45+600,strong_management_100,100,0.8,0.25,60.51,B级_基本安全,0.3949,渗流破坏,1.0
45+600,strong_management_100,100,0.8,0.5,60.51,B级_基本安全,0.3949,渗流破坏,1.0
45+600,strong_management_100,100,0.8,0.75,60.51,B级_基本安全,0.3949,渗流破坏,1.0
45+600,strong_management_100,100,0.8,1.0,60.51,B级_基本安全,0.3949,渗流破坏,1.0
45+600,strong_management_100,100,0.9,0.0,59.5196,B级_基本安全,0.404804,渗流破坏,1.0
45+600,strong_management_100,100,0.9,0.25,59.5196,B级_基本安全,0.404804,渗流破坏,1.0
45+600,strong_management_100,100,0.9,0.5,59.5196,B级_基本安全,0.404804,渗流破坏,1.0
45+600,strong_management_100,100,0.9,0.75,59.5196,B级_基本安全,0.404804,渗流破坏,1.0
45+600,strong_management_100,100,0.9,1.0,59.5196,B级_基本安全,0.404804,渗流破坏,1.0
45+600,strong_management_100,100,1.0,0.0,58.5293,B级_基本安全,0.414707,渗流破坏,1.0
45+600,strong_management_100,100,1.0,0.25,58.5293,B级_基本安全,0.414707,渗流破坏,1.0
45+600,strong_management_100,100,1.0,0.5,58.5293,B级_基本安全,0.414707,渗流破坏,1.0
45+600,strong_management_100,100,1.0,0.75,58.5293,B级_基本安全,0.414707,渗流破坏,1.0
45+600,strong_management_100,100,1.0,1.0,58.5293,B级_基本安全,0.414707,渗流破坏,1.0
45+600,medium_management_60,60,0.0,0.0,68.4326,B级_基本安全,0.315674,渗流破坏,0.6
45+600,medium_management_60,60,0.0,0.25,66.3899,B级_基本安全,0.336101,渗流破坏,0.6
45+600,medium_management_60,60,0.0,0.5,64.3472,B级_基本安全,0.356528,渗流破坏,0.6
45+600,medium_management_60,60,0.0,0.75,62.3045,B级_基本安全,0.376955,渗流破坏,0.6
45+600,medium_management_60,60,0.0,1.0,60.2618,B级_基本安全,0.397382,渗流破坏,0.6
45+600,medium_management_60,60,0.1,0.0,67.4423,B级_基本安全,0.325577,渗流破坏,0.6
45+600,medium_management_60,60,0.1,0.25,65.3611,B级_基本安全,0.346389,渗流破坏,0.6
45+600,medium_management_60,60,0.1,0.5,63.28,B级_基本安全,0.3672,渗流破坏,0.6
45+600,medium_management_60,60,0.1,0.75,61.1988,B级_基本安全,0.388012,渗流破坏,0.6
45+600,medium_management_60,60,0.1,1.0,59.1177,B级_基本安全,0.408823,渗流破坏,0.6
45+600,medium_management_60,60,0.2,0.0,66.4519,B级_基本安全,0.335481,渗流破坏,0.6
45+600,medium_management_60,60,0.2,0.25,64.3323,B级_基本安全,0.356677,渗流破坏,0.6
45+600,medium_management_60,60,0.2,0.5,62.2127,B级_基本安全,0.377873,渗流破坏,0.6
45+600,medium_management_60,60,0.2,0.75,60.0931,B级_基本安全,0.399069,渗流破坏,0.6
45+600,medium_management_60,60,0.2,1.0,57.9735,B级_基本安全,0.420265,渗流破坏,0.6
45+600,medium_management_60,60,0.3,0.0,65.4616,B级_基本安全,0.345384,渗流破坏,0.6
45+600,medium_management_60,60,0.3,0.25,63.3036,B级_基本安全,0.366964,渗流破坏,0.6
45+600,medium_management_60,60,0.3,0.5,61.1455,B级_基本安全,0.388545,渗流破坏,0.6
45+600,medium_management_60,60,0.3,0.75,58.9874,B级_基本安全,0.410126,渗流破坏,0.6
45+600,medium_management_60,60,0.3,1.0,56.8294,B级_基本安全,0.431706,渗流破坏,0.6
45+600,medium_management_60,60,0.4,0.0,64.4713,B级_基本安全,0.355287,渗流破坏,0.6
45+600,medium_management_60,60,0.4,0.25,62.2748,B级_基本安全,0.377252,渗流破坏,0.6
45+600,medium_management_60,60,0.4,0.5,60.0782,B级_基本安全,0.399218,渗流破坏,0.6
45+600,medium_management_60,60,0.4,0.75,57.8817,B级_基本安全,0.421183,渗流破坏,0.6
45+600,medium_management_60,60,0.4,1.0,55.6852,B级_基本安全,0.443148,渗流破坏,0.6
45+600,medium_management_60,60,0.45,0.0,63.9761,B级_基本安全,0.360239,渗流破坏,0.6
45+600,medium_management_60,60,0.45,0.25,61.7604,B级_基本安全,0.382396,渗流破坏,0.6
45+600,medium_management_60,60,0.45,0.5,59.5446,B级_基本安全,0.404554,渗流破坏,0.6
45+600,medium_management_60,60,0.45,0.75,57.3289,B级_基本安全,0.426711,渗流破坏,0.6
45+600,medium_management_60,60,0.45,1.0,55.1131,B级_基本安全,0.448869,渗流破坏,0.6
45+600,medium_management_60,60,0.5,0.0,63.481,B级_基本安全,0.36519,渗流破坏,0.6
45+600,medium_management_60,60,0.5,0.25,61.246,B级_基本安全,0.38754,渗流破坏,0.6
45+600,medium_management_60,60,0.5,0.5,59.011,B级_基本安全,0.40989,渗流破坏,0.6
45+600,medium_management_60,60,0.5,0.75,56.776,B级_基本安全,0.43224,渗流破坏,0.6
45+600,medium_management_60,60,0.5,1.0,54.5411,B级_基本安全,0.454589,渗流破坏,0.6
45+600,medium_management_60,60,0.6,0.0,62.4906,B级_基本安全,0.375094,渗流破坏,0.6
45+600,medium_management_60,60,0.6,0.25,60.2172,B级_基本安全,0.397828,渗流破坏,0.6
45+600,medium_management_60,60,0.6,0.5,57.9438,B级_基本安全,0.420562,渗流破坏,0.6
45+600,medium_management_60,60,0.6,0.75,55.6703,B级_基本安全,0.443297,渗流破坏,0.6
45+600,medium_management_60,60,0.6,1.0,53.3969,B级_基本安全,0.466031,渗流破坏,0.6
45+600,medium_management_60,60,0.7,0.0,61.5003,B级_基本安全,0.384997,渗流破坏,0.6
45+600,medium_management_60,60,0.7,0.25,59.1884,B级_基本安全,0.408116,渗流破坏,0.6
45+600,medium_management_60,60,0.7,0.5,56.8765,B级_基本安全,0.431235,渗流破坏,0.6
45+600,medium_management_60,60,0.7,0.75,54.5646,B级_基本安全,0.454354,渗流破坏,0.6
45+600,medium_management_60,60,0.7,1.0,52.2527,B级_基本安全,0.477473,渗流破坏,0.6
45+600,medium_management_60,60,0.8,0.0,60.51,B级_基本安全,0.3949,渗流破坏,0.6
45+600,medium_management_60,60,0.8,0.25,58.1596,B级_基本安全,0.418404,渗流破坏,0.6
45+600,medium_management_60,60,0.8,0.5,55.8093,B级_基本安全,0.441907,渗流破坏,0.6
45+600,medium_management_60,60,0.8,0.75,53.4589,B级_基本安全,0.465411,渗流破坏,0.6
45+600,medium_management_60,60,0.8,1.0,51.1086,B级_基本安全,0.488914,渗流破坏,0.6
45+600,medium_management_60,60,0.9,0.0,59.5196,B级_基本安全,0.404804,渗流破坏,0.6
45+600,medium_management_60,60,0.9,0.25,57.1308,B级_基本安全,0.428692,渗流破坏,0.6
45+600,medium_management_60,60,0.9,0.5,54.742,B级_基本安全,0.45258,渗流破坏,0.6
45+600,medium_management_60,60,0.9,0.75,52.3532,B级_基本安全,0.476468,渗流破坏,0.6
45+600,medium_management_60,60,0.9,1.0,49.9644,B级_基本安全,0.500356,渗流破坏,0.6
45+600,medium_management_60,60,1.0,0.0,58.5293,B级_基本安全,0.414707,渗流破坏,0.6
45+600,medium_management_60,60,1.0,0.25,56.102,B级_基本安全,0.43898,渗流破坏,0.6
45+600,medium_management_60,60,1.0,0.5,53.6748,B级_基本安全,0.463252,渗流破坏,0.6
45+600,medium_management_60,60,1.0,0.75,51.2475,B级_基本安全,0.487525,渗流破坏,0.6
45+600,medium_management_60,60,1.0,1.0,48.8203,B级_基本安全,0.511797,渗流破坏,0.6
45+600,weak_management_0,0,0.0,0.0,68.4326,B级_基本安全,0.315674,渗流破坏,0.0
45+600,weak_management_0,0,0.0,0.25,63.3259,B级_基本安全,0.366741,渗流破坏,0.0
45+600,weak_management_0,0,0.0,0.5,58.2191,B级_基本安全,0.417809,渗流破坏,0.0
45+600,weak_management_0,0,0.0,0.75,53.1124,B级_基本安全,0.468876,渗流破坏,0.0
45+600,weak_management_0,0,0.0,1.0,48.0056,B级_基本安全,0.519944,渗流破坏,0.0
45+600,weak_management_0,0,0.1,0.0,67.4423,B级_基本安全,0.325577,渗流破坏,0.0
45+600,weak_management_0,0,0.1,0.25,62.2394,B级_基本安全,0.377606,渗流破坏,0.0
45+600,weak_management_0,0,0.1,0.5,57.0365,B级_基本安全,0.429635,渗流破坏,0.0
45+600,weak_management_0,0,0.1,0.75,51.8336,B级_基本安全,0.481664,渗流破坏,0.0
45+600,weak_management_0,0,0.1,1.0,46.6307,B级_基本安全,0.533693,渗流破坏,0.0
45+600,weak_management_0,0,0.2,0.0,66.4519,B级_基本安全,0.335481,渗流破坏,0.0
45+600,weak_management_0,0,0.2,0.25,61.1529,B级_基本安全,0.388471,渗流破坏,0.0
45+600,weak_management_0,0,0.2,0.5,55.8539,B级_基本安全,0.441461,渗流破坏,0.0
45+600,weak_management_0,0,0.2,0.75,50.5549,B级_基本安全,0.494451,渗流破坏,0.0
45+600,weak_management_0,0,0.2,1.0,45.2559,B级_基本安全,0.547441,渗流破坏,0.0
45+600,weak_management_0,0,0.3,0.0,65.4616,B级_基本安全,0.345384,渗流破坏,0.0
45+600,weak_management_0,0,0.3,0.25,60.0665,B级_基本安全,0.399335,渗流破坏,0.0
45+600,weak_management_0,0,0.3,0.5,54.6713,B级_基本安全,0.453287,渗流破坏,0.0
45+600,weak_management_0,0,0.3,0.75,49.2761,B级_基本安全,0.507239,渗流破坏,0.0
45+600,weak_management_0,0,0.3,1.0,43.881,B级_基本安全,0.56119,渗流破坏,0.0
45+600,weak_management_0,0,0.4,0.0,64.4713,B级_基本安全,0.355287,渗流破坏,0.0
45+600,weak_management_0,0,0.4,0.25,58.98,B级_基本安全,0.4102,渗流破坏,0.0
45+600,weak_management_0,0,0.4,0.5,53.4887,B级_基本安全,0.465113,渗流破坏,0.0
45+600,weak_management_0,0,0.4,0.75,47.9974,B级_基本安全,0.520026,渗流破坏,0.0
45+600,weak_management_0,0,0.4,1.0,42.5061,B级_基本安全,0.574939,渗流破坏,0.0
45+600,weak_management_0,0,0.45,0.0,63.9761,B级_基本安全,0.360239,渗流破坏,0.0
45+600,weak_management_0,0,0.45,0.25,58.4367,B级_基本安全,0.415633,渗流破坏,0.0
45+600,weak_management_0,0,0.45,0.5,52.8974,B级_基本安全,0.471026,渗流破坏,0.0
45+600,weak_management_0,0,0.45,0.75,47.358,B级_基本安全,0.52642,渗流破坏,0.0
45+600,weak_management_0,0,0.45,1.0,41.8186,B级_基本安全,0.581814,渗流破坏,0.0
45+600,weak_management_0,0,0.5,0.0,63.481,B级_基本安全,0.36519,渗流破坏,0.0
45+600,weak_management_0,0,0.5,0.25,57.8935,B级_基本安全,0.421065,渗流破坏,0.0
45+600,weak_management_0,0,0.5,0.5,52.3061,B级_基本安全,0.476939,渗流破坏,0.0
45+600,weak_management_0,0,0.5,0.75,46.7186,B级_基本安全,0.532814,渗流破坏,0.0
45+600,weak_management_0,0,0.5,1.0,41.1312,B级_基本安全,0.588688,渗流破坏,0.0
45+600,weak_management_0,0,0.6,0.0,62.4906,B级_基本安全,0.375094,渗流破坏,0.0
45+600,weak_management_0,0,0.6,0.25,56.807,B级_基本安全,0.43193,渗流破坏,0.0
45+600,weak_management_0,0,0.6,0.5,51.1235,B级_基本安全,0.488765,渗流破坏,0.0
45+600,weak_management_0,0,0.6,0.75,45.4399,B级_基本安全,0.545601,渗流破坏,0.0
45+600,weak_management_0,0,0.6,1.0,39.7563,C级_不安全,0.602437,渗流破坏,0.0
45+600,weak_management_0,0,0.7,0.0,61.5003,B级_基本安全,0.384997,渗流破坏,0.0
45+600,weak_management_0,0,0.7,0.25,55.7206,B级_基本安全,0.442794,渗流破坏,0.0
45+600,weak_management_0,0,0.7,0.5,49.9409,B级_基本安全,0.500591,渗流破坏,0.0
45+600,weak_management_0,0,0.7,0.75,44.1612,B级_基本安全,0.558388,渗流破坏,0.0
45+600,weak_management_0,0,0.7,1.0,38.3814,C级_不安全,0.616186,渗流破坏,0.0
45+600,weak_management_0,0,0.8,0.0,60.51,B级_基本安全,0.3949,渗流破坏,0.0
45+600,weak_management_0,0,0.8,0.25,54.6341,B级_基本安全,0.453659,渗流破坏,0.0
45+600,weak_management_0,0,0.8,0.5,48.7583,B级_基本安全,0.512417,渗流破坏,0.0
45+600,weak_management_0,0,0.8,0.75,42.8824,B级_基本安全,0.571176,渗流破坏,0.0
45+600,weak_management_0,0,0.8,1.0,37.0066,C级_不安全,0.629934,渗流破坏,0.0
45+600,weak_management_0,0,0.9,0.0,59.5196,B级_基本安全,0.404804,渗流破坏,0.0
45+600,weak_management_0,0,0.9,0.25,53.5476,B级_基本安全,0.464524,渗流破坏,0.0
45+600,weak_management_0,0,0.9,0.5,47.5756,B级_基本安全,0.524244,渗流破坏,0.0
45+600,weak_management_0,0,0.9,0.75,41.6037,B级_基本安全,0.583963,渗流破坏,0.0
45+600,weak_management_0,0,0.9,1.0,35.6317,C级_不安全,0.643683,渗流破坏,0.0
45+600,weak_management_0,0,1.0,0.0,58.5293,B级_基本安全,0.414707,渗流破坏,0.0
45+600,weak_management_0,0,1.0,0.25,52.4612,B级_基本安全,0.475388,渗流破坏,0.0
45+600,weak_management_0,0,1.0,0.5,46.393,B级_基本安全,0.53607,渗流破坏,0.0
45+600,weak_management_0,0,1.0,0.75,40.3249,B级_基本安全,0.596751,渗流破坏,0.0
45+600,weak_management_0,0,1.0,1.0,34.2568,C级_不安全,0.657432,渗流破坏,0.0
46+095,no_management_input,,0.0,0.0,69.6876,B级_基本安全,0.303124,渗流破坏,
46+095,no_management_input,,0.0,0.25,69.6876,B级_基本安全,0.303124,渗流破坏,
46+095,no_management_input,,0.0,0.5,69.6876,B级_基本安全,0.303124,渗流破坏,
46+095,no_management_input,,0.0,0.75,69.6876,B级_基本安全,0.303124,渗流破坏,
46+095,no_management_input,,0.0,1.0,69.6876,B级_基本安全,0.303124,渗流破坏,
46+095,no_management_input,,0.1,0.0,68.5551,B级_基本安全,0.314449,渗流破坏,
46+095,no_management_input,,0.1,0.25,68.5551,B级_基本安全,0.314449,渗流破坏,
46+095,no_management_input,,0.1,0.5,68.5551,B级_基本安全,0.314449,渗流破坏,
46+095,no_management_input,,0.1,0.75,68.5551,B级_基本安全,0.314449,渗流破坏,
46+095,no_management_input,,0.1,1.0,68.5551,B级_基本安全,0.314449,渗流破坏,
46+095,no_management_input,,0.2,0.0,67.4226,B级_基本安全,0.325774,渗流破坏,
46+095,no_management_input,,0.2,0.25,67.4226,B级_基本安全,0.325774,渗流破坏,
46+095,no_management_input,,0.2,0.5,67.4226,B级_基本安全,0.325774,渗流破坏,
46+095,no_management_input,,0.2,0.75,67.4226,B级_基本安全,0.325774,渗流破坏,
46+095,no_management_input,,0.2,1.0,67.4226,B级_基本安全,0.325774,渗流破坏,
46+095,no_management_input,,0.3,0.0,66.2901,B级_基本安全,0.337099,渗流破坏,
46+095,no_management_input,,0.3,0.25,66.2901,B级_基本安全,0.337099,渗流破坏,
46+095,no_management_input,,0.3,0.5,66.2901,B级_基本安全,0.337099,渗流破坏,
46+095,no_management_input,,0.3,0.75,66.2901,B级_基本安全,0.337099,渗流破坏,
46+095,no_management_input,,0.3,1.0,66.2901,B级_基本安全,0.337099,渗流破坏,
46+095,no_management_input,,0.4,0.0,65.1576,B级_基本安全,0.348424,渗流破坏,
46+095,no_management_input,,0.4,0.25,65.1576,B级_基本安全,0.348424,渗流破坏,
46+095,no_management_input,,0.4,0.5,65.1576,B级_基本安全,0.348424,渗流破坏,
46+095,no_management_input,,0.4,0.75,65.1576,B级_基本安全,0.348424,渗流破坏,
46+095,no_management_input,,0.4,1.0,65.1576,B级_基本安全,0.348424,渗流破坏,
46+095,no_management_input,,0.45,0.0,64.5914,B级_基本安全,0.354086,渗流破坏,
46+095,no_management_input,,0.45,0.25,64.5914,B级_基本安全,0.354086,渗流破坏,
46+095,no_management_input,,0.45,0.5,64.5914,B级_基本安全,0.354086,渗流破坏,
46+095,no_management_input,,0.45,0.75,64.5914,B级_基本安全,0.354086,渗流破坏,
46+095,no_management_input,,0.45,1.0,64.5914,B级_基本安全,0.354086,渗流破坏,
46+095,no_management_input,,0.5,0.0,64.0251,B级_基本安全,0.359749,渗流破坏,
46+095,no_management_input,,0.5,0.25,64.0251,B级_基本安全,0.359749,渗流破坏,
46+095,no_management_input,,0.5,0.5,64.0251,B级_基本安全,0.359749,渗流破坏,
46+095,no_management_input,,0.5,0.75,64.0251,B级_基本安全,0.359749,渗流破坏,
46+095,no_management_input,,0.5,1.0,64.0251,B级_基本安全,0.359749,渗流破坏,
46+095,no_management_input,,0.6,0.0,62.8927,B级_基本安全,0.371073,渗流破坏,
46+095,no_management_input,,0.6,0.25,62.8927,B级_基本安全,0.371073,渗流破坏,
46+095,no_management_input,,0.6,0.5,62.8927,B级_基本安全,0.371073,渗流破坏,
46+095,no_management_input,,0.6,0.75,62.8927,B级_基本安全,0.371073,渗流破坏,
46+095,no_management_input,,0.6,1.0,62.8927,B级_基本安全,0.371073,渗流破坏,
46+095,no_management_input,,0.7,0.0,61.7602,B级_基本安全,0.382398,渗流破坏,
46+095,no_management_input,,0.7,0.25,61.7602,B级_基本安全,0.382398,渗流破坏,
46+095,no_management_input,,0.7,0.5,61.7602,B级_基本安全,0.382398,渗流破坏,
46+095,no_management_input,,0.7,0.75,61.7602,B级_基本安全,0.382398,渗流破坏,
46+095,no_management_input,,0.7,1.0,61.7602,B级_基本安全,0.382398,渗流破坏,
46+095,no_management_input,,0.8,0.0,60.6277,B级_基本安全,0.393723,渗流破坏,
46+095,no_management_input,,0.8,0.25,60.6277,B级_基本安全,0.393723,渗流破坏,
46+095,no_management_input,,0.8,0.5,60.6277,B级_基本安全,0.393723,渗流破坏,
46+095,no_management_input,,0.8,0.75,60.6277,B级_基本安全,0.393723,渗流破坏,
46+095,no_management_input,,0.8,1.0,60.6277,B级_基本安全,0.393723,渗流破坏,
46+095,no_management_input,,0.9,0.0,59.4952,B级_基本安全,0.405048,渗流破坏,
46+095,no_management_input,,0.9,0.25,59.4952,B级_基本安全,0.405048,渗流破坏,
46+095,no_management_input,,0.9,0.5,59.4952,B级_基本安全,0.405048,渗流破坏,
46+095,no_management_input,,0.9,0.75,59.4952,B级_基本安全,0.405048,渗流破坏,
46+095,no_management_input,,0.9,1.0,59.4952,B级_基本安全,0.405048,渗流破坏,
46+095,no_management_input,,1.0,0.0,58.3627,B级_基本安全,0.416373,渗流破坏,
46+095,no_management_input,,1.0,0.25,58.3627,B级_基本安全,0.416373,渗流破坏,
46+095,no_management_input,,1.0,0.5,58.3627,B级_基本安全,0.416373,渗流破坏,
46+095,no_management_input,,1.0,0.75,58.3627,B级_基本安全,0.416373,渗流破坏,
46+095,no_management_input,,1.0,1.0,58.3627,B级_基本安全,0.416373,渗流破坏,
46+095,strong_management_100,100,0.0,0.0,69.6876,B级_基本安全,0.303124,渗流破坏,1.0
46+095,strong_management_100,100,0.0,0.25,69.6876,B级_基本安全,0.303124,渗流破坏,1.0
46+095,strong_management_100,100,0.0,0.5,69.6876,B级_基本安全,0.303124,渗流破坏,1.0
46+095,strong_management_100,100,0.0,0.75,69.6876,B级_基本安全,0.303124,渗流破坏,1.0
46+095,strong_management_100,100,0.0,1.0,69.6876,B级_基本安全,0.303124,渗流破坏,1.0
46+095,strong_management_100,100,0.1,0.0,68.5551,B级_基本安全,0.314449,渗流破坏,1.0
46+095,strong_management_100,100,0.1,0.25,68.5551,B级_基本安全,0.314449,渗流破坏,1.0
46+095,strong_management_100,100,0.1,0.5,68.5551,B级_基本安全,0.314449,渗流破坏,1.0
46+095,strong_management_100,100,0.1,0.75,68.5551,B级_基本安全,0.314449,渗流破坏,1.0
46+095,strong_management_100,100,0.1,1.0,68.5551,B级_基本安全,0.314449,渗流破坏,1.0
46+095,strong_management_100,100,0.2,0.0,67.4226,B级_基本安全,0.325774,渗流破坏,1.0
46+095,strong_management_100,100,0.2,0.25,67.4226,B级_基本安全,0.325774,渗流破坏,1.0
46+095,strong_management_100,100,0.2,0.5,67.4226,B级_基本安全,0.325774,渗流破坏,1.0
46+095,strong_management_100,100,0.2,0.75,67.4226,B级_基本安全,0.325774,渗流破坏,1.0
46+095,strong_management_100,100,0.2,1.0,67.4226,B级_基本安全,0.325774,渗流破坏,1.0
46+095,strong_management_100,100,0.3,0.0,66.2901,B级_基本安全,0.337099,渗流破坏,1.0
46+095,strong_management_100,100,0.3,0.25,66.2901,B级_基本安全,0.337099,渗流破坏,1.0
46+095,strong_management_100,100,0.3,0.5,66.2901,B级_基本安全,0.337099,渗流破坏,1.0
46+095,strong_management_100,100,0.3,0.75,66.2901,B级_基本安全,0.337099,渗流破坏,1.0
46+095,strong_management_100,100,0.3,1.0,66.2901,B级_基本安全,0.337099,渗流破坏,1.0
46+095,strong_management_100,100,0.4,0.0,65.1576,B级_基本安全,0.348424,渗流破坏,1.0
46+095,strong_management_100,100,0.4,0.25,65.1576,B级_基本安全,0.348424,渗流破坏,1.0
46+095,strong_management_100,100,0.4,0.5,65.1576,B级_基本安全,0.348424,渗流破坏,1.0
46+095,strong_management_100,100,0.4,0.75,65.1576,B级_基本安全,0.348424,渗流破坏,1.0
46+095,strong_management_100,100,0.4,1.0,65.1576,B级_基本安全,0.348424,渗流破坏,1.0
46+095,strong_management_100,100,0.45,0.0,64.5914,B级_基本安全,0.354086,渗流破坏,1.0
46+095,strong_management_100,100,0.45,0.25,64.5914,B级_基本安全,0.354086,渗流破坏,1.0
46+095,strong_management_100,100,0.45,0.5,64.5914,B级_基本安全,0.354086,渗流破坏,1.0
46+095,strong_management_100,100,0.45,0.75,64.5914,B级_基本安全,0.354086,渗流破坏,1.0
46+095,strong_management_100,100,0.45,1.0,64.5914,B级_基本安全,0.354086,渗流破坏,1.0
46+095,strong_management_100,100,0.5,0.0,64.0251,B级_基本安全,0.359749,渗流破坏,1.0
46+095,strong_management_100,100,0.5,0.25,64.0251,B级_基本安全,0.359749,渗流破坏,1.0
46+095,strong_management_100,100,0.5,0.5,64.0251,B级_基本安全,0.359749,渗流破坏,1.0
46+095,strong_management_100,100,0.5,0.75,64.0251,B级_基本安全,0.359749,渗流破坏,1.0
46+095,strong_management_100,100,0.5,1.0,64.0251,B级_基本安全,0.359749,渗流破坏,1.0
46+095,strong_management_100,100,0.6,0.0,62.8927,B级_基本安全,0.371073,渗流破坏,1.0
46+095,strong_management_100,100,0.6,0.25,62.8927,B级_基本安全,0.371073,渗流破坏,1.0
46+095,strong_management_100,100,0.6,0.5,62.8927,B级_基本安全,0.371073,渗流破坏,1.0
46+095,strong_management_100,100,0.6,0.75,62.8927,B级_基本安全,0.371073,渗流破坏,1.0
46+095,strong_management_100,100,0.6,1.0,62.8927,B级_基本安全,0.371073,渗流破坏,1.0
46+095,strong_management_100,100,0.7,0.0,61.7602,B级_基本安全,0.382398,渗流破坏,1.0
46+095,strong_management_100,100,0.7,0.25,61.7602,B级_基本安全,0.382398,渗流破坏,1.0
46+095,strong_management_100,100,0.7,0.5,61.7602,B级_基本安全,0.382398,渗流破坏,1.0
46+095,strong_management_100,100,0.7,0.75,61.7602,B级_基本安全,0.382398,渗流破坏,1.0
46+095,strong_management_100,100,0.7,1.0,61.7602,B级_基本安全,0.382398,渗流破坏,1.0
46+095,strong_management_100,100,0.8,0.0,60.6277,B级_基本安全,0.393723,渗流破坏,1.0
46+095,strong_management_100,100,0.8,0.25,60.6277,B级_基本安全,0.393723,渗流破坏,1.0
46+095,strong_management_100,100,0.8,0.5,60.6277,B级_基本安全,0.393723,渗流破坏,1.0
46+095,strong_management_100,100,0.8,0.75,60.6277,B级_基本安全,0.393723,渗流破坏,1.0
46+095,strong_management_100,100,0.8,1.0,60.6277,B级_基本安全,0.393723,渗流破坏,1.0
46+095,strong_management_100,100,0.9,0.0,59.4952,B级_基本安全,0.405048,渗流破坏,1.0
46+095,strong_management_100,100,0.9,0.25,59.4952,B级_基本安全,0.405048,渗流破坏,1.0
46+095,strong_management_100,100,0.9,0.5,59.4952,B级_基本安全,0.405048,渗流破坏,1.0
46+095,strong_management_100,100,0.9,0.75,59.4952,B级_基本安全,0.405048,渗流破坏,1.0
46+095,strong_management_100,100,0.9,1.0,59.4952,B级_基本安全,0.405048,渗流破坏,1.0
46+095,strong_management_100,100,1.0,0.0,58.3627,B级_基本安全,0.416373,渗流破坏,1.0
46+095,strong_management_100,100,1.0,0.25,58.3627,B级_基本安全,0.416373,渗流破坏,1.0
46+095,strong_management_100,100,1.0,0.5,58.3627,B级_基本安全,0.416373,渗流破坏,1.0
46+095,strong_management_100,100,1.0,0.75,58.3627,B级_基本安全,0.416373,渗流破坏,1.0
46+095,strong_management_100,100,1.0,1.0,58.3627,B级_基本安全,0.416373,渗流破坏,1.0
46+095,medium_management_60,60,0.0,0.0,69.6876,B级_基本安全,0.303124,渗流破坏,0.6
46+095,medium_management_60,60,0.0,0.25,67.8031,B级_基本安全,0.321969,渗流破坏,0.6
46+095,medium_management_60,60,0.0,0.5,65.9187,B级_基本安全,0.340813,渗流破坏,0.6
46+095,medium_management_60,60,0.0,0.75,64.0343,B级_基本安全,0.359657,渗流破坏,0.6
46+095,medium_management_60,60,0.0,1.0,62.1499,B级_基本安全,0.378501,渗流破坏,0.6
46+095,medium_management_60,60,0.1,0.0,68.5551,B级_基本安全,0.314449,渗流破坏,0.6
46+095,medium_management_60,60,0.1,0.25,66.6161,B级_基本安全,0.333839,渗流破坏,0.6
46+095,medium_management_60,60,0.1,0.5,64.6771,B级_基本安全,0.353229,渗流破坏,0.6
46+095,medium_management_60,60,0.1,0.75,62.7381,B级_基本安全,0.372619,渗流破坏,0.6
46+095,medium_management_60,60,0.1,1.0,60.7992,B级_基本安全,0.392008,渗流破坏,0.6
46+095,medium_management_60,60,0.2,0.0,67.4226,B级_基本安全,0.325774,渗流破坏,0.6
46+095,medium_management_60,60,0.2,0.25,65.429,B级_基本安全,0.34571,渗流破坏,0.6
46+095,medium_management_60,60,0.2,0.5,63.4355,B级_基本安全,0.365645,渗流破坏,0.6
46+095,medium_management_60,60,0.2,0.75,61.442,B级_基本安全,0.38558,渗流破坏,0.6
46+095,medium_management_60,60,0.2,1.0,59.4484,B级_基本安全,0.405516,渗流破坏,0.6
46+095,medium_management_60,60,0.3,0.0,66.2901,B级_基本安全,0.337099,渗流破坏,0.6
46+095,medium_management_60,60,0.3,0.25,64.242,B级_基本安全,0.35758,渗流破坏,0.6
46+095,medium_management_60,60,0.3,0.5,62.1939,B级_基本安全,0.378061,渗流破坏,0.6
46+095,medium_management_60,60,0.3,0.75,60.1458,B级_基本安全,0.398542,渗流破坏,0.6
46+095,medium_management_60,60,0.3,1.0,58.0977,B级_基本安全,0.419023,渗流破坏,0.6
46+095,medium_management_60,60,0.4,0.0,65.1576,B级_基本安全,0.348424,渗流破坏,0.6
46+095,medium_management_60,60,0.4,0.25,63.0549,B级_基本安全,0.369451,渗流破坏,0.6
46+095,medium_management_60,60,0.4,0.5,60.9523,B级_基本安全,0.390477,渗流破坏,0.6
46+095,medium_management_60,60,0.4,0.75,58.8496,B级_基本安全,0.411504,渗流破坏,0.6
46+095,medium_management_60,60,0.4,1.0,56.7469,B级_基本安全,0.432531,渗流破坏,0.6
46+095,medium_management_60,60,0.45,0.0,64.5914,B级_基本安全,0.354086,渗流破坏,0.6
46+095,medium_management_60,60,0.45,0.25,62.4614,B级_基本安全,0.375386,渗流破坏,0.6
46+095,medium_management_60,60,0.45,0.5,60.3315,B级_基本安全,0.396685,渗流破坏,0.6
46+095,medium_management_60,60,0.45,0.75,58.2015,B级_基本安全,0.417985,渗流破坏,0.6
46+095,medium_management_60,60,0.45,1.0,56.0716,B级_基本安全,0.439284,渗流破坏,0.6
46+095,medium_management_60,60,0.5,0.0,64.0251,B级_基本安全,0.359749,渗流破坏,0.6
46+095,medium_management_60,60,0.5,0.25,61.8679,B级_基本安全,0.381321,渗流破坏,0.6
46+095,medium_management_60,60,0.5,0.5,59.7107,B级_基本安全,0.402893,渗流破坏,0.6
46+095,medium_management_60,60,0.5,0.75,57.5534,B级_基本安全,0.424466,渗流破坏,0.6
46+095,medium_management_60,60,0.5,1.0,55.3962,B级_基本安全,0.446038,渗流破坏,0.6
46+095,medium_management_60,60,0.6,0.0,62.8927,B级_基本安全,0.371073,渗流破坏,0.6
46+095,medium_management_60,60,0.6,0.25,60.6809,B级_基本安全,0.393191,渗流破坏,0.6
46+095,medium_management_60,60,0.6,0.5,58.4691,B级_基本安全,0.415309,渗流破坏,0.6
46+095,medium_management_60,60,0.6,0.75,56.2572,B级_基本安全,0.437428,渗流破坏,0.6
46+095,medium_management_60,60,0.6,1.0,54.0454,B级_基本安全,0.459546,渗流破坏,0.6
46+095,medium_management_60,60,0.7,0.0,61.7602,B级_基本安全,0.382398,渗流破坏,0.6
46+095,medium_management_60,60,0.7,0.25,59.4938,B级_基本安全,0.405062,渗流破坏,0.6
46+095,medium_management_60,60,0.7,0.5,57.2274,B级_基本安全,0.427726,渗流破坏,0.6
46+095,medium_management_60,60,0.7,0.75,54.9611,B级_基本安全,0.450389,渗流破坏,0.6
46+095,medium_management_60,60,0.7,1.0,52.6947,B级_基本安全,0.473053,渗流破坏,0.6
46+095,medium_management_60,60,0.8,0.0,60.6277,B级_基本安全,0.393723,渗流破坏,0.6
46+095,medium_management_60,60,0.8,0.25,58.3068,B级_基本安全,0.416932,渗流破坏,0.6
46+095,medium_management_60,60,0.8,0.5,55.9858,B级_基本安全,0.440142,渗流破坏,0.6
46+095,medium_management_60,60,0.8,0.75,53.6649,B级_基本安全,0.463351,渗流破坏,0.6
46+095,medium_management_60,60,0.8,1.0,51.344,B级_基本安全,0.48656,渗流破坏,0.6
46+095,medium_management_60,60,0.9,0.0,59.4952,B级_基本安全,0.405048,渗流破坏,0.6
46+095,medium_management_60,60,0.9,0.25,57.1197,B级_基本安全,0.428803,渗流破坏,0.6
46+095,medium_management_60,60,0.9,0.5,54.7442,B级_基本安全,0.452558,渗流破坏,0.6
46+095,medium_management_60,60,0.9,0.75,52.3687,B级_基本安全,0.476313,渗流破坏,0.6
46+095,medium_management_60,60,0.9,1.0,49.9932,B级_基本安全,0.500068,渗流破坏,0.6
46+095,medium_management_60,60,1.0,0.0,58.3627,B级_基本安全,0.416373,渗流破坏,0.6
46+095,medium_management_60,60,1.0,0.25,55.9327,B级_基本安全,0.440673,渗流破坏,0.6
46+095,medium_management_60,60,1.0,0.5,53.5026,B级_基本安全,0.464974,渗流破坏,0.6
46+095,medium_management_60,60,1.0,0.75,51.0725,B级_基本安全,0.489275,渗流破坏,0.6
46+095,medium_management_60,60,1.0,1.0,48.6425,B级_基本安全,0.513575,渗流破坏,0.6
46+095,weak_management_0,0,0.0,0.0,69.6876,B级_基本安全,0.303124,渗流破坏,0.0
46+095,weak_management_0,0,0.0,0.25,64.9765,B级_基本安全,0.350235,渗流破坏,0.0
46+095,weak_management_0,0,0.0,0.5,60.2655,B级_基本安全,0.397345,渗流破坏,0.0
46+095,weak_management_0,0,0.0,0.75,55.5544,B级_基本安全,0.444456,渗流破坏,0.0
46+095,weak_management_0,0,0.0,1.0,50.8434,B级_基本安全,0.491566,渗流破坏,0.0
46+095,weak_management_0,0,0.1,0.0,68.5551,B级_基本安全,0.314449,渗流破坏,0.0
46+095,weak_management_0,0,0.1,0.25,63.7076,B级_基本安全,0.362924,渗流破坏,0.0
46+095,weak_management_0,0,0.1,0.5,58.8602,B级_基本安全,0.411398,渗流破坏,0.0
46+095,weak_management_0,0,0.1,0.75,54.0127,B级_基本安全,0.459873,渗流破坏,0.0
46+095,weak_management_0,0,0.1,1.0,49.1653,B级_基本安全,0.508347,渗流破坏,0.0
46+095,weak_management_0,0,0.2,0.0,67.4226,B级_基本安全,0.325774,渗流破坏,0.0
46+095,weak_management_0,0,0.2,0.25,62.4387,B级_基本安全,0.375613,渗流破坏,0.0
46+095,weak_management_0,0,0.2,0.5,57.4549,B级_基本安全,0.425451,渗流破坏,0.0
46+095,weak_management_0,0,0.2,0.75,52.471,B级_基本安全,0.47529,渗流破坏,0.0
46+095,weak_management_0,0,0.2,1.0,47.4871,B级_基本安全,0.525129,渗流破坏,0.0
46+095,weak_management_0,0,0.3,0.0,66.2901,B级_基本安全,0.337099,渗流破坏,0.0
46+095,weak_management_0,0,0.3,0.25,61.1698,B级_基本安全,0.388302,渗流破坏,0.0
46+095,weak_management_0,0,0.3,0.5,56.0496,B级_基本安全,0.439504,渗流破坏,0.0
46+095,weak_management_0,0,0.3,0.75,50.9293,B级_基本安全,0.490707,渗流破坏,0.0
46+095,weak_management_0,0,0.3,1.0,45.809,B级_基本安全,0.54191,渗流破坏,0.0
46+095,weak_management_0,0,0.4,0.0,65.1576,B级_基本安全,0.348424,渗流破坏,0.0
46+095,weak_management_0,0,0.4,0.25,59.9009,B级_基本安全,0.400991,渗流破坏,0.0
46+095,weak_management_0,0,0.4,0.5,54.6443,B级_基本安全,0.453557,渗流破坏,0.0
46+095,weak_management_0,0,0.4,0.75,49.3876,B级_基本安全,0.506124,渗流破坏,0.0
46+095,weak_management_0,0,0.4,1.0,44.1309,B级_基本安全,0.558691,渗流破坏,0.0
46+095,weak_management_0,0,0.45,0.0,64.5914,B级_基本安全,0.354086,渗流破坏,0.0
46+095,weak_management_0,0,0.45,0.25,59.2665,B级_基本安全,0.407335,渗流破坏,0.0
46+095,weak_management_0,0,0.45,0.5,53.9416,B级_基本安全,0.460584,渗流破坏,0.0
46+095,weak_management_0,0,0.45,0.75,48.6167,B级_基本安全,0.513833,渗流破坏,0.0
46+095,weak_management_0,0,0.45,1.0,43.2918,B级_基本安全,0.567082,渗流破坏,0.0
46+095,weak_management_0,0,0.5,0.0,64.0251,B级_基本安全,0.359749,渗流破坏,0.0
46+095,weak_management_0,0,0.5,0.25,58.632,B级_基本安全,0.41368,渗流破坏,0.0
46+095,weak_management_0,0,0.5,0.5,53.2389,B级_基本安全,0.467611,渗流破坏,0.0
46+095,weak_management_0,0,0.5,0.75,47.8458,B级_基本安全,0.521542,渗流破坏,0.0
46+095,weak_management_0,0,0.5,1.0,42.4527,B级_基本安全,0.575473,渗流破坏,0.0
46+095,weak_management_0,0,0.6,0.0,62.8927,B级_基本安全,0.371073,渗流破坏,0.0
46+095,weak_management_0,0,0.6,0.25,57.3631,B级_基本安全,0.426369,渗流破坏,0.0
46+095,weak_management_0,0,0.6,0.5,51.8336,B级_基本安全,0.481664,渗流破坏,0.0
46+095,weak_management_0,0,0.6,0.75,46.3041,B级_基本安全,0.536959,渗流破坏,0.0
46+095,weak_management_0,0,0.6,1.0,40.7746,B级_基本安全,0.592254,渗流破坏,0.0
46+095,weak_management_0,0,0.7,0.0,61.7602,B级_基本安全,0.382398,渗流破坏,0.0
46+095,weak_management_0,0,0.7,0.25,56.0943,B级_基本安全,0.439057,渗流破坏,0.0
46+095,weak_management_0,0,0.7,0.5,50.4283,B级_基本安全,0.495717,渗流破坏,0.0
46+095,weak_management_0,0,0.7,0.75,44.7624,B级_基本安全,0.552376,渗流破坏,0.0
46+095,weak_management_0,0,0.7,1.0,39.0965,C级_不安全,0.609035,渗流破坏,0.0
46+095,weak_management_0,0,0.8,0.0,60.6277,B级_基本安全,0.393723,渗流破坏,0.0
46+095,weak_management_0,0,0.8,0.25,54.8254,B级_基本安全,0.451746,渗流破坏,0.0
46+095,weak_management_0,0,0.8,0.5,49.023,B级_基本安全,0.50977,渗流破坏,0.0
46+095,weak_management_0,0,0.8,0.75,43.2207,B级_基本安全,0.567793,渗流破坏,0.0
46+095,weak_management_0,0,0.8,1.0,37.4183,C级_不安全,0.625817,渗流破坏,0.0
46+095,weak_management_0,0,0.9,0.0,59.4952,B级_基本安全,0.405048,渗流破坏,0.0
46+095,weak_management_0,0,0.9,0.25,53.5565,B级_基本安全,0.464435,渗流破坏,0.0
46+095,weak_management_0,0,0.9,0.5,47.6177,B级_基本安全,0.523823,渗流破坏,0.0
46+095,weak_management_0,0,0.9,0.75,41.679,B级_基本安全,0.58321,渗流破坏,0.0
46+095,weak_management_0,0,0.9,1.0,35.7402,C级_不安全,0.642598,渗流破坏,0.0
46+095,weak_management_0,0,1.0,0.0,58.3627,B级_基本安全,0.416373,渗流破坏,0.0
46+095,weak_management_0,0,1.0,0.25,52.2876,B级_基本安全,0.477124,渗流破坏,0.0
46+095,weak_management_0,0,1.0,0.5,46.2124,B级_基本安全,0.537876,渗流破坏,0.0
46+095,weak_management_0,0,1.0,0.75,40.1372,B级_基本安全,0.598628,渗流破坏,0.0
46+095,weak_management_0,0,1.0,1.0,34.0621,C级_不安全,0.659379,渗流破坏,0.0
