stake,variable,value,base_score,score,score_change,grade,dominant_mode
45+500,seepage_i_ratio_to_icr,0.1,72.8652,75.5159,2.6507,B级_基本安全,渗流破坏
45+500,seepage_i_ratio_to_icr,0.3,72.8652,71.6455,-1.2197,B级_基本安全,渗流破坏
45+500,seepage_i_ratio_to_icr,0.5,72.8652,67.7751,-5.0901,B级_基本安全,渗流破坏
45+500,seepage_i_ratio_to_icr,0.7,72.8652,63.9047,-8.9605,B级_基本安全,渗流破坏
45+500,seepage_i_ratio_to_icr,0.9,72.8652,60.0343,-12.8309,B级_基本安全,渗流破坏
45+500,seepage_i_ratio_to_icr,1.0,72.8652,28.0181,-44.8471,C级_不安全,渗流破坏
45+500,seepage_i_ratio_to_icr,1.1,72.8652,28.0181,-44.8471,C级_不安全,渗流破坏
45+500,back_slope_fos,0.95,72.8652,32.7403,-40.1249,C级_不安全,边坡失稳
45+500,back_slope_fos,1.0,72.8652,58.4938,-14.3714,B级_基本安全,边坡失稳
45+500,back_slope_fos,1.1,72.8652,64.2104,-8.6548,B级_基本安全,边坡失稳
45+500,back_slope_fos,1.25,72.8652,71.5896,-1.2756,B级_基本安全,渗流破坏
45+500,back_slope_fos,1.35,72.8652,72.8652,0.0,B级_基本安全,渗流破坏
45+500,back_slope_fos,1.5,72.8652,72.8652,0.0,B级_基本安全,渗流破坏
45+500,back_slope_fos,1.7,72.8652,72.8652,0.0,B级_基本安全,渗流破坏
45+500,front_slope_fos,0.95,72.8652,32.7403,-40.1249,C级_不安全,边坡失稳
45+500,front_slope_fos,1.0,72.8652,66.1717,-6.6935,B级_基本安全,边坡失稳
45+500,front_slope_fos,1.1,72.8652,71.1037,-1.7615,B级_基本安全,边坡失稳
45+500,front_slope_fos,1.25,72.8652,72.8652,0.0,B级_基本安全,渗流破坏
45+500,front_slope_fos,1.35,72.8652,72.8652,0.0,B级_基本安全,渗流破坏
45+500,front_slope_fos,1.5,72.8652,72.8652,0.0,B级_基本安全,渗流破坏
45+500,top_elevation_minus_design_flood,-2.0,72.8652,34.6512,-38.214,C级_不安全,漫顶失效
45+500,top_elevation_minus_design_flood,-1.0,72.8652,34.6512,-38.214,C级_不安全,漫顶失效
45+500,top_elevation_minus_design_flood,-0.5,72.8652,34.6512,-38.214,C级_不安全,漫顶失效
45+500,top_elevation_minus_design_flood,0.0,72.8652,34.6512,-38.214,C级_不安全,漫顶失效
45+500,top_elevation_minus_design_flood,0.5,72.8652,46.5623,-26.3029,B级_基本安全,漫顶失效
45+500,top_elevation_minus_design_flood,1.0,72.8652,58.4734,-14.3918,B级_基本安全,漫顶失效
45+500,top_elevation_minus_design_flood,2.0,72.8652,72.8652,0.0,B级_基本安全,渗流破坏
45+600,seepage_i_ratio_to_icr,0.1,63.9761,69.4805,5.5044,B级_基本安全,边坡失稳
45+600,seepage_i_ratio_to_icr,0.3,63.9761,65.7471,1.771,B级_基本安全,渗流破坏
45+600,seepage_i_ratio_to_icr,0.5,63.9761,61.8767,-2.0994,B级_基本安全,渗流破坏
45+600,seepage_i_ratio_to_icr,0.7,63.9761,58.0063,-5.9698,B级_基本安全,渗流破坏
45+600,seepage_i_ratio_to_icr,0.9,63.9761,54.1359,-9.8402,B级_基本安全,渗流破坏
45+600,seepage_i_ratio_to_icr,1.0,63.9761,24.4891,-39.487,C级_不安全,渗流破坏
45+600,seepage_i_ratio_to_icr,1.1,63.9761,24.4891,-39.487,C级_不安全,渗流破坏
45+600,back_slope_fos,0.95,63.9761,29.031,-34.9451,C级_不安全,边坡失稳
45+600,back_slope_fos,1.0,63.9761,50.4523,-13.5238,B级_基本安全,边坡失稳
45+600,back_slope_fos,1.1,63.9761,56.1688,-7.8073,B级_基本安全,边坡失稳
45+600,back_slope_fos,1.25,63.9761,63.3383,-0.6378,B级_基本安全,渗流破坏
45+600,back_slope_fos,1.35,63.9761,64.6139,0.6378,B级_基本安全,渗流破坏
45+600,back_slope_fos,1.5,63.9761,64.6139,0.6378,B级_基本安全,渗流破坏
45+600,back_slope_fos,1.7,63.9761,64.6139,0.6378,B级_基本安全,渗流破坏
45+600,front_slope_fos,0.95,63.9761,29.031,-34.9451,C级_不安全,边坡失稳
45+600,front_slope_fos,1.0,63.9761,58.7243,-5.2518,B级_基本安全,边坡失稳
45+600,front_slope_fos,1.1,63.9761,63.0957,-0.8804,B级_基本安全,渗流破坏
45+600,front_slope_fos,1.25,63.9761,64.7465,0.7704,B级_基本安全,渗流破坏
45+600,front_slope_fos,1.35,63.9761,64.7465,0.7704,B级_基本安全,渗流破坏
45+600,front_slope_fos,1.5,63.9761,64.7465,0.7704,B级_基本安全,渗流破坏
45+600,top_elevation_minus_design_flood,-2.0,63.9761,29.3373,-34.6388,C级_不安全,漫顶失效
45+600,top_elevation_minus_design_flood,-1.0,63.9761,29.3373,-34.6388,C级_不安全,漫顶失效
45+600,top_elevation_minus_design_flood,-0.5,63.9761,29.3373,-34.6388,C级_不安全,漫顶失效
45+600,top_elevation_minus_design_flood,0.0,63.9761,29.3373,-34.6388,C级_不安全,漫顶失效
45+600,top_elevation_minus_design_flood,0.5,63.9761,41.2484,-22.7277,B级_基本安全,漫顶失效
45+600,top_elevation_minus_design_flood,1.0,63.9761,53.1595,-10.8166,B级_基本安全,漫顶失效
45+600,top_elevation_minus_design_flood,2.0,63.9761,63.9761,0.0,B级_基本安全,渗流破坏
46+095,seepage_i_ratio_to_icr,0.1,64.5914,67.4762,2.8848,B级_基本安全,边坡失稳
46+095,seepage_i_ratio_to_icr,0.3,64.5914,66.1874,1.596,B级_基本安全,边坡失稳
46+095,seepage_i_ratio_to_icr,0.5,64.5914,63.2895,-1.3019,B级_基本安全,渗流破坏
46+095,seepage_i_ratio_to_icr,0.7,64.5914,59.4191,-5.1723,B级_基本安全,渗流破坏
46+095,seepage_i_ratio_to_icr,0.9,64.5914,55.5487,-9.0427,B级_基本安全,渗流破坏
46+095,seepage_i_ratio_to_icr,1.0,64.5914,25.2167,-39.3747,C级_不安全,渗流破坏
46+095,seepage_i_ratio_to_icr,1.1,64.5914,25.2167,-39.3747,C级_不安全,渗流破坏
46+095,back_slope_fos,0.95,64.5914,30.5714,-34.02,C级_不安全,边坡失稳
46+095,back_slope_fos,1.0,64.5914,50.4691,-14.1223,B级_基本安全,边坡失稳
46+095,back_slope_fos,1.1,64.5914,56.1856,-8.4058,B级_基本安全,边坡失稳
46+095,back_slope_fos,1.25,64.5914,64.4638,-0.1276,B级_基本安全,渗流破坏
46+095,back_slope_fos,1.35,64.5914,65.7394,1.148,B级_基本安全,渗流破坏
46+095,back_slope_fos,1.5,64.5914,65.7394,1.148,B级_基本安全,渗流破坏
46+095,back_slope_fos,1.7,64.5914,65.7394,1.148,B级_基本安全,渗流破坏
46+095,front_slope_fos,0.95,64.5914,30.5714,-34.02,C级_不安全,边坡失稳
46+095,front_slope_fos,1.0,64.5914,57.9341,-6.6573,B级_基本安全,边坡失稳
46+095,front_slope_fos,1.1,64.5914,62.8661,-1.7253,B级_基本安全,边坡失稳
46+095,front_slope_fos,1.25,64.5914,65.6919,1.1005,B级_基本安全,渗流破坏
46+095,front_slope_fos,1.35,64.5914,65.6919,1.1005,B级_基本安全,渗流破坏
46+095,front_slope_fos,1.5,64.5914,65.6919,1.1005,B级_基本安全,渗流破坏
46+095,top_elevation_minus_design_flood,-2.0,64.5914,30.1935,-34.3979,C级_不安全,漫顶失效
46+095,top_elevation_minus_design_flood,-1.0,64.5914,30.1935,-34.3979,C级_不安全,漫顶失效
46+095,top_elevation_minus_design_flood,-0.5,64.5914,30.1935,-34.3979,C级_不安全,漫顶失效
46+095,top_elevation_minus_design_flood,0.0,64.5914,30.1935,-34.3979,C级_不安全,漫顶失效
46+095,top_elevation_minus_design_flood,0.5,64.5914,42.1046,-22.4868,B级_基本安全,漫顶失效
46+095,top_elevation_minus_design_flood,1.0,64.5914,54.0157,-10.5757,B级_基本安全,漫顶失效
46+095,top_elevation_minus_design_flood,2.0,64.5914,64.7574,0.166,B级_基本安全,渗流破坏
