stake,indicator,input_score,base_score,score,score_change,grade,grade_changed_from_missing,dominant_mode,barrier_ability
45+500,A4,0,72.8652,72.4471,-0.4181,B级_基本安全,False,渗流破坏,
45+500,A4,40,72.8652,72.6433,-0.2219,B级_基本安全,False,渗流破坏,
45+500,A4,50,72.8652,72.6923,-0.1729,B级_基本安全,False,渗流破坏,
45+500,A4,60,72.8652,72.7414,-0.1238,B级_基本安全,False,渗流破坏,
45+500,A4,70,72.8652,72.7904,-0.0748,B级_基本安全,False,渗流破坏,
45+500,A4,80,72.8652,72.8395,-0.0257,B级_基本安全,False,渗流破坏,
45+500,A4,100,72.8652,72.9376,0.0724,B级_基本安全,False,渗流破坏,
45+500,A6,0,72.8652,72.8652,0.0,B级_基本安全,False,渗流破坏,
45+500,A6,40,72.8652,75.0946,2.2294,B级_基本安全,False,渗流破坏,
45+500,A6,50,72.8652,75.652,2.7868,B级_基本安全,False,渗流破坏,
45+500,A6,60,72.8652,76.2093,3.3441,B级_基本安全,False,渗流破坏,
45+500,A6,70,72.8652,76.7667,3.9015,B级_基本安全,False,渗流破坏,
45+500,A6,80,72.8652,77.3241,4.4589,B级_基本安全,False,渗流破坏,
45+500,A6,100,72.8652,78.4388,5.5736,B级_基本安全,False,渗流破坏,
45+500,A7,0,72.8652,69.9774,-2.8878,B级_基本安全,False,渗流破坏,
45+500,A7,40,72.8652,71.9026,-0.9626,B级_基本安全,False,渗流破坏,
45+500,A7,50,72.8652,72.3839,-0.4813,B级_基本安全,False,渗流破坏,
45+500,A7,60,72.8652,72.8652,0.0,B级_基本安全,False,渗流破坏,
45+500,A7,70,72.8652,73.3465,0.4813,B级_基本安全,False,渗流破坏,
45+500,A7,80,72.8652,73.8279,0.9627,B级_基本安全,False,渗流破坏,
45+500,A7,100,72.8652,74.7905,1.9253,B级_基本安全,False,渗流破坏,
45+500,A8,0,72.8652,67.0341,-5.8311,B级_基本安全,False,穿堤建筑物失效,
45+500,A8,40,72.8652,70.8031,-2.0621,B级_基本安全,False,渗流破坏,
45+500,A8,50,72.8652,71.2787,-1.5865,B级_基本安全,False,渗流破坏,
45+500,A8,60,72.8652,71.7543,-1.1109,B级_基本安全,False,渗流破坏,
45+500,A8,70,72.8652,72.23,-0.6352,B级_基本安全,False,渗流破坏,
45+500,A8,80,72.8652,72.7056,-0.1596,B级_基本安全,False,渗流破坏,
45+500,A8,100,72.8652,73.6569,0.7917,B级_基本安全,False,渗流破坏,
45+500,A9,0,72.8652,71.922,-0.9432,B级_基本安全,False,渗流破坏,
45+500,A9,40,72.8652,72.3352,-0.53,B级_基本安全,False,渗流破坏,
45+500,A9,50,72.8652,72.4385,-0.4267,B级_基本安全,False,渗流破坏,
45+500,A9,60,72.8652,72.5418,-0.3234,B级_基本安全,False,渗流破坏,
45+500,A9,70,72.8652,72.6451,-0.2201,B级_基本安全,False,渗流破坏,
45+500,A9,80,72.8652,72.7484,-0.1168,B级_基本安全,False,渗流破坏,
45+500,A9,100,72.8652,72.955,0.0898,B级_基本安全,False,渗流破坏,
45+500,B2,0,72.8652,71.5442,-1.321,B级_基本安全,False,渗流破坏,
45+500,B2,40,72.8652,72.1486,-0.7166,B级_基本安全,False,渗流破坏,
45+500,B2,50,72.8652,72.2997,-0.5655,B级_基本安全,False,渗流破坏,
45+500,B2,60,72.8652,72.4508,-0.4144,B级_基本安全,False,渗流破坏,
45+500,B2,70,72.8652,72.6019,-0.2633,B级_基本安全,False,渗流破坏,
45+500,B2,80,72.8652,72.753,-0.1122,B级_基本安全,False,渗流破坏,
45+500,B2,100,72.8652,73.0551,0.1899,B级_基本安全,False,渗流破坏,
45+500,B3,0,72.8652,65.7737,-7.0915,B级_基本安全,False,漫顶失效,
45+500,B3,40,72.8652,70.9464,-1.9188,B级_基本安全,False,渗流破坏,
45+500,B3,50,72.8652,71.3554,-1.5098,B级_基本安全,False,渗流破坏,
45+500,B3,60,72.8652,71.7643,-1.1009,B级_基本安全,False,渗流破坏,
45+500,B3,70,72.8652,72.1733,-0.6919,B级_基本安全,False,渗流破坏,
45+500,B3,80,72.8652,72.5823,-0.2829,B级_基本安全,False,渗流破坏,
45+500,B3,100,72.8652,73.4002,0.535,B级_基本安全,False,渗流破坏,
45+500,B4,0,72.8652,68.7605,-4.1047,B级_基本安全,False,穿堤建筑物失效,
45+500,B4,40,72.8652,71.1362,-1.729,B级_基本安全,False,渗流破坏,
45+500,B4,50,72.8652,71.4435,-1.4217,B级_基本安全,False,渗流破坏,
45+500,B4,60,72.8652,71.7508,-1.1144,B级_基本安全,False,渗流破坏,
45+500,B4,70,72.8652,72.0581,-0.8071,B级_基本安全,False,渗流破坏,
45+500,B4,80,72.8652,72.3654,-0.4998,B级_基本安全,False,渗流破坏,
45+500,B4,100,72.8652,72.98,0.1148,B级_基本安全,False,渗流破坏,
45+500,C2,0,72.8652,69.7581,-3.1071,B级_基本安全,False,渗流破坏,
45+500,C2,40,72.8652,71.581,-1.2842,B级_基本安全,False,渗流破坏,
45+500,C2,50,72.8652,72.0367,-0.8285,B级_基本安全,False,渗流破坏,
45+500,C2,60,72.8652,72.4924,-0.3728,B级_基本安全,False,渗流破坏,
45+500,C2,70,72.8652,72.9481,0.0829,B级_基本安全,False,渗流破坏,
45+500,C2,80,72.8652,73.4038,0.5386,B级_基本安全,False,渗流破坏,
45+500,C2,100,72.8652,74.3153,1.4501,B级_基本安全,False,渗流破坏,
45+500,C6,0,72.8652,50.456,-22.4092,B级_基本安全,False,穿堤建筑物失效,
45+500,C6,40,72.8652,65.7015,-7.1637,B级_基本安全,False,穿堤建筑物失效,
45+500,C6,50,72.8652,69.5129,-3.3523,B级_基本安全,False,穿堤建筑物失效,
45+500,C6,60,72.8652,70.8031,-2.0621,B级_基本安全,False,渗流破坏,
45+500,C6,70,72.8652,71.7826,-1.0826,B级_基本安全,False,渗流破坏,
45+500,C6,80,72.8652,72.7621,-0.1031,B级_基本安全,False,渗流破坏,
45+500,C6,100,72.8652,74.7211,1.8559,B级_基本安全,False,渗流破坏,
45+500,D4,0,72.8652,68.6641,-4.2011,B级_基本安全,False,穿堤建筑物失效,
45+500,D4,40,72.8652,71.5062,-1.359,B级_基本安全,False,渗流破坏,
45+500,D4,50,72.8652,71.7327,-1.1325,B级_基本安全,False,渗流破坏,
45+500,D4,60,72.8652,71.9592,-0.906,B级_基本安全,False,渗流破坏,
45+500,D4,70,72.8652,72.1857,-0.6795,B级_基本安全,False,渗流破坏,
45+500,D4,80,72.8652,72.4122,-0.453,B级_基本安全,False,渗流破坏,
45+500,D4,100,72.8652,72.8652,0.0,B级_基本安全,False,渗流破坏,
45+500,D5,0,72.8652,68.6689,-4.1963,B级_基本安全,False,渗流破坏,
45+500,D5,40,72.8652,70.6931,-2.1721,B级_基本安全,False,渗流破坏,
45+500,D5,50,72.8652,71.1991,-1.6661,B级_基本安全,False,渗流破坏,
45+500,D5,60,72.8652,71.7052,-1.16,B级_基本安全,False,渗流破坏,
45+500,D5,70,72.8652,72.2112,-0.654,B级_基本安全,False,渗流破坏,
45+500,D5,80,72.8652,72.7173,-0.1479,B级_基本安全,False,渗流破坏,
45+500,D5,100,72.8652,73.7294,0.8642,B级_基本安全,False,渗流破坏,
45+500,E1,0,72.8652,70.3969,-2.4683,B级_基本安全,False,渗流破坏,0.0
45+500,E1,40,72.8652,71.3842,-1.481,B级_基本安全,False,渗流破坏,0.4
45+500,E1,50,72.8652,71.6311,-1.2341,B级_基本安全,False,渗流破坏,0.5
45+500,E1,60,72.8652,71.8779,-0.9873,B级_基本安全,False,渗流破坏,0.6
45+500,E1,70,72.8652,72.1247,-0.7405,B级_基本安全,False,渗流破坏,0.7
45+500,E1,80,72.8652,72.3716,-0.4936,B级_基本安全,False,渗流破坏,0.8
45+500,E1,100,72.8652,72.8652,0.0,B级_基本安全,False,渗流破坏,1.0
45+500,E2,0,72.8652,71.9516,-0.9136,B级_基本安全,False,渗流破坏,0.0
45+500,E2,40,72.8652,72.317,-0.5482,B级_基本安全,False,渗流破坏,0.4
45+500,E2,50,72.8652,72.4084,-0.4568,B级_基本安全,False,渗流破坏,0.5
45+500,E2,60,72.8652,72.4998,-0.3654,B级_基本安全,False,渗流破坏,0.6
45+500,E2,70,72.8652,72.5911,-0.2741,B级_基本安全,False,渗流破坏,0.7
45+500,E2,80,72.8652,72.6825,-0.1827,B级_基本安全,False,渗流破坏,0.8
45+500,E2,100,72.8652,72.8652,0.0,B级_基本安全,False,渗流破坏,1.0
45+500,E3,0,72.8652,72.2889,-0.5763,B级_基本安全,False,渗流破坏,0.0
45+500,E3,40,72.8652,72.5194,-0.3458,B级_基本安全,False,渗流破坏,0.4
45+500,E3,50,72.8652,72.5771,-0.2881,B级_基本安全,False,渗流破坏,0.5
45+500,E3,60,72.8652,72.6347,-0.2305,B级_基本安全,False,渗流破坏,0.6
45+500,E3,70,72.8652,72.6923,-0.1729,B级_基本安全,False,渗流破坏,0.7
45+500,E3,80,72.8652,72.75,-0.1152,B级_基本安全,False,渗流破坏,0.8
45+500,E3,100,72.8652,72.8652,0.0,B级_基本安全,False,渗流破坏,1.0
45+500,E4,0,72.8652,68.9538,-3.9114,B级_基本安全,False,渗流破坏,0.0
45+500,E4,40,72.8652,70.5184,-2.3468,B级_基本安全,False,渗流破坏,0.4
45+500,E4,50,72.8652,70.9095,-1.9557,B级_基本安全,False,渗流破坏,0.5
45+500,E4,60,72.8652,71.3007,-1.5645,B级_基本安全,False,渗流破坏,0.6
45+500,E4,70,72.8652,71.6918,-1.1734,B级_基本安全,False,渗流破坏,0.7
45+500,E4,80,72.8652,72.0829,-0.7823,B级_基本安全,False,渗流破坏,0.8
45+500,E4,100,72.8652,72.8652,0.0,B级_基本安全,False,渗流破坏,1.0
45+500,E5,0,72.8652,71.364,-1.5012,B级_基本安全,False,渗流破坏,0.0
45+500,E5,40,72.8652,71.9645,-0.9007,B级_基本安全,False,渗流破坏,0.4
45+500,E5,50,72.8652,72.1146,-0.7506,B级_基本安全,False,渗流破坏,0.5
45+500,E5,60,72.8652,72.2647,-0.6005,B级_基本安全,False,渗流破坏,0.6
45+500,E5,70,72.8652,72.4149,-0.4503,B级_基本安全,False,渗流破坏,0.7
45+500,E5,80,72.8652,72.565,-0.3002,B级_基本安全,False,渗流破坏,0.8
45+500,E5,100,72.8652,72.8652,0.0,B级_基本安全,False,渗流破坏,1.0
45+600,A4,0,63.9761,63.5732,-0.4029,B级_基本安全,False,渗流破坏,
45+600,A4,40,63.9761,63.7694,-0.2067,B级_基本安全,False,渗流破坏,
45+600,A4,50,63.9761,63.8184,-0.1577,B级_基本安全,False,渗流破坏,
45+600,A4,60,63.9761,63.8675,-0.1086,B级_基本安全,False,渗流破坏,
45+600,A4,70,63.9761,63.9165,-0.0596,B级_基本安全,False,渗流破坏,
45+600,A4,80,63.9761,63.9656,-0.0105,B级_基本安全,False,渗流破坏,
45+600,A4,100,63.9761,64.0637,0.0876,B级_基本安全,False,渗流破坏,
45+600,A6,0,63.9761,63.9761,0.0,B级_基本安全,False,渗流破坏,
45+600,A6,40,63.9761,66.2055,2.2294,B级_基本安全,False,渗流破坏,
45+600,A6,50,63.9761,66.7629,2.7868,B级_基本安全,False,渗流破坏,
45+600,A6,60,63.9761,67.3202,3.3441,B级_基本安全,False,渗流破坏,
45+600,A6,70,63.9761,67.8776,3.9015,B级_基本安全,False,渗流破坏,
45+600,A6,80,63.9761,68.4349,4.4588,B级_基本安全,False,渗流破坏,
45+600,A6,100,63.9761,69.5496,5.5735,B级_基本安全,False,渗流破坏,
45+600,A7,0,63.9761,60.6069,-3.3692,B级_基本安全,False,渗流破坏,
45+600,A7,40,63.9761,62.5322,-1.4439,B级_基本安全,False,渗流破坏,
45+600,A7,50,63.9761,63.0135,-0.9626,B级_基本安全,False,渗流破坏,
45+600,A7,60,63.9761,63.4948,-0.4813,B级_基本安全,False,渗流破坏,
45+600,A7,70,63.9761,63.9761,0.0,B级_基本安全,False,渗流破坏,
45+600,A7,80,63.9761,64.4574,0.4813,B级_基本安全,False,渗流破坏,
45+600,A7,100,63.9761,65.4201,1.444,B级_基本安全,False,渗流破坏,
45+600,A8,0,63.9761,54.4012,-9.5749,B级_基本安全,False,穿堤建筑物失效,
45+600,A8,40,63.9761,62.8201,-1.156,B级_基本安全,False,渗流破坏,
45+600,A8,50,63.9761,63.2957,-0.6804,B级_基本安全,False,渗流破坏,
45+600,A8,60,63.9761,63.7713,-0.2048,B级_基本安全,False,渗流破坏,
45+600,A8,70,63.9761,64.247,0.2709,B级_基本安全,False,渗流破坏,
45+600,A8,80,63.9761,64.7226,0.7465,B级_基本安全,False,渗流破坏,
45+600,A8,100,63.9761,65.6739,1.6978,B级_基本安全,False,渗流破坏,
45+600,A9,0,63.9761,63.2838,-0.6923,B级_基本安全,False,渗流破坏,
45+600,A9,40,63.9761,63.6969,-0.2792,B级_基本安全,False,渗流破坏,
45+600,A9,50,63.9761,63.8002,-0.1759,B级_基本安全,False,渗流破坏,
45+600,A9,60,63.9761,63.9035,-0.0726,B级_基本安全,False,渗流破坏,
45+600,A9,70,63.9761,64.0068,0.0307,B级_基本安全,False,渗流破坏,
45+600,A9,80,63.9761,64.1101,0.134,B级_基本安全,False,渗流破坏,
45+600,A9,100,63.9761,64.3167,0.3406,B级_基本安全,False,渗流破坏,
45+600,B2,0,63.9761,62.6551,-1.321,B级_基本安全,False,渗流破坏,
45+600,B2,40,63.9761,63.2595,-0.7166,B级_基本安全,False,渗流破坏,
45+600,B2,50,63.9761,63.4106,-0.5655,B级_基本安全,False,渗流破坏,
45+600,B2,60,63.9761,63.5617,-0.4144,B级_基本安全,False,渗流破坏,
45+600,B2,70,63.9761,63.7128,-0.2633,B级_基本安全,False,渗流破坏,
45+600,B2,80,63.9761,63.8638,-0.1123,B级_基本安全,False,渗流破坏,
45+600,B2,100,63.9761,64.166,0.1899,B级_基本安全,False,渗流破坏,
45+600,B3,0,63.9761,60.4513,-3.5248,B级_基本安全,False,渗流破坏,
45+600,B3,40,63.9761,62.0871,-1.889,B级_基本安全,False,渗流破坏,
45+600,B3,50,63.9761,62.4961,-1.48,B级_基本安全,False,渗流破坏,
45+600,B3,60,63.9761,62.9051,-1.071,B级_基本安全,False,渗流破坏,
45+600,B3,70,63.9761,63.314,-0.6621,B级_基本安全,False,渗流破坏,
45+600,B3,80,63.9761,63.723,-0.2531,B级_基本安全,False,渗流破坏,
45+600,B3,100,63.9761,64.5409,0.5648,B级_基本安全,False,渗流破坏,
45+600,B4,0,63.9761,55.4645,-8.5116,B级_基本安全,False,穿堤建筑物失效,
45+600,B4,40,63.9761,62.8951,-1.081,B级_基本安全,False,渗流破坏,
45+600,B4,50,63.9761,63.2024,-0.7737,B级_基本安全,False,渗流破坏,
45+600,B4,60,63.9761,63.5097,-0.4664,B级_基本安全,False,渗流破坏,
45+600,B4,70,63.9761,63.817,-0.1591,B级_基本安全,False,渗流破坏,
45+600,B4,80,63.9761,64.1243,0.1482,B级_基本安全,False,渗流破坏,
45+600,B4,100,63.9761,64.7389,0.7628,B级_基本安全,False,渗流破坏,
45+600,C2,0,63.9761,61.2588,-2.7173,B级_基本安全,False,渗流破坏,
45+600,C2,40,63.9761,63.0817,-0.8944,B级_基本安全,False,渗流破坏,
45+600,C2,50,63.9761,63.5374,-0.4387,B级_基本安全,False,渗流破坏,
45+600,C2,60,63.9761,63.9931,0.017,B级_基本安全,False,渗流破坏,
45+600,C2,70,63.9761,64.4488,0.4727,B级_基本安全,False,渗流破坏,
45+600,C2,80,63.9761,64.9045,0.9284,B级_基本安全,False,渗流破坏,
45+600,C2,100,63.9761,65.816,1.8399,B级_基本安全,False,渗流破坏,
45+600,C6,0,63.9761,42.6697,-21.3064,B级_基本安全,False,穿堤建筑物失效,
45+600,C6,40,63.9761,57.9152,-6.0609,B级_基本安全,False,穿堤建筑物失效,
45+600,C6,50,63.9761,61.7266,-2.2495,B级_基本安全,False,穿堤建筑物失效,
45+600,C6,60,63.9761,63.6316,-0.3445,B级_基本安全,False,渗流破坏,
45+600,C6,70,63.9761,64.6111,0.635,B级_基本安全,False,渗流破坏,
45+600,C6,80,63.9761,65.5906,1.6145,B级_基本安全,False,渗流破坏,
45+600,C6,100,63.9761,67.5496,3.5735,B级_基本安全,False,渗流破坏,
45+600,D4,0,63.9761,55.6365,-8.3396,B级_基本安全,False,穿堤建筑物失效,
45+600,D4,40,63.9761,63.2966,-0.6795,B级_基本安全,False,渗流破坏,
45+600,D4,50,63.9761,63.5231,-0.453,B级_基本安全,False,渗流破坏,
45+600,D4,60,63.9761,63.7496,-0.2265,B级_基本安全,False,渗流破坏,
45+600,D4,70,63.9761,63.9761,0.0,B级_基本安全,False,渗流破坏,
45+600,D4,80,63.9761,64.2026,0.2265,B级_基本安全,False,渗流破坏,
45+600,D4,100,63.9761,64.6556,0.6795,B级_基本安全,False,渗流破坏,
45+600,D5,0,63.9761,55.6983,-8.2778,B级_基本安全,False,穿堤建筑物失效,
45+600,D5,40,63.9761,62.7119,-1.2642,B级_基本安全,False,渗流破坏,
45+600,D5,50,63.9761,63.2179,-0.7582,B级_基本安全,False,渗流破坏,
45+600,D5,60,63.9761,63.724,-0.2521,B级_基本安全,False,渗流破坏,
45+600,D5,70,63.9761,64.23,0.2539,B级_基本安全,False,渗流破坏,
45+600,D5,80,63.9761,64.7361,0.76,B级_基本安全,False,渗流破坏,
45+600,D5,100,63.9761,65.7482,1.7721,B级_基本安全,False,渗流破坏,
45+600,E1,0,63.9761,61.058,-2.9181,B级_基本安全,False,渗流破坏,0.0
45+600,E1,40,63.9761,62.2252,-1.7509,B级_基本安全,False,渗流破坏,0.4
45+600,E1,50,63.9761,62.517,-1.4591,B级_基本安全,False,渗流破坏,0.5
45+600,E1,60,63.9761,62.8089,-1.1672,B级_基本安全,False,渗流破坏,0.6
45+600,E1,70,63.9761,63.1007,-0.8754,B级_基本安全,False,渗流破坏,0.7
45+600,E1,80,63.9761,63.3925,-0.5836,B级_基本安全,False,渗流破坏,0.8
45+600,E1,100,63.9761,63.9761,0.0,B级_基本安全,False,渗流破坏,1.0
45+600,E2,0,63.9761,62.8959,-1.0802,B级_基本安全,False,渗流破坏,0.0
45+600,E2,40,63.9761,63.328,-0.6481,B级_基本安全,False,渗流破坏,0.4
45+600,E2,50,63.9761,63.436,-0.5401,B级_基本安全,False,渗流破坏,0.5
45+600,E2,60,63.9761,63.544,-0.4321,B级_基本安全,False,渗流破坏,0.6
45+600,E2,70,63.9761,63.6521,-0.324,B级_基本安全,False,渗流破坏,0.7
45+600,E2,80,63.9761,63.7601,-0.216,B级_基本安全,False,渗流破坏,0.8
45+600,E2,100,63.9761,63.9761,0.0,B级_基本安全,False,渗流破坏,1.0
45+600,E3,0,63.9761,63.2948,-0.6813,B级_基本安全,False,渗流破坏,0.0
45+600,E3,40,63.9761,63.5673,-0.4088,B级_基本安全,False,渗流破坏,0.4
45+600,E3,50,63.9761,63.6354,-0.3407,B级_基本安全,False,渗流破坏,0.5
45+600,E3,60,63.9761,63.7036,-0.2725,B级_基本安全,False,渗流破坏,0.6
45+600,E3,70,63.9761,63.7717,-0.2044,B级_基本安全,False,渗流破坏,0.7
45+600,E3,80,63.9761,63.8398,-0.1363,B级_基本安全,False,渗流破坏,0.8
45+600,E3,100,63.9761,63.9761,0.0,B级_基本安全,False,渗流破坏,1.0
45+600,E4,0,63.9761,59.3519,-4.6242,B级_基本安全,False,渗流破坏,0.0
45+600,E4,40,63.9761,61.2016,-2.7745,B级_基本安全,False,渗流破坏,0.4
45+600,E4,50,63.9761,61.664,-2.3121,B级_基本安全,False,渗流破坏,0.5
45+600,E4,60,63.9761,62.1264,-1.8497,B级_基本安全,False,渗流破坏,0.6
45+600,E4,70,63.9761,62.5888,-1.3873,B级_基本安全,False,渗流破坏,0.7
45+600,E4,80,63.9761,63.0513,-0.9248,B级_基本安全,False,渗流破坏,0.8
45+600,E4,100,63.9761,63.9761,0.0,B级_基本安全,False,渗流破坏,1.0
45+600,E5,0,63.9761,62.2013,-1.7748,B级_基本安全,False,渗流破坏,0.0
45+600,E5,40,63.9761,62.9112,-1.0649,B级_基本安全,False,渗流破坏,0.4
45+600,E5,50,63.9761,63.0887,-0.8874,B级_基本安全,False,渗流破坏,0.5
45+600,E5,60,63.9761,63.2662,-0.7099,B级_基本安全,False,渗流破坏,0.6
45+600,E5,70,63.9761,63.4437,-0.5324,B级_基本安全,False,渗流破坏,0.7
45+600,E5,80,63.9761,63.6212,-0.3549,B级_基本安全,False,渗流破坏,0.8
45+600,E5,100,63.9761,63.9761,0.0,B级_基本安全,False,渗流破坏,1.0
46+095,A4,0,64.5914,64.1947,-0.3967,B级_基本安全,False,渗流破坏,
46+095,A4,40,64.5914,64.3909,-0.2005,B级_基本安全,False,渗流破坏,
46+095,A4,50,64.5914,64.4399,-0.1515,B级_基本安全,False,渗流破坏,
46+095,A4,60,64.5914,64.489,-0.1024,B级_基本安全,False,渗流破坏,
46+095,A4,70,64.5914,64.538,-0.0534,B级_基本安全,False,渗流破坏,
46+095,A4,80,64.5914,64.5871,-0.0043,B级_基本安全,False,渗流破坏,
46+095,A4,100,64.5914,64.6852,0.0938,B级_基本安全,False,渗流破坏,
46+095,A6,0,64.5914,64.5914,0.0,B级_基本安全,False,渗流破坏,
46+095,A6,40,64.5914,66.8208,2.2294,B级_基本安全,False,渗流破坏,
46+095,A6,50,64.5914,67.3781,2.7867,B级_基本安全,False,渗流破坏,
46+095,A6,60,64.5914,67.9355,3.3441,B级_基本安全,False,渗流破坏,
46+095,A6,70,64.5914,68.4928,3.9014,B级_基本安全,False,渗流破坏,
46+095,A6,80,64.5914,69.0502,4.4588,B级_基本安全,False,渗流破坏,
46+095,A6,100,64.5914,70.1649,5.5735,B级_基本安全,False,渗流破坏,
46+095,A7,0,64.5914,60.8849,-3.7065,B级_基本安全,False,边坡失稳,
46+095,A7,40,64.5914,63.1475,-1.4439,B级_基本安全,False,渗流破坏,
46+095,A7,50,64.5914,63.6288,-0.9626,B级_基本安全,False,渗流破坏,
46+095,A7,60,64.5914,64.1101,-0.4813,B级_基本安全,False,渗流破坏,
46+095,A7,70,64.5914,64.5914,0.0,B级_基本安全,False,渗流破坏,
46+095,A7,80,64.5914,65.0727,0.4813,B级_基本安全,False,渗流破坏,
46+095,A7,100,64.5914,66.0353,1.4439,B级_基本安全,False,渗流破坏,
46+095,A8,0,64.5914,60.8182,-3.7732,B级_基本安全,False,渗流破坏,
46+095,A8,40,64.5914,62.7207,-1.8707,B级_基本安全,False,渗流破坏,
46+095,A8,50,64.5914,63.1964,-1.395,B级_基本安全,False,渗流破坏,
46+095,A8,60,64.5914,63.672,-0.9194,B级_基本安全,False,渗流破坏,
46+095,A8,70,64.5914,64.1476,-0.4438,B级_基本安全,False,渗流破坏,
46+095,A8,80,64.5914,64.6233,0.0319,B级_基本安全,False,渗流破坏,
46+095,A8,100,64.5914,65.5745,0.9831,B级_基本安全,False,渗流破坏,
46+095,A9,0,64.5914,63.6699,-0.9215,B级_基本安全,False,渗流破坏,
46+095,A9,40,64.5914,64.0831,-0.5083,B级_基本安全,False,渗流破坏,
46+095,A9,50,64.5914,64.1864,-0.405,B级_基本安全,False,渗流破坏,
46+095,A9,60,64.5914,64.2897,-0.3017,B级_基本安全,False,渗流破坏,
46+095,A9,70,64.5914,64.393,-0.1984,B级_基本安全,False,渗流破坏,
46+095,A9,80,64.5914,64.4963,-0.0951,B级_基本安全,False,渗流破坏,
46+095,A9,100,64.5914,64.7029,0.1115,B级_基本安全,False,渗流破坏,
46+095,B2,0,64.5914,63.2968,-1.2946,B级_基本安全,False,渗流破坏,
46+095,B2,40,64.5914,63.9012,-0.6902,B级_基本安全,False,渗流破坏,
46+095,B2,50,64.5914,64.0523,-0.5391,B级_基本安全,False,渗流破坏,
46+095,B2,60,64.5914,64.2034,-0.388,B级_基本安全,False,渗流破坏,
46+095,B2,70,64.5914,64.3544,-0.237,B级_基本安全,False,渗流破坏,
46+095,B2,80,64.5914,64.5055,-0.0859,B级_基本安全,False,渗流破坏,
46+095,B2,100,64.5914,64.8077,0.2163,B级_基本安全,False,渗流破坏,
46+095,B3,0,64.5914,60.7193,-3.8721,B级_基本安全,False,漫顶失效,
46+095,B3,40,64.5914,62.7693,-1.8221,B级_基本安全,False,渗流破坏,
46+095,B3,50,64.5914,63.1783,-1.4131,B级_基本安全,False,渗流破坏,
46+095,B3,60,64.5914,63.5872,-1.0042,B级_基本安全,False,渗流破坏,
46+095,B3,70,64.5914,63.9962,-0.5952,B级_基本安全,False,渗流破坏,
46+095,B3,80,64.5914,64.4052,-0.1862,B级_基本安全,False,渗流破坏,
46+095,B3,100,64.5914,65.2231,0.6317,B级_基本安全,False,渗流破坏,
46+095,B4,0,64.5914,61.6492,-2.9422,B级_基本安全,False,渗流破坏,
46+095,B4,40,64.5914,62.8783,-1.7131,B级_基本安全,False,渗流破坏,
46+095,B4,50,64.5914,63.1856,-1.4058,B级_基本安全,False,渗流破坏,
46+095,B4,60,64.5914,63.4929,-1.0985,B级_基本安全,False,渗流破坏,
46+095,B4,70,64.5914,63.8002,-0.7912,B级_基本安全,False,渗流破坏,
46+095,B4,80,64.5914,64.1075,-0.4839,B级_基本安全,False,渗流破坏,
46+095,B4,100,64.5914,64.7221,0.1307,B级_基本安全,False,渗流破坏,
46+095,C2,0,64.5914,61.9215,-2.6699,B级_基本安全,False,渗流破坏,
46+095,C2,40,64.5914,63.7443,-0.8471,B级_基本安全,False,渗流破坏,
46+095,C2,50,64.5914,64.2001,-0.3913,B级_基本安全,False,渗流破坏,
46+095,C2,60,64.5914,64.6558,0.0644,B级_基本安全,False,渗流破坏,
46+095,C2,70,64.5914,65.1115,0.5201,B级_基本安全,False,渗流破坏,
46+095,C2,80,64.5914,65.5672,0.9758,B级_基本安全,False,渗流破坏,
46+095,C2,100,64.5914,66.4786,1.8872,B级_基本安全,False,渗流破坏,
46+095,C6,0,64.5914,45.9819,-18.6095,B级_基本安全,False,穿堤建筑物失效,
46+095,C6,40,64.5914,61.0193,-3.5721,B级_基本安全,False,渗流破坏,
46+095,C6,50,64.5914,61.9988,-2.5926,B级_基本安全,False,渗流破坏,
46+095,C6,60,64.5914,62.9783,-1.6131,B级_基本安全,False,渗流破坏,
46+095,C6,70,64.5914,63.9578,-0.6336,B级_基本安全,False,渗流破坏,
46+095,C6,80,64.5914,64.8791,0.2877,B级_基本安全,False,边坡失稳,
46+095,C6,100,64.5914,66.0996,1.5082,B级_基本安全,False,边坡失稳,
46+095,D4,0,64.5914,62.3263,-2.2651,B级_基本安全,False,渗流破坏,
46+095,D4,40,64.5914,63.2324,-1.359,B级_基本安全,False,渗流破坏,
46+095,D4,50,64.5914,63.4589,-1.1325,B级_基本安全,False,渗流破坏,
46+095,D4,60,64.5914,63.6854,-0.906,B级_基本安全,False,渗流破坏,
46+095,D4,70,64.5914,63.9119,-0.6795,B级_基本安全,False,渗流破坏,
46+095,D4,80,64.5914,64.1384,-0.453,B级_基本安全,False,渗流破坏,
46+095,D4,100,64.5914,64.5914,0.0,B级_基本安全,False,渗流破坏,
46+095,D5,0,64.5914,59.9202,-4.6712,B级_基本安全,False,边坡失稳,
46+095,D5,40,64.5914,62.7823,-1.8091,B级_基本安全,False,渗流破坏,
46+095,D5,50,64.5914,63.2883,-1.3031,B级_基本安全,False,渗流破坏,
46+095,D5,60,64.5914,63.7944,-0.797,B级_基本安全,False,渗流破坏,
46+095,D5,70,64.5914,64.3004,-0.291,B级_基本安全,False,渗流破坏,
46+095,D5,80,64.5914,64.8065,0.2151,B级_基本安全,False,渗流破坏,
46+095,D5,100,64.5914,65.8186,1.2272,B级_基本安全,False,渗流破坏,
46+095,E1,0,64.5914,61.7862,-2.8052,B级_基本安全,False,渗流破坏,0.0
46+095,E1,40,64.5914,62.9083,-1.6831,B级_基本安全,False,渗流破坏,0.4
46+095,E1,50,64.5914,63.1888,-1.4026,B级_基本安全,False,渗流破坏,0.5
46+095,E1,60,64.5914,63.4693,-1.1221,B级_基本安全,False,渗流破坏,0.6
46+095,E1,70,64.5914,63.7498,-0.8416,B级_基本安全,False,渗流破坏,0.7
46+095,E1,80,64.5914,64.0304,-0.561,B级_基本安全,False,渗流破坏,0.8
46+095,E1,100,64.5914,64.5914,0.0,B级_基本安全,False,渗流破坏,1.0
46+095,E2,0,64.5914,63.553,-1.0384,B级_基本安全,False,渗流破坏,0.0
46+095,E2,40,64.5914,63.9684,-0.623,B级_基本安全,False,渗流破坏,0.4
46+095,E2,50,64.5914,64.0722,-0.5192,B级_基本安全,False,渗流破坏,0.5
46+095,E2,60,64.5914,64.176,-0.4154,B级_基本安全,False,渗流破坏,0.6
46+095,E2,70,64.5914,64.2799,-0.3115,B级_基本安全,False,渗流破坏,0.7
46+095,E2,80,64.5914,64.3837,-0.2077,B级_基本安全,False,渗流破坏,0.8
46+095,E2,100,64.5914,64.5914,0.0,B级_基本安全,False,渗流破坏,1.0
46+095,E3,0,64.5914,63.9364,-0.655,B级_基本安全,False,渗流破坏,0.0
46+095,E3,40,64.5914,64.1984,-0.393,B级_基本安全,False,渗流破坏,0.4
46+095,E3,50,64.5914,64.2639,-0.3275,B级_基本安全,False,渗流破坏,0.5
46+095,E3,60,64.5914,64.3294,-0.262,B级_基本安全,False,渗流破坏,0.6
46+095,E3,70,64.5914,64.3949,-0.1965,B级_基本安全,False,渗流破坏,0.7
46+095,E3,80,64.5914,64.4604,-0.131,B级_基本安全,False,渗流破坏,0.8
46+095,E3,100,64.5914,64.5914,0.0,B级_基本安全,False,渗流破坏,1.0
46+095,E4,0,64.5914,60.1462,-4.4452,B级_基本安全,False,渗流破坏,0.0
46+095,E4,40,64.5914,61.9243,-2.6671,B级_基本安全,False,渗流破坏,0.4
46+095,E4,50,64.5914,62.3688,-2.2226,B级_基本安全,False,渗流破坏,0.5
46+095,E4,60,64.5914,62.8133,-1.7781,B级_基本安全,False,渗流破坏,0.6
46+095,E4,70,64.5914,63.2578,-1.3336,B级_基本安全,False,渗流破坏,0.7
46+095,E4,80,64.5914,63.7023,-0.8891,B级_基本安全,False,渗流破坏,0.8
46+095,E4,100,64.5914,64.5914,0.0,B级_基本安全,False,渗流破坏,1.0
46+095,E5,0,64.5914,62.8853,-1.7061,B级_基本安全,False,渗流破坏,0.0
46+095,E5,40,64.5914,63.5677,-1.0237,B级_基本安全,False,渗流破坏,0.4
46+095,E5,50,64.5914,63.7383,-0.8531,B级_基本安全,False,渗流破坏,0.5
46+095,E5,60,64.5914,63.9089,-0.6825,B级_基本安全,False,渗流破坏,0.6
46+095,E5,70,64.5914,64.0796,-0.5118,B级_基本安全,False,渗流破坏,0.7
46+095,E5,80,64.5914,64.2502,-0.3412,B级_基本安全,False,渗流破坏,0.8
46+095,E5,100,64.5914,64.5914,0.0,B级_基本安全,False,渗流破坏,1.0
