stake,scenario_group,scoring_scheme,score,score_change_from_anchor,grade,grade_changed,rho,dominant_mode,barrier_ability
45+500,project_missing_optional,anchor,72.8652,0.0,B级_基本安全,False,0.271348,渗流破坏,
45+500,qualitative_only_nominal,anchor,70.3843,0.0,B级_基本安全,False,0.296157,穿堤建筑物失效,
45+500,management_only_nominal,anchor,70.1506,0.0,B级_基本安全,False,0.298494,渗流破坏,0.71032
45+500,combined_nominal,anchor,67.4057,0.0,B级_基本安全,False,0.325943,穿堤建筑物失效,0.71032
45+500,qualitative_only,strict_minus20,58.8726,-11.5117,B级_基本安全,False,0.411274,穿堤建筑物失效,
45+500,management_only,strict_minus20,68.2764,-1.8742,B级_基本安全,False,0.317236,渗流破坏,0.51032
45+500,combined,strict_minus20,53.1862,-14.2195,B级_基本安全,False,0.468138,穿堤建筑物失效,0.51032
45+500,qualitative_only,conservative_minus10,64.6284,-5.7559,B级_基本安全,False,0.353716,穿堤建筑物失效,
45+500,management_only,conservative_minus10,69.2135,-0.9371,B级_基本安全,False,0.307865,渗流破坏,0.61032
45+500,combined,conservative_minus10,60.2841,-7.1216,B级_基本安全,False,0.397159,穿堤建筑物失效,0.61032
45+500,qualitative_only,nominal,70.3843,0.0,B级_基本安全,False,0.296157,穿堤建筑物失效,
45+500,management_only,nominal,70.1506,0.0,B级_基本安全,False,0.298494,渗流破坏,0.71032
45+500,combined,nominal,67.4057,0.0,B级_基本安全,False,0.325943,穿堤建筑物失效,0.71032
45+500,qualitative_only,optimistic_plus10,75.1754,4.7911,B级_基本安全,False,0.248246,渗流破坏,
45+500,management_only,optimistic_plus10,71.0877,0.9371,B级_基本安全,False,0.289123,渗流破坏,0.81032
45+500,combined,optimistic_plus10,73.4226,6.0169,B级_基本安全,False,0.265774,渗流破坏,0.81032
45+500,qualitative_only,relaxed_plus20,78.4603,8.076,B级_基本安全,False,0.215397,渗流破坏,
45+500,management_only,relaxed_plus20,72.0248,1.8742,B级_基本安全,False,0.279752,渗流破坏,0.91032
45+500,combined,relaxed_plus20,77.7121,10.3064,B级_基本安全,False,0.222879,渗流破坏,0.91032
45+600,project_missing_optional,anchor,63.9761,0.0,B级_基本安全,False,0.360239,渗流破坏,
45+600,qualitative_only_nominal,anchor,64.6714,0.0,B级_基本安全,False,0.353286,穿堤建筑物失效,
45+600,management_only_nominal,anchor,60.7668,0.0,B级_基本安全,False,0.392332,渗流破坏,0.71032
45+600,combined_nominal,anchor,61.4083,0.0,B级_基本安全,False,0.385917,穿堤建筑物失效,0.71032
45+600,qualitative_only,strict_minus20,53.1598,-11.5116,B级_基本安全,False,0.468402,穿堤建筑物失效,
45+600,management_only,strict_minus20,58.5511,-2.2157,B级_基本安全,False,0.414489,渗流破坏,0.51032
45+600,combined,strict_minus20,47.2845,-14.1238,B级_基本安全,False,0.527155,穿堤建筑物失效,0.51032
45+600,qualitative_only,conservative_minus10,58.9156,-5.7558,B级_基本安全,False,0.410844,穿堤建筑物失效,
45+600,management_only,conservative_minus10,59.659,-1.1078,B级_基本安全,False,0.40341,渗流破坏,0.61032
45+600,combined,conservative_minus10,54.3047,-7.1036,B级_基本安全,False,0.456953,穿堤建筑物失效,0.61032
45+600,qualitative_only,nominal,64.6714,0.0,B级_基本安全,False,0.353286,穿堤建筑物失效,
45+600,management_only,nominal,60.7668,0.0,B级_基本安全,False,0.392332,渗流破坏,0.71032
45+600,combined,nominal,61.4083,0.0,B级_基本安全,False,0.385917,穿堤建筑物失效,0.71032
45+600,qualitative_only,optimistic_plus10,68.5904,3.919,B级_基本安全,False,0.314096,渗流破坏,
45+600,management_only,optimistic_plus10,61.8747,1.1079,B级_基本安全,False,0.381253,渗流破坏,0.81032
45+600,combined,optimistic_plus10,66.5766,5.1683,B级_基本安全,False,0.334234,渗流破坏,0.81032
45+600,qualitative_only,relaxed_plus20,71.8753,7.2039,B级_基本安全,False,0.281247,渗流破坏,
45+600,management_only,relaxed_plus20,62.9826,2.2158,B级_基本安全,False,0.370174,渗流破坏,0.91032
45+600,combined,relaxed_plus20,70.9858,9.5775,B级_基本安全,False,0.290142,渗流破坏,0.91032
46+095,project_missing_optional,anchor,64.5914,0.0,B级_基本安全,False,0.354086,渗流破坏,
46+095,qualitative_only_nominal,anchor,64.3384,0.0,B级_基本安全,False,0.356616,边坡失稳,
46+095,management_only_nominal,anchor,61.5064,0.0,B级_基本安全,False,0.384936,渗流破坏,0.71032
46+095,combined_nominal,anchor,61.0531,0.0,B级_基本安全,False,0.389469,边坡失稳,0.71032
46+095,qualitative_only,strict_minus20,54.8152,-9.5232,B级_基本安全,False,0.451848,穿堤建筑物失效,
46+095,management_only,strict_minus20,59.3764,-2.13,B级_基本安全,False,0.406236,渗流破坏,0.51032
46+095,combined,strict_minus20,48.8553,-12.1978,B级_基本安全,False,0.511447,穿堤建筑物失效,0.51032
46+095,qualitative_only,conservative_minus10,60.571,-3.7674,B级_基本安全,False,0.39429,穿堤建筑物失效,
46+095,management_only,conservative_minus10,60.4414,-1.065,B级_基本安全,False,0.395586,渗流破坏,0.61032
46+095,combined,conservative_minus10,55.9661,-5.087,B级_基本安全,False,0.440339,穿堤建筑物失效,0.61032
46+095,qualitative_only,nominal,64.3384,0.0,B级_基本安全,False,0.356616,边坡失稳,
46+095,management_only,nominal,61.5064,0.0,B级_基本安全,False,0.384936,渗流破坏,0.71032
46+095,combined,nominal,61.0531,0.0,B级_基本安全,False,0.389469,边坡失稳,0.71032
46+095,qualitative_only,optimistic_plus10,67.4911,3.1527,B级_基本安全,False,0.325089,边坡失稳,
46+095,management_only,optimistic_plus10,62.5713,1.0649,B级_基本安全,False,0.374287,渗流破坏,0.81032
46+095,combined,optimistic_plus10,65.4429,4.3898,B级_基本安全,False,0.345571,边坡失稳,0.81032
46+095,qualitative_only,relaxed_plus20,70.6439,6.3055,B级_基本安全,False,0.293561,边坡失稳,
46+095,management_only,relaxed_plus20,63.6363,2.1299,B级_基本安全,False,0.363637,渗流破坏,0.91032
46+095,combined,relaxed_plus20,69.7348,8.6817,B级_基本安全,False,0.302652,边坡失稳,0.91032
