X,Y,Z,formation
505270.4721,3181081.857,30.099999999999998,FT
505270.4721,3181081.857,29.799999999999997,FS
505270.4721,3181081.857,18.9,MCN2
505270.4721,3181081.857,18.099999999999998,FS2
505270.4721,3181081.857,10,GR
505270.4721,3181081.857,10,Basics
505252.3829,3181129.16,29.299999999999997,FT
505252.3829,3181129.16,21.799999999999997,MCN1
505247.5441,3181179.412,28.599999999999998,FT
505247.5441,3181179.412,26.199999999999996,MCN1
505247.5441,3181179.412,25.9,FS
505247.5441,3181179.412,20.4,MCN2
505247.5441,3181179.412,10,Basics
505255.0468,3181229.666,28.700000000000003,FT
505255.0468,3181229.666,26.400000000000002,MCN1
505255.0468,3181229.666,25.5,FS
505255.0468,3181229.666,20.400000000000002,MCN2
505255.0468,3181229.666,10,Basics
505262.5814,3181279.97,29.799999999999997,FT
505262.5814,3181279.97,26.199999999999996,MCN1
505262.5814,3181279.97,24.799999999999997,FS
505262.5814,3181279.97,18.799999999999997,MCN2
505262.5814,3181279.97,16.599999999999998,GR
505262.5814,3181279.97,10,Basics
505273.9032,3181329.492,29.799999999999997,FT
505273.9032,3181329.492,26.199999999999996,MCN1
505273.9032,3181329.492,24.799999999999997,FS
505273.9032,3181329.492,20.499999999999996,MCN2
505273.9032,3181329.492,10,Basics
505284.3268,3181379.272,30.1,FT
505284.3268,3181379.272,25.800000000000004,MCN1
505284.3268,3181379.272,24.600000000000005,FS
505284.3268,3181379.272,17.500000000000007,MCN2
505284.3268,3181379.272,16.10000000000001,GR
505284.3268,3181379.272,10,Basics
505293.654,3181429.263,28.900000000000002,FT
505293.654,3181429.263,25.5,MCN1
505293.654,3181429.263,24.5,FS
505293.654,3181429.263,20.400000000000002,MCN2
505293.654,3181429.263,10,Basics
505300.5947,3181479.652,28.9,FT
505300.5947,3181479.652,25.7,MCN1
505300.5947,3181479.652,24.7,FS
505300.5947,3181479.652,20.299999999999997,MCN2
505300.5947,3181479.652,10,Basics
505308.3711,3181529.87,28.5,FT
505308.3711,3181529.87,25.6,MCN1
505308.3711,3181529.87,24.6,FS
505308.3711,3181529.87,20.3,MCN2
505308.3711,3181529.87,10,Basics
505313.5056,3181580.469,28.4,FT
505313.5056,3181580.469,25.4,MCN1
505313.5056,3181580.469,24.4,FS
505313.5056,3181580.469,18.5,MCN2
505313.5056,3181580.469,10,Basics
505315.9008,3181631.277,29.1,FT
505315.9008,3181631.277,25.1,MCN1
505315.9008,3181631.277,24.3,FS
505315.9008,3181631.277,17.1,MCN2
505315.9008,3181631.277,14.900000000000002,GR
505315.9008,3181631.277,10,Basics
505293.2527,3181667.391,27.799999999999997,FT
505293.2527,3181667.391,24.4,MCN1
505293.2527,3181667.391,23.299999999999997,FS
505293.2527,3181667.391,17.4,MCN2
505293.2527,3181667.391,13.599999999999998,GR
505293.2527,3181667.391,10,Basics
