location_id,X,Y,FT,MCN1,FS,MCN2,FS2,GR,Basics
P01,505270.4721,3181081.857,30.1,,29.8,18.9,18.1,10.0,10.0
P02,505252.3829,3181129.16,29.3,21.8,,,,,
P03,505247.5441,3181179.412,28.6,26.2,25.9,20.4,,,10.0
P04,505255.0468,3181229.666,28.700000000000003,26.4,25.5,20.4,,,10.0
P05,505262.5814,3181279.97,29.8,26.2,24.8,18.8,,16.599999999999998,10.0
P06,505273.9032,3181329.492,29.8,26.2,24.8,20.5,,,10.0
P07,505284.3268,3181379.272,30.1,25.800000000000004,24.600000000000005,17.500000000000007,,16.10000000000001,10.0
P08,505293.654,3181429.263,28.9,25.5,24.5,20.4,,,10.0
P09,505300.5947,3181479.652,28.9,25.7,24.7,20.3,,,10.0
P10,505308.3711,3181529.87,28.5,25.6,24.6,20.3,,,10.0
P11,505313.5056,3181580.469,28.4,25.4,24.4,18.5,,,10.0
P12,505315.9008,3181631.277,29.1,25.1,24.3,17.1,,14.900000000000002,10.0
P13,505293.2527,3181667.391,27.8,24.4,23.3,17.4,,13.599999999999998,10.0
