X,Y,Z,dip,azimuth,formation,polarity
505270.4721,3181081.857,30.099999999999998,0,0,FT,1
505270.4721,3181081.857,29.799999999999997,0,0,FS,1
505270.4721,3181081.857,18.9,0,0,MCN2,1
505270.4721,3181081.857,18.099999999999998,0,0,FS2,1
505270.4721,3181081.857,10,0,0,GR,1
505270.4721,3181081.857,10,0,0,Basics,1
505252.3829,3181129.16,29.299999999999997,0,0,FT,1
505252.3829,3181129.16,21.799999999999997,0,0,MCN1,1
505247.5441,3181179.412,28.599999999999998,0,0,FT,1
505247.5441,3181179.412,26.199999999999996,0,0,MCN1,1
505247.5441,3181179.412,25.9,0,0,FS,1
505247.5441,3181179.412,20.4,0,0,MCN2,1
505247.5441,3181179.412,10,0,0,Basics,1
505255.0468,3181229.666,28.700000000000003,0,0,FT,1
505255.0468,3181229.666,26.400000000000002,0,0,MCN1,1
505255.0468,3181229.666,25.5,0,0,FS,1
505255.0468,3181229.666,20.400000000000002,0,0,MCN2,1
505255.0468,3181229.666,10,0,0,Basics,1
505262.5814,3181279.97,29.799999999999997,0,0,FT,1
505262.5814,3181279.97,26.199999999999996,0,0,MCN1,1
505262.5814,3181279.97,24.799999999999997,0,0,FS,1
505262.5814,3181279.97,18.799999999999997,0,0,MCN2,1
505262.5814,3181279.97,16.599999999999998,0,0,GR,1
505262.5814,3181279.97,10,0,0,Basics,1
505273.9032,3181329.492,29.799999999999997,0,0,FT,1
505273.9032,3181329.492,26.199999999999996,0,0,MCN1,1
505273.9032,3181329.492,24.799999999999997,0,0,FS,1
505273.9032,3181329.492,20.499999999999996,0,0,MCN2,1
505273.9032,3181329.492,10,0,0,Basics,1
505284.3268,3181379.272,30.1,0,0,FT,1
505284.3268,3181379.272,25.800000000000004,0,0,MCN1,1
505284.3268,3181379.272,24.600000000000005,0,0,FS,1
505284.3268,3181379.272,17.500000000000007,0,0,MCN2,1
505284.3268,3181379.272,16.10000000000001,0,0,GR,1
505284.3268,3181379.272,10,0,0,Basics,1
505293.654,3181429.263,28.900000000000002,0,0,FT,1
505293.654,3181429.263,25.5,0,0,MCN1,1
505293.654,3181429.263,24.5,0,0,FS,1
505293.654,3181429.263,20.400000000000002,0,0,MCN2,1
505293.654,3181429.263,10,0,0,Basics,1
505300.5947,3181479.652,28.9,0,0,FT,1
505300.5947,3181479.652,25.7,0,0,MCN1,1
505300.5947,3181479.652,24.7,0,0,FS,1
505300.5947,3181479.652,20.299999999999997,0,0,MCN2,1
505300.5947,3181479.652,10,0,0,Basics,1
505308.3711,3181529.87,28.5,0,0,FT,1
505308.3711,3181529.87,25.6,0,0,MCN1,1
505308.3711,3181529.87,24.6,0,0,FS,1
505308.3711,3181529.87,20.3,0,0,MCN2,1
505308.3711,3181529.87,10,0,0,Basics,1
505313.5056,3181580.469,28.4,0,0,FT,1
505313.5056,3181580.469,25.4,0,0,MCN1,1
505313.5056,3181580.469,24.4,0,0,FS,1
505313.5056,3181580.469,18.5,0,0,MCN2,1
505313.5056,3181580.469,10,0,0,Basics,1
505315.9008,3181631.277,29.1,0,0,FT,1
505315.9008,3181631.277,25.1,0,0,MCN1,1
505315.9008,3181631.277,24.3,0,0,FS,1
505315.9008,3181631.277,17.1,0,0,MCN2,1
505315.9008,3181631.277,14.900000000000002,0,0,GR,1
505315.9008,3181631.277,10,0,0,Basics,1
505293.2527,3181667.391,27.799999999999997,0,0,FT,1
505293.2527,3181667.391,24.4,0,0,MCN1,1
505293.2527,3181667.391,23.299999999999997,0,0,FS,1
505293.2527,3181667.391,17.4,0,0,MCN2,1
505293.2527,3181667.391,13.599999999999998,0,0,GR,1
505293.2527,3181667.391,10,0,0,Basics,1
