X,Y,Z,formation,section_y,abs_dy
505293.654,3181429.263,10.0,Basics,3181450.0,20.73700000019744
505293.654,3181429.263,20.4,MCN2,3181450.0,20.73700000019744
505293.654,3181429.263,24.5,FS,3181450.0,20.73700000019744
505293.654,3181429.263,25.5,MCN1,3181450.0,20.73700000019744
505293.654,3181429.263,28.9,FT,3181450.0,20.73700000019744
505300.5947,3181479.652,10.0,Basics,3181450.0,29.651999999769032
505300.5947,3181479.652,20.3,MCN2,3181450.0,29.651999999769032
505300.5947,3181479.652,24.7,FS,3181450.0,29.651999999769032
505300.5947,3181479.652,25.7,MCN1,3181450.0,29.651999999769032
505300.5947,3181479.652,28.9,FT,3181450.0,29.651999999769032
505284.3268,3181379.272,10.0,Basics,3181450.0,70.72800000011921
505284.3268,3181379.272,16.10000000000001,GR,3181450.0,70.72800000011921
505284.3268,3181379.272,17.500000000000007,MCN2,3181450.0,70.72800000011921
505284.3268,3181379.272,24.600000000000005,FS,3181450.0,70.72800000011921
505284.3268,3181379.272,25.800000000000004,MCN1,3181450.0,70.72800000011921
505284.3268,3181379.272,30.1,FT,3181450.0,70.72800000011921
505308.3711,3181529.87,10.0,Basics,3181450.0,79.87000000011176
505308.3711,3181529.87,20.3,MCN2,3181450.0,79.87000000011176
505308.3711,3181529.87,24.6,FS,3181450.0,79.87000000011176
505308.3711,3181529.87,25.6,MCN1,3181450.0,79.87000000011176
505308.3711,3181529.87,28.5,FT,3181450.0,79.87000000011176
505273.9032,3181329.492,10.0,Basics,3181450.0,120.50799999991432
505273.9032,3181329.492,20.5,MCN2,3181450.0,120.50799999991432
505273.9032,3181329.492,24.8,FS,3181450.0,120.50799999991432
505273.9032,3181329.492,26.2,MCN1,3181450.0,120.50799999991432
505273.9032,3181329.492,29.8,FT,3181450.0,120.50799999991432
505313.5056,3181580.469,10.0,Basics,3181450.0,130.46900000004098
505313.5056,3181580.469,18.5,MCN2,3181450.0,130.46900000004098
505313.5056,3181580.469,24.4,FS,3181450.0,130.46900000004098
505313.5056,3181580.469,25.4,MCN1,3181450.0,130.46900000004098
505313.5056,3181580.469,28.4,FT,3181450.0,130.46900000004098
505262.5814,3181279.97,10.0,Basics,3181450.0,170.0299999997951
505262.5814,3181279.97,16.599999999999998,GR,3181450.0,170.0299999997951
505262.5814,3181279.97,18.8,MCN2,3181450.0,170.0299999997951
505262.5814,3181279.97,24.8,FS,3181450.0,170.0299999997951
505262.5814,3181279.97,26.2,MCN1,3181450.0,170.0299999997951
505262.5814,3181279.97,29.8,FT,3181450.0,170.0299999997951
505315.9008,3181631.277,10.0,Basics,3181450.0,181.27699999976903
505315.9008,3181631.277,14.900000000000002,GR,3181450.0,181.27699999976903
505315.9008,3181631.277,17.1,MCN2,3181450.0,181.27699999976903
505315.9008,3181631.277,24.3,FS,3181450.0,181.27699999976903
505315.9008,3181631.277,25.1,MCN1,3181450.0,181.27699999976903
505315.9008,3181631.277,29.1,FT,3181450.0,181.27699999976903
505293.2527,3181667.391,10.0,Basics,3181450.0,217.39099999982864
505293.2527,3181667.391,13.599999999999998,GR,3181450.0,217.39099999982864
505293.2527,3181667.391,17.4,MCN2,3181450.0,217.39099999982864
505293.2527,3181667.391,23.3,FS,3181450.0,217.39099999982864
505293.2527,3181667.391,24.4,MCN1,3181450.0,217.39099999982864
505293.2527,3181667.391,27.8,FT,3181450.0,217.39099999982864
505255.0468,3181229.666,10.0,Basics,3181450.0,220.33399999979883
505255.0468,3181229.666,20.4,MCN2,3181450.0,220.33399999979883
505255.0468,3181229.666,25.5,FS,3181450.0,220.33399999979883
505255.0468,3181229.666,26.4,MCN1,3181450.0,220.33399999979883
505255.0468,3181229.666,28.700000000000003,FT,3181450.0,220.33399999979883
505247.5441,3181179.412,10.0,Basics,3181450.0,270.5879999999888
505247.5441,3181179.412,20.4,MCN2,3181450.0,270.5879999999888
505247.5441,3181179.412,25.9,FS,3181450.0,270.5879999999888
505247.5441,3181179.412,26.2,MCN1,3181450.0,270.5879999999888
505247.5441,3181179.412,28.6,FT,3181450.0,270.5879999999888
505252.3829,3181129.16,21.8,MCN1,3181450.0,320.839999999851
505252.3829,3181129.16,29.3,FT,3181450.0,320.839999999851
505270.4721,3181081.857,10.0,GR,3181450.0,368.14300000015646
505270.4721,3181081.857,10.0,Basics,3181450.0,368.14300000015646
505270.4721,3181081.857,18.1,FS2,3181450.0,368.14300000015646
505270.4721,3181081.857,18.9,MCN2,3181450.0,368.14300000015646
505270.4721,3181081.857,29.8,FS,3181450.0,368.14300000015646
505270.4721,3181081.857,30.1,FT,3181450.0,368.14300000015646
