seed,method,accuracy,macro_f1,balanced_accuracy,c_recall,c_underestimate,a_overestimate,safe_loss,escalation_rate,review_rate
20260930,rule,0.8491428571428571,0.8315866836116327,0.8504761904761905,0.8428571428571429,55,52,55,0.33714285714285713,0.06628571428571428
20260930,rf_majority,0.832,0.7948619386251522,0.7723809523809524,0.8428571428571429,55,0,110,0.33714285714285713,0.06628571428571428
20260930,rf_threshold,0.8891428571428571,0.8820850041765107,0.8628571428571429,0.8571428571428571,50,0,100,0.34285714285714286,0.06628571428571428
20260930,hybrid_physical_veto,0.9268571428571428,0.912975912975913,0.9276190476190477,1.0,0,52,0,0.4,0.06628571428571428
20260930,review_fallback,0.912,0.897680150842568,0.9152380952380952,0.9628571428571429,13,52,13,0.3851428571428571,0.06628571428571428
20260931,rule,0.8457142857142858,0.8283213087941871,0.8476190476190476,0.84,56,54,56,0.336,0.05942857142857143
20260931,rf_majority,0.8274285714285714,0.7913096210309393,0.7685714285714286,0.8314285714285714,59,0,118,0.3325714285714286,0.05942857142857143
20260931,rf_threshold,0.8628571428571429,0.8422451532207629,0.8190476190476191,0.8571428571428571,50,0,100,0.34285714285714286,0.05942857142857143
20260931,hybrid_physical_veto,0.9154285714285715,0.8987268518518517,0.9104761904761904,1.0,0,54,0,0.4,0.05942857142857143
20260931,review_fallback,0.9028571428571428,0.8859112828542014,0.8999999999999999,0.9685714285714285,11,54,11,0.38742857142857146,0.05942857142857143
20260932,rule,0.8457142857142858,0.8283213087941871,0.8476190476190476,0.84,56,54,56,0.336,0.05714285714285714
20260932,rf_majority,0.8377142857142857,0.8039615751250451,0.780952380952381,0.8457142857142858,54,0,108,0.3382857142857143,0.05714285714285714
20260932,rf_threshold,0.8685714285714285,0.8539004632922053,0.8314285714285714,0.8485714285714285,53,0,106,0.3394285714285714,0.05714285714285714
20260932,hybrid_physical_veto,0.92,0.9054538896469689,0.920952380952381,0.9914285714285714,3,54,3,0.3965714285714286,0.05714285714285714
20260932,review_fallback,0.9142857142857143,0.8996000619317378,0.9161904761904761,0.9771428571428571,8,54,8,0.39085714285714285,0.05714285714285714
20260933,rule,0.8491428571428571,0.8315866836116327,0.8504761904761905,0.8428571428571429,55,52,55,0.33714285714285713,0.06742857142857143
20260933,rf_majority,0.8205714285714286,0.7847687217896596,0.7619047619047619,0.8171428571428572,64,0,128,0.32685714285714285,0.06742857142857143
20260933,rf_threshold,0.8777142857142857,0.8653159450068745,0.8438095238095239,0.8571428571428571,50,0,100,0.34285714285714286,0.06742857142857143
20260933,hybrid_physical_veto,0.9222857142857143,0.9071415194456582,0.9199999999999999,1.0,0,52,0,0.4,0.06742857142857143
20260933,review_fallback,0.9108571428571428,0.8947848698055139,0.9085714285714287,0.9771428571428571,8,52,8,0.39085714285714285,0.06742857142857143
20260934,rule,0.8468571428571429,0.8294127325032593,0.8485714285714286,0.8428571428571429,55,54,55,0.33714285714285713,0.07885714285714286
20260934,rf_majority,0.8194285714285714,0.768454283137436,0.7495238095238094,0.8485714285714285,53,0,106,0.3394285714285714,0.07885714285714286
20260934,rf_threshold,0.8788571428571429,0.8670290283193509,0.8457142857142858,0.8571428571428571,50,0,100,0.34285714285714286,0.07885714285714286
20260934,hybrid_physical_veto,0.9222857142857143,0.9075369075369076,0.921904761904762,1.0,0,54,0,0.4,0.07885714285714286
20260934,review_fallback,0.9005714285714286,0.8839240959541712,0.899047619047619,0.96,14,54,14,0.384,0.07885714285714286
