seed,review_threshold,review_rate,n_review,accuracy,macro_f1,balanced_accuracy,c_recall,c_underestimate,c_to_a,c_to_b,safe_loss,a_overestimate,escalation_rate
20260930,0.5,0.02057142857142857,18,0.9222857142857143,0.908231448035404,0.9238095238095237,0.9885714285714285,4,0,4,4,52,0.3954285714285714
20260930,0.55,0.04114285714285714,36,0.9154285714285715,0.9011791831357048,0.9180952380952382,0.9714285714285714,10,0,10,10,52,0.38857142857142857
20260930,0.6,0.06628571428571428,58,0.912,0.897680150842568,0.9152380952380952,0.9628571428571429,13,0,13,13,52,0.3851428571428571
20260930,0.65,0.10628571428571429,93,0.9005714285714286,0.8858456451788612,0.9047619047619048,0.9371428571428572,22,0,22,22,52,0.37485714285714283
20260930,0.7,0.16228571428571428,142,0.872,0.8560514365129288,0.8761904761904762,0.88,42,0,42,42,52,0.352
20260930,0.75,0.2022857142857143,177,0.8594285714285714,0.8421835631933189,0.8609523809523809,0.8628571428571429,48,0,48,48,52,0.34514285714285714
20260930,0.8,0.2342857142857143,205,0.8571428571428571,0.8392832150864157,0.8571428571428572,0.8628571428571429,48,0,48,48,52,0.34514285714285714
20260930,0.85,0.2571428571428571,225,0.8548571428571429,0.8370799865696705,0.8552380952380952,0.8571428571428571,50,0,50,50,52,0.34285714285714286
20260930,0.9,0.272,238,0.8548571428571429,0.8370799865696705,0.8552380952380952,0.8571428571428571,50,0,50,50,52,0.34285714285714286
20260931,0.5,0.016,14,0.9085714285714286,0.891705050206491,0.9047619047619048,0.9828571428571429,6,0,6,6,54,0.3931428571428571
20260931,0.55,0.03428571428571429,30,0.9051428571428571,0.888222786036553,0.9019047619047619,0.9742857142857143,9,0,9,9,54,0.38971428571428574
20260931,0.6,0.05942857142857143,52,0.9028571428571428,0.8859112828542014,0.8999999999999999,0.9685714285714285,11,0,11,11,54,0.38742857142857146
20260931,0.65,0.10285714285714286,90,0.8891428571428571,0.8715349735922491,0.8866666666666667,0.94,21,0,21,21,54,0.376
20260931,0.7,0.17257142857142857,151,0.8605714285714285,0.8436148081669694,0.862857142857143,0.8685714285714285,46,0,46,46,54,0.3474285714285714
20260931,0.75,0.18971428571428572,166,0.8548571428571429,0.8374253254368806,0.8561904761904762,0.86,49,0,49,49,54,0.344
20260931,0.8,0.21371428571428572,187,0.8525714285714285,0.834880966028507,0.8533333333333334,0.8571428571428571,50,0,50,50,54,0.34285714285714286
20260931,0.85,0.248,217,0.8525714285714285,0.834880966028507,0.8533333333333334,0.8571428571428571,50,0,50,50,54,0.34285714285714286
20260931,0.9,0.2582857142857143,226,0.8525714285714285,0.834880966028507,0.8533333333333334,0.8571428571428571,50,0,50,50,54,0.34285714285714286
20260932,0.5,0.010285714285714285,9,0.9165714285714286,0.9019353926362196,0.9180952380952382,0.9828571428571429,6,0,6,6,54,0.3931428571428571
20260932,0.55,0.029714285714285714,26,0.9154285714285715,0.9007667153022153,0.9171428571428571,0.98,7,0,7,7,54,0.392
20260932,0.6,0.05714285714285714,50,0.9142857142857143,0.8996000619317378,0.9161904761904761,0.9771428571428571,8,0,8,8,54,0.39085714285714285
20260932,0.65,0.10514285714285715,92,0.8982857142857142,0.8825621510716736,0.9,0.9457142857142857,19,0,19,19,54,0.3782857142857143
20260932,0.7,0.15314285714285714,134,0.8811428571428571,0.865587756683245,0.8857142857142858,0.9028571428571428,34,0,34,34,54,0.36114285714285715
20260932,0.75,0.19885714285714284,174,0.8582857142857143,0.8417501225492391,0.861904761904762,0.86,49,0,49,49,54,0.344
20260932,0.8,0.22628571428571428,198,0.8525714285714285,0.834880966028507,0.8533333333333334,0.8571428571428571,50,0,50,50,54,0.34285714285714286
20260932,0.85,0.23885714285714285,209,0.8525714285714285,0.834880966028507,0.8533333333333334,0.8571428571428571,50,0,50,50,54,0.34285714285714286
20260932,0.9,0.2754285714285714,241,0.8525714285714285,0.834880966028507,0.8533333333333334,0.8571428571428571,50,0,50,50,54,0.34285714285714286
20260933,0.5,0.022857142857142857,20,0.9188571428571428,0.9030162317715965,0.9152380952380952,0.9971428571428571,1,0,1,1,52,0.39885714285714285
20260933,0.55,0.064,56,0.9108571428571428,0.8947848698055139,0.9085714285714287,0.9771428571428571,8,0,8,8,52,0.39085714285714285
20260933,0.6,0.06742857142857143,59,0.9108571428571428,0.8947848698055139,0.9085714285714287,0.9771428571428571,8,0,8,8,52,0.39085714285714285
20260933,0.65,0.09142857142857143,80,0.9028571428571428,0.8863464222240394,0.900952380952381,0.96,14,0,14,14,52,0.384
20260933,0.7,0.17142857142857143,150,0.8697142857142857,0.8528414184038954,0.8714285714285714,0.8828571428571429,41,0,41,41,52,0.35314285714285715
20260933,0.75,0.2057142857142857,180,0.8548571428571429,0.8370799865696705,0.8552380952380952,0.8571428571428571,50,0,50,50,52,0.34285714285714286
20260933,0.8,0.22057142857142858,193,0.8548571428571429,0.8370799865696705,0.8552380952380952,0.8571428571428571,50,0,50,50,52,0.34285714285714286
20260933,0.85,0.22857142857142856,200,0.8548571428571429,0.8370799865696705,0.8552380952380952,0.8571428571428571,50,0,50,50,52,0.34285714285714286
20260933,0.9,0.2651428571428571,232,0.8548571428571429,0.8370799865696705,0.8552380952380952,0.8571428571428571,50,0,50,50,52,0.34285714285714286
20260934,0.5,0.006857142857142857,6,0.9222857142857143,0.9075369075369076,0.921904761904762,1.0,0,0,0,0,54,0.4
20260934,0.55,0.03314285714285714,29,0.9131428571428571,0.8975736281915596,0.9123809523809525,0.9828571428571429,6,0,6,6,54,0.3931428571428571
20260934,0.6,0.07885714285714286,69,0.9005714285714286,0.8839240959541712,0.899047619047619,0.96,14,0,14,14,54,0.384
20260934,0.65,0.11085714285714286,97,0.896,0.8786980778616541,0.8933333333333334,0.9542857142857143,16,0,16,16,54,0.38171428571428573
20260934,0.7,0.1382857142857143,121,0.8834285714285715,0.8652012944825348,0.88,0.9314285714285714,24,0,24,24,54,0.37257142857142855
20260934,0.75,0.18971428571428572,166,0.8594285714285714,0.8414706543774066,0.8590476190476192,0.8742857142857143,44,0,44,44,54,0.3497142857142857
20260934,0.8,0.216,189,0.8525714285714285,0.834880966028507,0.8533333333333334,0.8571428571428571,50,0,50,50,54,0.34285714285714286
20260934,0.85,0.26057142857142856,228,0.8525714285714285,0.834880966028507,0.8533333333333334,0.8571428571428571,50,0,50,50,54,0.34285714285714286
20260934,0.9,0.29942857142857143,262,0.8514285714285714,0.8337857532659707,0.8523809523809524,0.8542857142857143,51,0,51,51,54,0.3417142857142857
