seed,method,policy,t_c,t_b,accuracy,macro_f1,balanced_accuracy,c_recall,c_underestimate,c_to_a,c_to_b,safe_loss,a_overestimate,escalation_rate,review_rate,ideal_distance,is_selected
20260930,,c_veto,0.3,0.2,0.9462857142857143,0.9273220494740236,0.9104761904761904,1.0,0,0,0,0,0,0.4,0.06628571428571428,,True
20260930,,c_veto,0.35,0.2,0.9462857142857143,0.9273220494740236,0.9104761904761904,1.0,0,0,0,0,0,0.4,0.06628571428571428,,False
20260930,,c_veto,0.4,0.2,0.9462857142857143,0.9273220494740236,0.9104761904761904,1.0,0,0,0,0,0,0.4,0.06628571428571428,,False
20260930,,bc_veto,0.3,0.2,0.9268571428571428,0.912975912975913,0.9276190476190477,1.0,0,0,0,0,52,0.4,0.06628571428571428,,False
20260930,,bc_veto,0.35,0.2,0.9268571428571428,0.912975912975913,0.9276190476190477,1.0,0,0,0,0,52,0.4,0.06628571428571428,,False
20260930,,bc_veto,0.4,0.2,0.9268571428571428,0.912975912975913,0.9276190476190477,1.0,0,0,0,0,52,0.4,0.06628571428571428,,False
20260930,,bc_veto,0.45,0.2,0.9245714285714286,0.9105992088595446,0.9257142857142857,0.9942857142857143,2,0,2,2,52,0.3977142857142857,0.06628571428571428,,False
20260930,,bc_veto,0.5,0.2,0.9188571428571428,0.9046959943685384,0.920952380952381,0.98,7,0,7,7,52,0.392,0.06628571428571428,,False
20260930,,bc_veto,0.55,0.2,0.9131428571428571,0.8988445720656758,0.9161904761904762,0.9657142857142857,12,0,12,12,52,0.3862857142857143,0.06628571428571428,,False
20260930,,bc_veto,0.6,0.2,0.912,0.897680150842568,0.9152380952380952,0.9628571428571429,13,0,13,13,52,0.3851428571428571,0.06628571428571428,,False
20260931,,c_veto,0.35,0.2,0.92,0.8863636363636364,0.8666666666666667,1.0,0,0,0,0,0,0.4,0.05942857142857143,,False
20260931,,bc_veto,0.35,0.2,0.9154285714285715,0.8987268518518517,0.9104761904761904,1.0,0,0,0,0,54,0.4,0.05942857142857143,,False
20260931,,bc_veto,0.4,0.2,0.9142857142857143,0.8975510263063912,0.9095238095238095,0.9971428571428571,1,0,1,1,54,0.39885714285714285,0.05942857142857143,,False
20260931,,bc_veto,0.45,0.2,0.912,0.8952061066438297,0.9076190476190477,0.9914285714285714,3,0,3,3,54,0.3965714285714286,0.05942857142857143,,True
20260931,,bc_veto,0.5,0.2,0.9062857142857143,0.8893815072592942,0.9028571428571427,0.9771428571428571,8,0,8,8,54,0.39085714285714285,0.05942857142857143,,False
20260931,,bc_veto,0.55,0.2,0.904,0.887066055240851,0.900952380952381,0.9714285714285714,10,0,10,10,54,0.38857142857142857,0.05942857142857143,,False
20260931,,bc_veto,0.6,0.2,0.9028571428571428,0.8859112828542014,0.8999999999999999,0.9685714285714285,11,0,11,11,54,0.38742857142857146,0.05942857142857143,,False
20260932,,c_veto,0.25,0.2,0.9245714285714286,0.8972549220149632,0.8780952380952382,1.0,0,0,0,0,4,0.4057142857142857,0.05714285714285714,,False
20260932,,bc_veto,0.25,0.2,0.9188571428571428,0.9048395545178272,0.9199999999999999,1.0,0,0,0,0,58,0.4057142857142857,0.05714285714285714,,False
20260932,,bc_veto,0.3,0.2,0.9165714285714286,0.9024788386751667,0.9180952380952382,0.9942857142857143,2,0,2,2,58,0.4034285714285714,0.05714285714285714,,False
20260932,,bc_veto,0.35,0.2,0.92,0.9054538896469689,0.920952380952381,0.9914285714285714,3,0,3,3,54,0.3965714285714286,0.05714285714285714,,True
20260932,,bc_veto,0.4,0.2,0.92,0.9054538896469689,0.920952380952381,0.9914285714285714,3,0,3,3,54,0.3965714285714286,0.05714285714285714,,False
20260932,,bc_veto,0.45,0.2,0.9188571428571428,0.9042789474563474,0.9199999999999999,0.9885714285714285,4,0,4,4,54,0.3954285714285714,0.05714285714285714,,False
20260932,,bc_veto,0.5,0.2,0.9154285714285715,0.9007667153022153,0.9171428571428571,0.98,7,0,7,7,54,0.392,0.05714285714285714,,False
20260932,,bc_veto,0.55,0.2,0.9154285714285715,0.9007667153022153,0.9171428571428571,0.98,7,0,7,7,54,0.392,0.05714285714285714,,False
20260932,,bc_veto,0.6,0.2,0.9142857142857143,0.8996000619317378,0.9161904761904761,0.9771428571428571,8,0,8,8,54,0.39085714285714285,0.05714285714285714,,False
20260933,,c_veto,0.35,0.2,0.9348571428571428,0.9100545083205215,0.8914285714285715,1.0,0,0,0,0,0,0.4,0.06742857142857143,,False
20260933,,c_veto,0.4,0.2,0.9348571428571428,0.9100545083205215,0.8914285714285715,1.0,0,0,0,0,0,0.4,0.06742857142857143,,False
20260933,,bc_veto,0.35,0.2,0.9222857142857143,0.9071415194456582,0.9199999999999999,1.0,0,0,0,0,52,0.4,0.06742857142857143,,False
20260933,,bc_veto,0.4,0.2,0.9222857142857143,0.9071415194456582,0.9199999999999999,1.0,0,0,0,0,52,0.4,0.06742857142857143,,False
20260933,,bc_veto,0.45,0.2,0.9211428571428572,0.9059550575459506,0.919047619047619,0.9971428571428571,1,0,1,1,52,0.39885714285714285,0.06742857142857143,,True
20260933,,bc_veto,0.5,0.2,0.9142857142857143,0.8988832188960948,0.9133333333333334,0.98,7,0,7,7,52,0.392,0.06742857142857143,,False
20260933,,bc_veto,0.55,0.2,0.9131428571428571,0.8977120889296454,0.9123809523809524,0.9771428571428571,8,0,8,8,52,0.39085714285714285,0.06742857142857143,,False
20260933,,bc_veto,0.6,0.2,0.9131428571428571,0.8977120889296454,0.9123809523809524,0.9771428571428571,8,0,8,8,52,0.39085714285714285,0.06742857142857143,,False
20260933,,bc_veto,0.65,0.2,0.9062857142857143,0.8907273993934922,0.9066666666666666,0.96,14,0,14,14,52,0.384,0.06742857142857143,,False
20260934,,c_veto,0.35,0.2,0.936,0.9118165784832452,0.8933333333333334,1.0,0,0,0,0,0,0.4,0.07885714285714286,,False
20260934,,c_veto,0.4,0.2,0.936,0.9118165784832452,0.8933333333333334,1.0,0,0,0,0,0,0.4,0.07885714285714286,,False
20260934,,c_veto,0.45,0.2,0.936,0.9118165784832452,0.8933333333333334,1.0,0,0,0,0,0,0.4,0.07885714285714286,,False
20260934,,c_veto,0.5,0.2,0.936,0.9118165784832452,0.8933333333333334,1.0,0,0,0,0,0,0.4,0.07885714285714286,,False
20260934,,bc_veto,0.35,0.2,0.9222857142857143,0.9075369075369076,0.921904761904762,1.0,0,0,0,0,54,0.4,0.07885714285714286,,False
20260934,,bc_veto,0.4,0.2,0.9222857142857143,0.9075369075369076,0.921904761904762,1.0,0,0,0,0,54,0.4,0.07885714285714286,,False
20260934,,bc_veto,0.45,0.2,0.9222857142857143,0.9075369075369076,0.921904761904762,1.0,0,0,0,0,54,0.4,0.07885714285714286,,False
20260934,,bc_veto,0.5,0.2,0.9222857142857143,0.9075369075369076,0.921904761904762,1.0,0,0,0,0,54,0.4,0.07885714285714286,,False
20260934,,bc_veto,0.55,0.2,0.9154285714285715,0.9004851589866,0.9161904761904762,0.9828571428571429,6,0,6,6,54,0.3931428571428571,0.07885714285714286,,True
20260934,,bc_veto,0.6,0.2,0.9062857142857143,0.8911970788915626,0.9085714285714287,0.96,14,0,14,14,54,0.384,0.07885714285714286,,False
20260934,,bc_veto,0.65,0.2,0.904,0.8888937774600207,0.9066666666666667,0.9542857142857143,16,0,16,16,54,0.38171428571428573,0.07885714285714286,,False
