seed,method,policy,t_c,t_b,accuracy,macro_f1,balanced_accuracy,c_recall,c_underestimate,c_to_a,c_to_b,safe_loss,a_overestimate,escalation_rate,review_rate,ideal_distance
20260930,selected_pareto_knee,c_veto,0.3,0.2,0.9462857142857143,0.9273220494740236,0.9104761904761904,1.0,0,0,0,0,0,0.4,0.06628571428571428,1.4142135623730951
20260931,selected_pareto_knee,bc_veto,0.45,0.2,0.912,0.8952061066438297,0.9076190476190477,0.9914285714285714,3,0,3,3,54,0.3965714285714286,0.05942857142857143,1.3256743832228413
20260932,selected_pareto_knee,bc_veto,0.35,0.2,0.92,0.9054538896469689,0.920952380952381,0.9914285714285714,3,0,3,3,54,0.3965714285714286,0.05714285714285714,1.1342476865238138
20260933,selected_pareto_knee,bc_veto,0.45,0.2,0.9211428571428572,0.9059550575459506,0.919047619047619,0.9971428571428571,1,0,1,1,52,0.39885714285714285,0.06742857142857143,1.3851174149985082
20260934,selected_pareto_knee,bc_veto,0.55,0.2,0.9154285714285715,0.9004851589866,0.9161904761904762,0.9828571428571429,6,0,6,6,54,0.3931428571428571,0.07885714285714286,1.3986553443357224
20260930,fixed_rf,rf,0.35,0.2,0.8891428571428571,0.8820850041765107,0.8628571428571429,0.8571428571428571,50,50,0,100,0,0.34285714285714286,0.06628571428571428,
20260930,fixed_c_veto,c_veto,0.35,0.2,0.9462857142857143,0.9273220494740236,0.9104761904761904,1.0,0,0,0,0,0,0.4,0.06628571428571428,
20260930,fixed_bc_veto,bc_veto,0.35,0.2,0.9268571428571428,0.912975912975913,0.9276190476190477,1.0,0,0,0,0,52,0.4,0.06628571428571428,
20260930,fixed_bc_veto_review_fallback,bc_veto_review_fallback,0.35,0.2,0.912,0.897680150842568,0.9152380952380952,0.9628571428571429,13,0,13,13,52,0.3851428571428571,0.06628571428571428,
20260931,fixed_rf,rf,0.35,0.2,0.8628571428571429,0.8422451532207629,0.8190476190476191,0.8571428571428571,50,50,0,100,0,0.34285714285714286,0.05942857142857143,
20260931,fixed_c_veto,c_veto,0.35,0.2,0.92,0.8863636363636364,0.8666666666666667,1.0,0,0,0,0,0,0.4,0.05942857142857143,
20260931,fixed_bc_veto,bc_veto,0.35,0.2,0.9154285714285715,0.8987268518518517,0.9104761904761904,1.0,0,0,0,0,54,0.4,0.05942857142857143,
20260931,fixed_bc_veto_review_fallback,bc_veto_review_fallback,0.35,0.2,0.9028571428571428,0.8859112828542014,0.8999999999999999,0.9685714285714285,11,0,11,11,54,0.38742857142857146,0.05942857142857143,
20260932,fixed_rf,rf,0.35,0.2,0.8685714285714285,0.8539004632922053,0.8314285714285714,0.8485714285714285,53,53,0,106,0,0.3394285714285714,0.05714285714285714,
20260932,fixed_c_veto,c_veto,0.35,0.2,0.9257142857142857,0.8984835804240395,0.879047619047619,0.9914285714285714,3,3,0,6,0,0.3965714285714286,0.05714285714285714,
20260932,fixed_bc_veto,bc_veto,0.35,0.2,0.92,0.9054538896469689,0.920952380952381,0.9914285714285714,3,0,3,3,54,0.3965714285714286,0.05714285714285714,
20260932,fixed_bc_veto_review_fallback,bc_veto_review_fallback,0.35,0.2,0.9142857142857143,0.8996000619317378,0.9161904761904761,0.9771428571428571,8,0,8,8,54,0.39085714285714285,0.05714285714285714,
20260933,fixed_rf,rf,0.35,0.2,0.8777142857142857,0.8653159450068745,0.8438095238095239,0.8571428571428571,50,50,0,100,0,0.34285714285714286,0.06742857142857143,
20260933,fixed_c_veto,c_veto,0.35,0.2,0.9348571428571428,0.9100545083205215,0.8914285714285715,1.0,0,0,0,0,0,0.4,0.06742857142857143,
20260933,fixed_bc_veto,bc_veto,0.35,0.2,0.9222857142857143,0.9071415194456582,0.9199999999999999,1.0,0,0,0,0,52,0.4,0.06742857142857143,
20260933,fixed_bc_veto_review_fallback,bc_veto_review_fallback,0.35,0.2,0.9108571428571428,0.8947848698055139,0.9085714285714287,0.9771428571428571,8,0,8,8,52,0.39085714285714285,0.06742857142857143,
20260934,fixed_rf,rf,0.35,0.2,0.8788571428571429,0.8670290283193509,0.8457142857142858,0.8571428571428571,50,50,0,100,0,0.34285714285714286,0.07885714285714286,
20260934,fixed_c_veto,c_veto,0.35,0.2,0.936,0.9118165784832452,0.8933333333333334,1.0,0,0,0,0,0,0.4,0.07885714285714286,
20260934,fixed_bc_veto,bc_veto,0.35,0.2,0.9222857142857143,0.9075369075369076,0.921904761904762,1.0,0,0,0,0,54,0.4,0.07885714285714286,
20260934,fixed_bc_veto_review_fallback,bc_veto_review_fallback,0.35,0.2,0.9005714285714286,0.8839240959541712,0.899047619047619,0.96,14,0,14,14,54,0.384,0.07885714285714286,
