代码,指标,原值或状态,表中模型得分,结果JSON得分,核对,单位,适用性,取值类型,依据或计算方法,资料依据,处理说明,表中来源定位,结果来源定位,观测时间,接收时间,空间范围,可用性,质量说明
A1,堤身断面尺寸达标率,顶宽7.0m；外坡1:2.7；内坡1:2.8,0.0,0,一致,见原值或状态；未规范化,表述为适用，工程范围待核,资料直接值,按代码规则：顶宽≥7.5m、外坡≥1:2.5、内坡≥1:3.0三项均满足为100分，否则0分,GB 50286—2013及断面资料,顶宽和内坡未满足模型采用的控制值；属于设计合规性输入,01_K45+500_29项指标取值表.csv:A1,K45+500_历史管涌代表工况_复算结果.json:评价模型结果/二级指标得分/A1,,,K45+500代表断面，详细覆盖待核,交付值已知；证据独立性待核,需核查规范适用、空间时间和输入原件
A2,堤身填土质量,质量较差,60.0,60,一致,见原值或状态；未规范化,表述为适用，工程范围待核,资料直接值,43+676—46+095为质量较差段，按质量较差分档取60分,工程地质报告3.3.3,K45+500处于该范围内,01_K45+500_29项指标取值表.csv:A2,K45+500_历史管涌代表工况_复算结果.json:评价模型结果/二级指标得分/A2,,,K45+500代表断面，详细覆盖待核,交付值已知；证据独立性待核,需核查规范适用、空间时间和输入原件
A3,穿堤建筑物完好性,不涉及,100.0,100,一致,见原值或状态；未规范化,待确认,不涉及,代表断面未对应穿堤建筑物，代码以中性值100参与计算,断面范围及建筑物资料,不应表述为已检测合格,01_K45+500_29项指标取值表.csv:A3,K45+500_历史管涌代表工况_复算结果.json:评价模型结果/二级指标得分/A3,,,K45+500代表断面，详细覆盖待核,交付值已知；证据独立性待核,需核查规范适用、空间时间和输入原件
A4,护坡完好率,非本次管涌模式控制项,,,一致,见原值或状态；未规范化,表述为适用，工程范围待核,非控制项,护坡完好率不参与本断面高水位管涌风险的主控判定,SL/Z 679—2015,不纳入本次历史管涌案例的控制性评价,01_K45+500_29项指标取值表.csv:A4,K45+500_历史管涌代表工况_复算结果.json:评价模型结果/二级指标得分/A4,,,K45+500代表断面，详细覆盖待核,交付值已知；证据独立性待核,需核查规范适用、空间时间和输入原件
A5,软基段沉降,累计14.0cm；沉降差4.5cm,100.0,100,一致,见原值或状态；未规范化,表述为适用，工程范围待核,代表取值,采用原模型K45+500既有输入，均未超过15cm和5cm控制值,SL 265—2016及原模型输入,非2017年现场实测；后续有监测资料时替换,01_K45+500_29项指标取值表.csv:A5,K45+500_历史管涌代表工况_复算结果.json:评价模型结果/二级指标得分/A5,,,K45+500代表断面，详细覆盖待核,交付值已知；证据独立性待核,需核查规范适用、空间时间和输入原件
A6,内部隐患,蚁穴堤及2017年管涌险情范围,0.0,0,一致,见原值或状态；未规范化,表述为适用，工程范围待核,资料直接值,历史记录含未消除的蚁穴堤内部隐患，按严重隐患取0分,工程地质报告3.3.3及险情记录,不是由本次数值计算反推,01_K45+500_29项指标取值表.csv:A6,K45+500_历史管涌代表工况_复算结果.json:评价模型结果/二级指标得分/A6,,,K45+500代表断面，详细覆盖待核,交付值已知；证据独立性待核,需核查规范适用、空间时间和输入原件
A7,堤基不良地质处理,D类堤基,60.0,60,一致,见原值或状态；未规范化,表述为适用，工程范围待核,资料直接值,地勘分段为D类；无处理质量资料时按模型D类地基保守分档,工程地质报告3.4.5.2,60为模型分档值，不是规范原文分数,01_K45+500_29项指标取值表.csv:A7,K45+500_历史管涌代表工况_复算结果.json:评价模型结果/二级指标得分/A7,,,K45+500代表断面，详细覆盖待核,交付值已知；证据独立性待核,需核查规范适用、空间时间和输入原件
A8,结合部填筑止水质量,本断面不涉及,100.0,,冲突,见原值或状态；未规范化,待确认,不涉及,代表断面无结合部建筑物及止水构造,SL/Z 679—2015,按不涉及处理，不表述为检测合格,01_K45+500_29项指标取值表.csv:A8,K45+500_历史管涌代表工况_复算结果.json:评价模型结果/二级指标得分/A8,,,K45+500代表断面，详细覆盖待核,冲突,需核查规范适用、空间时间和输入原件
A9,跨堤交叉工程质量,本断面不涉及,100.0,,冲突,见原值或状态；未规范化,待确认,不涉及,代表断面无跨堤交叉工程,SL/Z 679—2015,按不涉及处理，不表述为检测合格,01_K45+500_29项指标取值表.csv:A9,K45+500_历史管涌代表工况_复算结果.json:评价模型结果/二级指标得分/A9,,,K45+500代表断面，详细覆盖待核,冲突,需核查规范适用、空间时间和输入原件
B1,堤顶高程,36.30m；设计洪水位34.04m；河堤超高2.00m,100.0,100,一致,见原值或状态；未规范化,表述为适用，工程范围待核,资料直接值,36.30≥34.04+2.00=36.04m，满足设计挡洪高程,GB 50286—2013及断面资料,与35.90m历史高水位代表工况分开使用,01_K45+500_29项指标取值表.csv:B1,K45+500_历史管涌代表工况_复算结果.json:评价模型结果/二级指标得分/B1,,,K45+500代表断面，详细覆盖待核,交付值已知；证据独立性待核,需核查规范适用、空间时间和输入原件
B2,防洪标准符合性,符合2级堤防防洪标准,100.0,,冲突,见原值或状态；未规范化,表述为适用，工程范围待核,资料直接值,设计堤防级别与对应防洪标准相匹配,设计报告5.2.1,采用设计标准符合性结论,01_K45+500_29项指标取值表.csv:B2,K45+500_历史管涌代表工况_复算结果.json:评价模型结果/二级指标得分/B2,,,K45+500代表断面，详细覆盖待核,冲突,需核查规范适用、空间时间和输入原件
B3,风浪爬高与越浪量复核,非本次管涌模式控制项,,,一致,见原值或状态；未规范化,表述为适用，工程范围待核,非控制项,最不利稳定渗流工况下未将风浪爬高与越浪作为控制变量,GB 50286—2013,不纳入本次历史管涌案例的控制性评价,01_K45+500_29项指标取值表.csv:B3,K45+500_历史管涌代表工况_复算结果.json:评价模型结果/二级指标得分/B3,,,K45+500代表断面，详细覆盖待核,交付值已知；证据独立性待核,需核查规范适用、空间时间和输入原件
B4,穿堤建筑物防洪标准,不涉及,,,一致,见原值或状态；未规范化,待确认,不涉及,代表断面无对应穿堤建筑物,SL/Z 679—2015,不参与本次计算,01_K45+500_29项指标取值表.csv:B4,K45+500_历史管涌代表工况_复算结果.json:评价模型结果/二级指标得分/B4,,,K45+500代表断面，详细覆盖待核,交付值已知；证据独立性待核,需核查规范适用、空间时间和输入原件
C1,堤基比降,i=0.865；i_cr=0.827；i/i_cr=1.045,0.0,0.0,一致,见原值或状态；未规范化,表述为适用，工程范围待核,计算值,稳态有限差分计算；控制层按各层最大i/i_cr确定；S=100(1-R²)并截断至0—100,Terzaghi临界水力梯度公式及地勘参数,达到临界，为C级硬约束门控依据,01_K45+500_29项指标取值表.csv:C1,K45+500_历史管涌代表工况_复算结果.json:评价模型结果/二级指标得分/C1,,,K45+500代表断面，详细覆盖待核,交付值已知；证据独立性待核,需核查规范适用、空间时间和输入原件
C2,排水设施有效性,不施加排水设施屏障修正,,,一致,见原值或状态；未规范化,表述为适用，工程范围待核,工况处理,本案例以渗流物理响应为依据，排水设施状态不作为额外减风险条件,SL/Z 679—2015,不以无台账资料赋予正向修正,01_K45+500_29项指标取值表.csv:C2,K45+500_历史管涌代表工况_复算结果.json:评价模型结果/二级指标得分/C2,,,K45+500代表断面，详细覆盖待核,交付值已知；证据独立性待核,需核查规范适用、空间时间和输入原件
C3,管涌隐患,2017年已确认管涌险情,0.0,0.0,一致,见原值或状态；未规范化,表述为适用，工程范围待核,资料直接值,已确认管涌或渗漏状态直接计0分，不以虚构无人机点位数量代替,工程地质报告险情记录,历史验证样本的异常状态映射,01_K45+500_29项指标取值表.csv:C3,K45+500_历史管涌代表工况_复算结果.json:评价模型结果/二级指标得分/C3,,,K45+500代表断面，详细覆盖待核,交付值已知；证据独立性待核,需核查规范适用、空间时间和输入原件
C4,堤身渗流稳定系数,i=0.535；堤身i_cr=0.956；i/i_cr=0.560,68.6862,68.6862,一致,见原值或状态；未规范化,表述为适用，工程范围待核,计算值,堤身填土Gs=2.70、e=0.778；S=100(1-R²),Terzaghi公式及地勘参数,堤身参数与C1控制层参数分别采用,01_K45+500_29项指标取值表.csv:C4,K45+500_历史管涌代表工况_复算结果.json:评价模型结果/二级指标得分/C4,,,K45+500代表断面，详细覆盖待核,交付值已知；证据独立性待核,需核查规范适用、空间时间和输入原件
C5,堤基接触冲刷安全系数,i=0.535；接触控制i_cr=0.827；i/i_cr=0.647,58.1866,58.1866,一致,见原值或状态；未规范化,表述为适用，工程范围待核,计算值,取堤身—堤基接触带最大坡降；按控制层临界比降计算,Terzaghi公式及地勘参数,接触带坡降来自同一水头场,01_K45+500_29项指标取值表.csv:C5,K45+500_历史管涌代表工况_复算结果.json:评价模型结果/二级指标得分/C5,,,K45+500代表断面，详细覆盖待核,交付值已知；证据独立性待核,需核查规范适用、空间时间和输入原件
C6,穿堤建筑物渗流稳定,不涉及,,,一致,见原值或状态；未规范化,待确认,不涉及,代表断面无穿堤建筑物,SL 214—2015,不参与本次计算,01_K45+500_29项指标取值表.csv:C6,K45+500_历史管涌代表工况_复算结果.json:评价模型结果/二级指标得分/C6,,,K45+500代表断面，详细覆盖待核,交付值已知；证据独立性待核,需核查规范适用、空间时间和输入原件
D1,背水坡抗滑稳定系数,FoS=1.155,44.4243,44.4243,一致,见原值或状态；未规范化,表述为适用，工程范围待核,计算值,Bishop简化候选圆弧搜索，30条土条；按FoS连续评分函数换算,GB 50286—2013,小于正常运用允许值1.35,01_K45+500_29项指标取值表.csv:D1,K45+500_历史管涌代表工况_复算结果.json:评价模型结果/二级指标得分/D1,,,K45+500代表断面，详细覆盖待核,交付值已知；证据独立性待核,需核查规范适用、空间时间和输入原件
D2,临水坡抗滑稳定系数,FoS=2.063,100.0,100.0,一致,见原值或状态；未规范化,表述为适用，工程范围待核,计算值,Bishop简化候选圆弧搜索，30条土条；临水侧受外水压力作用,GB 50286—2013,大于允许值1.25,01_K45+500_29项指标取值表.csv:D2,K45+500_历史管涌代表工况_复算结果.json:评价模型结果/二级指标得分/D2,,,K45+500代表断面，详细覆盖待核,交付值已知；证据独立性待核,需核查规范适用、空间时间和输入原件
D3,堤岸冲刷稳定性,冲刷深度0.40m；历史已加固管涌,70.0,70,一致,见原值或状态；未规范化,表述为适用，工程范围待核,资料直接值,模型规则：冲刷<0.5m但存在已加固重大险情，取70分,工程地质报告险情记录,70为本文分档规则，不是实测冲刷结论,01_K45+500_29项指标取值表.csv:D3,K45+500_历史管涌代表工况_复算结果.json:评价模型结果/二级指标得分/D3,,,K45+500代表断面，详细覆盖待核,交付值已知；证据独立性待核,需核查规范适用、空间时间和输入原件
D4,穿堤结构安全系数,不涉及,,,一致,见原值或状态；未规范化,待确认,不涉及,代表断面无穿堤建筑物,SL 214—2015,不参与本次计算,01_K45+500_29项指标取值表.csv:D4,K45+500_历史管涌代表工况_复算结果.json:评价模型结果/二级指标得分/D4,,,K45+500代表断面，详细覆盖待核,交付值已知；证据独立性待核,需核查规范适用、空间时间和输入原件
D5,堤身不均匀沉降与裂缝,累计14.0cm；沉降差4.5cm,100.0,,冲突,见原值或状态；未规范化,表述为适用，工程范围待核,代表取值,采用与A5一致的既有沉降输入，均未超过模型控制值,SL/Z 679—2015,作为变形状态输入，不将其作为本次管涌主控因素,01_K45+500_29项指标取值表.csv:D5,K45+500_历史管涌代表工况_复算结果.json:评价模型结果/二级指标得分/D5,,,K45+500代表断面，详细覆盖待核,冲突,需核查规范适用、空间时间和输入原件
E1,监测设施完备性,不施加运行管理屏障修正,,,一致,见原值或状态；未规范化,表述为适用，工程范围待核,工况处理,历史案例验证聚焦工程本体高水位风险，不以无台账资料编造管理得分,SL/Z 679—2015,不作为降低物理风险的正向修正条件,01_K45+500_29项指标取值表.csv:E1,K45+500_历史管涌代表工况_复算结果.json:评价模型结果/二级指标得分/E1,,,K45+500代表断面，详细覆盖待核,交付值已知；证据独立性待核,需核查规范适用、空间时间和输入原件
E2,管理制度健全性,不施加运行管理屏障修正,,,一致,见原值或状态；未规范化,表述为适用，工程范围待核,工况处理,历史案例验证聚焦工程本体高水位风险，不以无台账资料编造管理得分,SL/Z 679—2015,不作为降低物理风险的正向修正条件,01_K45+500_29项指标取值表.csv:E2,K45+500_历史管涌代表工况_复算结果.json:评价模型结果/二级指标得分/E2,,,K45+500代表断面，详细覆盖待核,交付值已知；证据独立性待核,需核查规范适用、空间时间和输入原件
E3,维护记录完整性,不施加运行管理屏障修正,,,一致,见原值或状态；未规范化,表述为适用，工程范围待核,工况处理,历史案例验证聚焦工程本体高水位风险，不以无台账资料编造管理得分,SL/Z 679—2015,不作为降低物理风险的正向修正条件,01_K45+500_29项指标取值表.csv:E3,K45+500_历史管涌代表工况_复算结果.json:评价模型结果/二级指标得分/E3,,,K45+500代表断面，详细覆盖待核,交付值已知；证据独立性待核,需核查规范适用、空间时间和输入原件
E4,应急预案与物资储备,不施加运行管理屏障修正,,,一致,见原值或状态；未规范化,表述为适用，工程范围待核,工况处理,历史案例验证聚焦工程本体高水位风险，不以无台账资料编造管理得分,SL/Z 679—2015,不作为降低物理风险的正向修正条件,01_K45+500_29项指标取值表.csv:E4,K45+500_历史管涌代表工况_复算结果.json:评价模型结果/二级指标得分/E4,,,K45+500代表断面，详细覆盖待核,交付值已知；证据独立性待核,需核查规范适用、空间时间和输入原件
E5,隐患巡查与处置率,不施加运行管理屏障修正,,,一致,见原值或状态；未规范化,表述为适用，工程范围待核,工况处理,历史案例验证聚焦工程本体高水位风险，不以无台账资料编造管理得分,SL/Z 679—2015,不作为降低物理风险的正向修正条件,01_K45+500_29项指标取值表.csv:E5,K45+500_历史管涌代表工况_复算结果.json:评价模型结果/二级指标得分/E5,,,K45+500代表断面，详细覆盖待核,交付值已知；证据独立性待核,需核查规范适用、空间时间和输入原件
