name,version,exists,sha256,bytes
failure_response_barrier_model.py,875基线,True,c031bd3a71d38dd88abe04bec4b481b618b019214047a5b0ddbb3d921f8f62aa,24223
failure_response_barrier_model.py,历史案例,True,c031bd3a71d38dd88abe04bec4b481b618b019214047a5b0ddbb3d921f8f62aa,24223
failure_response_barrier_model.py,补充资料875,True,c031bd3a71d38dd88abe04bec4b481b618b019214047a5b0ddbb3d921f8f62aa,24223
safety_evaluation.py,875基线,True,89808cfe9c4393b42074ca39a209820d5be3ee5ac06aa74a9442ed34b0b9f7bb,45405
safety_evaluation.py,历史案例,True,6216d17378d77959b00d33bf889c4bad9e9a7535283060b1857d53ec112abc31,45582
safety_evaluation.py,补充资料875,True,89808cfe9c4393b42074ca39a209820d5be3ee5ac06aa74a9442ed34b0b9f7bb,45405
core.py,前期research试验入口，非原版基线,True,a217db3eb5f0576ccd54334d4bef6381ad524c2d598e89da56b19da93412336d,16795
legacy_guard.py,前期research试验入口，非原版基线,True,0f28897f260369e404c43a2eda6c43553054991452fa1313af2a3b36c3ff7813,9870
baseline875.py,前期research试验入口，非原版基线,True,250583c12fd56c1204a4bab4a9a3ea6501800c6a9209f68de502cb92f78e3de5,2415
