代码,一级指标,二级指标,本次取值或状态,模型得分,取值类型,依据或计算方法,规范或资料依据,处理说明
A1,工程质量,堤身断面尺寸达标率,顶宽7.0m；外坡1:2.7；内坡1:2.8,0,资料直接值,按代码规则：顶宽≥7.5m、外坡≥1:2.5、内坡≥1:3.0三项均满足为100分，否则0分,GB 50286—2013及断面资料,顶宽和内坡未满足模型采用的控制值；属于设计合规性输入
A2,工程质量,堤身填土质量,质量较差,60,资料直接值,43+676—46+095为质量较差段，按质量较差分档取60分,工程地质报告3.3.3,K45+500处于该范围内
A3,工程质量,穿堤建筑物完好性,不涉及,100,不涉及,代表断面未对应穿堤建筑物，代码以中性值100参与计算,断面范围及建筑物资料,不应表述为已检测合格
A4,工程质量,护坡完好率,非本次管涌模式控制项,,非控制项,护坡完好率不参与本断面高水位管涌风险的主控判定,SL/Z 679—2015,不纳入本次历史管涌案例的控制性评价
A5,工程质量,软基段沉降,累计14.0cm；沉降差4.5cm,100,代表取值,采用原模型K45+500既有输入，均未超过15cm和5cm控制值,SL 265—2016及原模型输入,非2017年现场实测；后续有监测资料时替换
A6,工程质量,内部隐患,蚁穴堤及2017年管涌险情范围,0,资料直接值,历史记录含未消除的蚁穴堤内部隐患，按严重隐患取0分,工程地质报告3.3.3及险情记录,不是由本次数值计算反推
A7,工程质量,堤基不良地质处理,D类堤基,60,资料直接值,地勘分段为D类；无处理质量资料时按模型D类地基保守分档,工程地质报告3.4.5.2,60为模型分档值，不是规范原文分数
A8,工程质量,结合部填筑止水质量,本断面不涉及,100,不涉及,代表断面无结合部建筑物及止水构造,SL/Z 679—2015,按不涉及处理，不表述为检测合格
A9,工程质量,跨堤交叉工程质量,本断面不涉及,100,不涉及,代表断面无跨堤交叉工程,SL/Z 679—2015,按不涉及处理，不表述为检测合格
B1,防洪安全,堤顶高程,36.30m；设计洪水位34.04m；河堤超高2.00m,100,资料直接值,36.30≥34.04+2.00=36.04m，满足设计挡洪高程,GB 50286—2013及断面资料,与35.90m历史高水位代表工况分开使用
B2,防洪安全,防洪标准符合性,符合2级堤防防洪标准,100,资料直接值,设计堤防级别与对应防洪标准相匹配,设计报告5.2.1,采用设计标准符合性结论
B3,防洪安全,风浪爬高与越浪量复核,非本次管涌模式控制项,,非控制项,最不利稳定渗流工况下未将风浪爬高与越浪作为控制变量,GB 50286—2013,不纳入本次历史管涌案例的控制性评价
B4,防洪安全,穿堤建筑物防洪标准,不涉及,,不涉及,代表断面无对应穿堤建筑物,SL/Z 679—2015,不参与本次计算
C1,渗流安全,堤基比降,i=0.865；i_cr=0.827；i/i_cr=1.045,0,计算值,稳态有限差分计算；控制层按各层最大i/i_cr确定；S=100(1-R²)并截断至0—100,Terzaghi临界水力梯度公式及地勘参数,达到临界，为C级硬约束门控依据
C2,渗流安全,排水设施有效性,不施加排水设施屏障修正,,工况处理,本案例以渗流物理响应为依据，排水设施状态不作为额外减风险条件,SL/Z 679—2015,不以无台账资料赋予正向修正
C3,渗流安全,管涌隐患,2017年已确认管涌险情,0,资料直接值,已确认管涌或渗漏状态直接计0分，不以虚构无人机点位数量代替,工程地质报告险情记录,历史验证样本的异常状态映射
C4,渗流安全,堤身渗流稳定系数,i=0.535；堤身i_cr=0.956；i/i_cr=0.560,68.6862,计算值,堤身填土Gs=2.70、e=0.778；S=100(1-R²),Terzaghi公式及地勘参数,堤身参数与C1控制层参数分别采用
C5,渗流安全,堤基接触冲刷安全系数,i=0.535；接触控制i_cr=0.827；i/i_cr=0.647,58.1866,计算值,取堤身—堤基接触带最大坡降；按控制层临界比降计算,Terzaghi公式及地勘参数,接触带坡降来自同一水头场
C6,渗流安全,穿堤建筑物渗流稳定,不涉及,,不涉及,代表断面无穿堤建筑物,SL 214—2015,不参与本次计算
D1,结构安全,背水坡抗滑稳定系数,FoS=1.155,44.4243,计算值,Bishop简化候选圆弧搜索，30条土条；按FoS连续评分函数换算,GB 50286—2013,小于正常运用允许值1.35
D2,结构安全,临水坡抗滑稳定系数,FoS=2.063,100,计算值,Bishop简化候选圆弧搜索，30条土条；临水侧受外水压力作用,GB 50286—2013,大于允许值1.25
D3,结构安全,堤岸冲刷稳定性,冲刷深度0.40m；历史已加固管涌,70,资料直接值,模型规则：冲刷<0.5m但存在已加固重大险情，取70分,工程地质报告险情记录,70为本文分档规则，不是实测冲刷结论
D4,结构安全,穿堤结构安全系数,不涉及,,不涉及,代表断面无穿堤建筑物,SL 214—2015,不参与本次计算
D5,结构安全,堤身不均匀沉降与裂缝,累计14.0cm；沉降差4.5cm,100,代表取值,采用与A5一致的既有沉降输入，均未超过模型控制值,SL/Z 679—2015,作为变形状态输入，不将其作为本次管涌主控因素
E1,运行管理,监测设施完备性,不施加运行管理屏障修正,,工况处理,历史案例验证聚焦工程本体高水位风险，不以无台账资料编造管理得分,SL/Z 679—2015,不作为降低物理风险的正向修正条件
E2,运行管理,管理制度健全性,不施加运行管理屏障修正,,工况处理,历史案例验证聚焦工程本体高水位风险，不以无台账资料编造管理得分,SL/Z 679—2015,不作为降低物理风险的正向修正条件
E3,运行管理,维护记录完整性,不施加运行管理屏障修正,,工况处理,历史案例验证聚焦工程本体高水位风险，不以无台账资料编造管理得分,SL/Z 679—2015,不作为降低物理风险的正向修正条件
E4,运行管理,应急预案与物资储备,不施加运行管理屏障修正,,工况处理,历史案例验证聚焦工程本体高水位风险，不以无台账资料编造管理得分,SL/Z 679—2015,不作为降低物理风险的正向修正条件
E5,运行管理,隐患巡查与处置率,不施加运行管理屏障修正,,工况处理,历史案例验证聚焦工程本体高水位风险，不以无台账资料编造管理得分,SL/Z 679—2015,不作为降低物理风险的正向修正条件
